# Blender 5.0.1
# www.blender.org
mtllib hand.mtl
o Cylinder
v -9.724845 12.687173 -33.891994
v -9.911168 10.472235 -33.922501
v -10.078730 10.584222 -33.997860
v -11.770678 9.150599 -34.151802
v -11.810351 9.353481 -34.211384
v -14.020404 9.539787 -34.362404
v -13.905349 9.715904 -34.407505
v -15.342479 11.411823 -34.430939
v -15.136496 11.459188 -34.471325
v -14.962459 13.670090 -34.317257
v -14.782612 13.562140 -34.365463
v -13.102946 14.991727 -34.087955
v -13.050989 14.792880 -34.151932
v -10.955994 14.430458 -33.955811
v -10.853225 14.602536 -33.877354
v -12.389150 12.086829 -34.599308
v -10.059272 12.607868 -33.586388
v -10.373813 10.738732 -33.680485
v -11.912905 9.644830 -33.870277
v -13.774972 9.966957 -34.044586
v -14.869236 11.516416 -34.101315
v -14.554697 13.385552 -34.007225
v -13.015604 14.479453 -33.817432
v -11.153537 14.157326 -33.643120
v -9.972083 12.585560 -29.373600
v -10.352105 10.327292 -29.487282
v -12.211615 9.005656 -29.716583
v -14.461339 9.394846 -29.927185
v -15.783419 11.266880 -29.995718
v -15.403393 13.525148 -29.882042
v -13.543881 14.846784 -29.652737
v -11.294160 14.457595 -29.442133
v -10.761830 12.392196 -28.044327
v -12.232638 11.908719 -13.249946
v -11.056749 10.639627 -28.132549
v -12.527559 10.156150 -13.338167
v -12.499860 9.613944 -28.310505
v -13.970669 9.130466 -13.516125
v -14.245803 9.915983 -28.473946
v -15.716610 9.432508 -13.679565
v -15.271823 11.368811 -28.527134
v -16.742632 10.885333 -13.732752
v -14.976900 13.121382 -28.438911
v -16.447708 12.637905 -13.644526
v -13.533792 14.147063 -28.260958
v -15.004601 13.663586 -13.466573
v -11.787852 13.845024 -28.097515
v -13.258659 13.361547 -13.303130
v -9.531144 12.730501 -33.808819
v -15.414625 2.947990 -15.873319
v -19.092501 5.912613 -15.087278
v -19.588875 0.625824 -14.685859
v -16.715471 5.455504 -18.678556
v -17.151026 10.422897 -11.906075
v -17.380959 5.825843 -16.174528
v -10.021329 9.850164 -22.098711
v -13.619848 12.662446 -27.451342
v -18.519175 1.900352 -17.449148
v -15.901999 13.534358 -28.600172
v -20.786545 4.023551 -17.793592
v -15.614779 14.043129 -11.519819
v -15.686111 7.752289 -15.381189
v -13.501959 3.989295 -18.022987
v -20.186411 0.861503 -15.633245
v -12.001155 2.362663 -18.018141
v -11.498432 10.744896 -22.085651
v 14.695331 44.939449 26.824564
v -13.307828 4.211563 -18.646740
v -11.235226 6.149932 -17.432650
v -0.170646 43.687378 16.646183
v -20.778814 4.481492 -18.603518
v -12.615727 1.857337 -16.881695
v -10.212272 5.577194 -18.334280
v -15.681205 3.184721 -19.765085
v -12.583466 1.862823 -18.225294
v -10.955726 7.555434 -22.443035
v -12.730978 6.566969 -24.083672
v -20.380875 5.136360 -19.548473
v -15.227468 9.690331 -16.974642
v -11.389533 12.146267 -17.647831
v -8.518781 15.242696 -19.782654
v 20.769831 36.665649 -5.526438
v 19.954704 36.222954 -6.448126
v -5.643600 58.963722 21.838285
v -15.674493 2.333152 -16.044357
v -16.329527 2.151657 -15.652371
v -16.053703 2.554985 -15.288721
v -15.253189 3.781837 -16.494043
v -14.691618 3.754287 -16.990324
v -14.628248 3.112724 -16.452568
v -14.720700 2.455505 -16.320080
v -15.796434 3.147278 -14.838701
v -15.548090 3.524093 -15.371305
v -15.539124 4.059768 -15.975850
v -18.357321 6.163986 -14.574642
v -18.539171 5.946175 -13.999295
v -19.078857 5.412781 -14.523137
v -19.688032 5.015671 -15.018391
v -19.962893 5.672447 -15.279262
v -20.384008 6.467140 -15.267838
v -19.682693 6.605133 -15.323376
v -19.075199 6.682190 -15.721506
v -18.604504 6.123977 -15.624734
v -18.008743 6.171081 -15.283913
v -19.383343 0.865318 -14.390762
v -18.896860 0.708832 -14.767643
v -19.282909 0.538643 -15.147570
v -19.785057 0.640877 -15.418595
v -19.955290 0.808746 -14.860269
v -19.853834 1.165222 -14.397793
v -15.983617 5.552764 -18.969509
v -15.610193 4.876168 -18.303200
v -16.124619 4.819961 -17.866470
v -17.721399 6.055671 -18.438250
v -17.591581 6.522705 -19.259983
v -16.799574 6.142028 -19.490488
v -16.121527 6.051811 -19.588713
v -16.541561 4.943244 -16.989357
v -17.216076 5.425025 -17.326418
v -17.406191 9.749611 -12.615195
v -18.018124 10.104454 -12.995866
v -18.232744 10.790848 -12.625125
v -18.543518 11.910811 -12.497575
v -17.243952 11.969092 -11.839921
v -16.109610 12.145851 -11.238651
v -16.204950 10.588715 -11.075238
v -16.950243 9.187843 -11.576762
v -17.228195 9.049316 -12.321720
v -16.357672 9.255569 -10.842010
v -16.511770 5.409965 -16.194021
v -18.137756 6.071097 -16.447203
v -17.892807 5.958992 -17.385654
v -16.247234 6.067162 -15.582598
v -16.938259 6.424667 -15.403649
v -17.534704 6.727592 -14.819785
v -10.093809 9.681299 -22.445036
v -10.219870 9.060223 -22.019604
v -10.079640 9.428459 -21.674629
v -10.091654 9.797656 -21.378475
v -10.054671 10.219475 -22.023571
v -10.160686 10.223372 -22.592541
v -12.581948 13.857889 -27.128174
v -12.868521 14.758001 -27.502998
v -13.769460 13.932013 -27.922333
v -14.461904 13.374431 -28.219957
v -14.316081 12.222122 -27.891186
v -13.382599 12.301798 -26.861025
v -12.469837 13.290650 -26.625374
v -14.283592 11.091886 -27.641537
v -13.908608 11.265288 -27.289787
v -13.699454 11.329591 -26.870989
v -18.883730 2.504050 -18.590662
v -20.051714 3.165313 -18.361740
v -19.695026 2.385627 -17.411755
v -17.504925 1.804077 -17.793430
v -17.675365 2.113732 -18.634079
v -17.844782 1.590072 -16.787825
v -17.228704 1.689743 -17.163069
v -18.999819 1.421913 -16.653589
v -18.379505 1.209175 -16.316322
v -19.756247 1.814491 -16.660185
v -16.438936 13.560609 -28.405584
v -16.425043 12.488850 -28.324890
v -15.731986 12.689400 -28.525978
v -15.072380 12.982492 -28.455677
v -15.511366 13.955219 -28.531374
v -16.157612 14.295980 -28.286850
v -20.848265 4.263336 -16.850988
v -20.458319 3.331726 -16.330984
v -20.301970 2.943214 -16.978407
v -21.158800 5.363936 -18.593163
v -21.399391 5.312592 -17.707743
v -21.338144 5.274086 -16.927286
v -20.253763 3.930618 -19.034901
v -16.091099 15.414718 -12.515400
v -14.310228 16.726469 -12.520313
v -13.688797 15.893638 -11.679300
v -17.359911 13.363336 -12.131976
v -14.142910 13.697202 -10.937014
v -14.922002 12.164625 -10.751512
v -12.759143 15.418068 -11.240546
v -17.605965 14.526428 -12.859087
v -16.164991 8.345932 -15.562282
v -16.603624 8.332763 -15.081229
v -16.524870 7.916267 -14.985648
v -16.639019 7.178024 -15.021156
v -15.958454 6.852066 -15.288986
v -15.143162 6.380744 -15.109368
v -14.638183 7.142586 -15.118036
v -13.858150 7.853706 -15.425232
v -14.809601 8.232690 -15.814711
v -15.534195 8.588868 -16.008436
v -13.949198 4.819504 -18.241659
v -13.473164 5.117941 -18.151020
v -13.296259 4.578429 -18.294540
v -13.088052 3.621437 -18.151510
v -12.457827 3.186881 -17.651440
v -12.759204 3.342407 -17.286234
v -13.249571 3.298835 -16.966089
v -13.775513 3.865767 -17.643427
v -14.310934 4.526289 -18.176861
v -20.361835 1.124588 -15.185747
v -20.026894 1.219230 -16.096830
v -20.423908 1.615883 -15.708962
v -19.427519 0.924790 -16.055475
v -12.346887 2.559471 -18.302509
v -12.417450 2.153488 -18.296335
v -12.102949 2.049430 -17.937851
v -11.978243 2.058906 -17.561497
v -11.916228 2.507483 -17.694433
v -12.345485 2.932724 -18.039852
v -11.153540 10.891993 -22.233896
v -11.106133 10.662222 -21.549351
v -11.585715 10.477471 -21.640959
v -12.011994 10.145312 -22.007414
v -11.789089 10.495582 -22.498121
v -11.443099 10.698351 -22.890390
v 15.304289 47.379852 28.077473
v 15.557774 46.316730 26.563763
v 15.806422 45.114880 25.441818
v 14.608633 43.772228 25.558542
v 15.586054 48.064480 27.665180
v -13.505917 3.565696 -18.793524
v -12.960116 3.278563 -18.420692
v -12.415957 4.537216 -18.430573
v -12.133490 4.409089 -18.980789
v -12.942944 4.178946 -19.136341
v -13.702576 3.844833 -19.191259
v -12.644259 4.839386 -18.066929
v -11.160582 6.554283 -17.596300
v -10.679874 6.340858 -17.582302
v -11.032119 5.898696 -17.460674
v -11.712642 6.079118 -17.516542
v -11.743303 6.577895 -17.780491
v -11.572861 5.617446 -17.481337
v -1.541463 46.281841 16.274050
v 1.179984 41.970680 18.162819
v -0.351623 44.857155 15.254715
v -1.382708 46.883320 15.508338
v 0.655254 42.209068 15.760994
v 0.236507 43.427643 14.517806
v 1.766864 41.086136 17.087402
v -12.417527 2.207382 -16.742689
v -12.028443 2.120017 -17.139900
v -12.445109 1.748161 -17.187256
v -13.243033 1.524689 -17.279566
v -13.232915 1.744591 -16.893118
v -13.192285 2.175499 -16.617964
v -10.434463 5.237327 -18.393396
v -10.623873 5.282081 -17.910835
v -10.282475 5.736855 -18.019798
v -10.054008 6.331801 -18.391754
v -10.047022 5.987046 -18.726292
v -10.269914 5.637482 -19.014530
v -15.699728 3.587164 -20.797047
v -17.251642 3.644149 -20.994781
v -17.305618 3.324280 -19.979185
v -14.525417 3.659325 -19.852282
v -14.426023 3.838210 -20.629337
v -17.555391 2.638244 -19.391125
v -16.193909 2.362358 -19.296289
v -15.025674 2.105369 -19.046751
v -14.676824 2.697441 -19.326601
v -14.270500 3.308342 -19.309053
v -12.413709 1.733414 -17.915457
v -13.074825 2.294631 -18.644619
v -13.167580 1.877258 -18.451551
v -13.224898 1.603440 -18.080885
v -11.440567 6.900054 -22.468676
v -11.482687 6.422010 -21.585953
v -10.933294 6.872261 -21.483818
v -10.503836 7.327476 -21.194267
v -10.514253 7.986793 -21.918566
v -10.671050 8.382645 -22.970488
v -10.930295 8.161592 -23.774965
v -11.260068 7.663276 -23.471912
v -11.636917 7.184294 -23.335192
v -10.422009 8.683052 -22.442909
v -12.328133 6.885931 -24.145741
v -12.831993 6.839087 -24.950655
v -13.213297 6.470572 -24.615423
v -13.572020 5.985603 -24.060711
v -12.720556 6.298841 -23.530918
v -12.105189 6.729996 -23.332195
v -21.222589 6.971694 -19.312025
v -21.654089 6.701713 -18.329834
v -18.846207 3.845772 -20.028534
v -18.772987 4.323799 -20.986116
v -20.045446 5.654220 -20.707058
v -21.060600 7.181716 -20.600859
v -18.959137 3.099792 -19.408155
v -14.661408 9.770150 -16.983715
v -15.036565 10.712224 -17.763433
v -15.710690 10.207747 -17.441362
v -15.554724 9.262146 -16.617929
v -14.949301 8.996421 -16.448481
v -16.183540 9.719123 -17.025963
v -10.005633 13.564614 -18.720201
v -10.316551 13.508461 -20.398954
v -11.604024 12.788436 -19.753279
v -10.426125 11.939079 -16.220285
v -9.585704 13.367288 -17.009169
v -11.839128 10.256851 -16.284620
v -11.063706 10.228813 -15.387593
v -12.960671 12.282331 -19.422003
v -12.867852 11.553045 -17.882421
v -12.819601 10.168022 -16.794664
v -7.914661 16.414169 -21.300997
v -8.728649 15.633680 -22.325150
v -9.184895 14.609200 -21.332157
v -7.078279 16.443411 -19.243675
v -6.678559 17.091063 -20.674454
v -8.462313 14.864768 -17.600885
v -7.427185 15.968582 -17.558134
v 19.434120 36.750397 -5.184641
v 21.832981 36.296532 -5.924919
v 20.908068 37.204853 -4.405511
v 19.367544 37.195847 -4.219184
v 22.488218 36.834404 -4.407098
v 17.716467 36.719910 -4.582635
v 17.663586 36.484760 -5.320794
v 17.310970 36.070778 -6.411399
v 19.025311 35.380875 -7.949319
v -5.895349 58.942997 22.106379
v -5.993020 58.465939 21.760592
v -5.605580 58.648838 21.487003
v -4.930906 59.070774 21.213884
v -5.091237 59.370022 21.683592
v -5.250305 59.554218 22.047535
v 15.104806 51.313969 30.171030
v 15.323934 49.425522 29.186785
v 15.143619 51.712879 29.712301
v 15.406250 49.926281 28.748400
v 15.174256 52.268173 29.091488
v 15.511829 50.636986 28.130587
v 15.820856 48.973801 27.105967
v 16.168564 47.494843 26.050900
v 15.571424 51.622169 27.258526
v 16.010450 50.193691 26.267048
v 16.565878 49.005119 25.220577
v 17.205549 47.996147 24.145477
v 16.717663 46.468662 24.969666
v 15.990744 51.539883 25.152201
v 16.533489 50.439896 24.081850
v 17.189508 49.364964 23.010040
v 17.937622 48.282436 21.876982
v 17.937799 46.900204 22.954920
v 16.148268 51.701042 22.750370
v 16.741438 50.586040 21.679808
v 17.437910 49.521633 20.598101
v 18.201481 48.502953 19.456982
v 18.696537 47.229683 20.679211
v 15.956300 51.641266 20.277367
v 16.603067 50.533051 19.227922
v 17.363743 49.509106 18.137409
v 18.185516 48.513626 16.983929
v 18.985401 47.500839 18.258318
v 15.582472 51.358727 17.838459
v 16.312820 50.269550 16.789867
v 17.122585 49.236546 15.688612
v 17.970984 48.214714 14.522186
v 19.024475 47.485840 15.784107
v 15.085570 50.803879 15.481772
v 15.856565 49.701275 14.437459
v 16.685167 48.665321 13.317178
v 15.213536 48.852406 12.219665
v 15.988391 47.814098 11.100065
v 17.491760 47.622025 12.153504
v 18.787317 47.148872 13.330153
v 14.431923 49.933887 13.277842
v 12.867188 49.929806 12.251820
v 13.593900 48.775581 11.279533
v 13.718463 51.143116 14.231059
v 12.194478 51.239933 13.103948
v 10.536026 51.074463 12.162251
v 11.203334 49.710121 11.378070
v 13.078121 52.452179 15.128902
v 11.559247 52.638180 13.928616
v 9.880296 52.520107 12.936543
v 8.108088 52.106140 12.198514
v 8.790330 50.633682 11.461034
v 10.960838 54.066875 14.774645
v 9.242847 53.983955 13.749255
v 7.421089 53.591927 12.994715
v 5.590046 52.941525 12.490834
v 6.321771 51.432682 11.734317
v 8.609188 55.422951 14.662160
v 6.729043 55.041927 13.894824
v 4.843800 54.408089 13.370578
v 3.013596 53.574993 13.077651
v 3.813896 52.074448 12.259311
v 6.042247 56.432190 14.882970
v 4.103949 55.812202 14.348469
v 2.227357 54.994789 14.054588
v 0.480829 54.010399 14.056425
v 1.314068 52.544220 13.123670
v 3.385910 57.118454 15.427434
v 1.473825 56.327255 15.136513
v -0.300400 55.396130 15.119628
v -1.803807 54.403290 15.420128
v -1.022452 52.932320 14.393433
v 0.767674 57.554638 16.291454
v -0.996822 56.668674 16.292353
v -2.467491 55.779709 16.562822
v -3.540524 55.025505 16.992601
v -2.925724 53.535641 15.894077
v -1.614851 57.814518 17.486897
v -3.004058 56.997097 17.747522
v -4.021258 56.324116 18.118908
v -4.712664 55.838688 18.503193
v -4.282688 54.476410 17.429514
v -3.413293 57.978809 18.824940
v -4.368728 57.337795 19.129511
v -5.020036 56.880024 19.470936
v -5.461434 56.603947 19.760630
v -5.186400 55.507214 18.845062
v -4.601111 58.081062 19.973011
v -5.224016 57.660835 20.237980
v -5.668363 57.391407 20.521513
v -6.071146 57.173325 20.830217
v -5.849875 56.355431 20.056437
v -5.396567 58.239311 20.905201
v -5.851645 57.979649 21.179462
v -6.205072 57.838604 21.474604
v -6.212210 58.417789 21.983690
v -5.982559 59.006073 22.292667
v -5.581163 55.247013 19.160658
v -5.219366 53.785862 18.179968
v -4.804026 54.088032 17.820143
v -4.620409 52.065777 17.281170
v -4.220496 52.408794 16.873936
v -3.678087 52.880150 16.418200
v -3.407639 50.642689 16.128841
v -2.912968 51.182587 15.586699
v -2.147292 51.938675 14.978729
v -1.977101 49.425537 15.028343
v -1.248020 50.296558 14.254293
v -0.137605 51.396935 13.558349
v -0.285025 48.702011 13.683119
v 0.775964 49.863674 12.882370
v 2.170257 51.024338 12.379255
v 1.627328 48.352394 12.291139
v 2.982623 49.492821 11.753263
v 4.582716 50.542599 11.571965
v 3.685109 47.979721 11.112149
v 5.293754 49.020741 10.932682
v 7.021292 49.931141 11.048929
v 5.931136 47.596191 10.230327
v 7.680752 48.516663 10.345607
v 9.457211 49.242401 10.720080
v 8.313231 47.239922 9.544124
v 10.114271 47.978382 9.905628
v 11.888357 48.491020 10.493417
v 10.765284 46.892403 8.934191
v 12.578693 47.433861 9.474740
v 14.334258 47.743111 10.202538
v 13.260937 46.491463 8.355943
v 15.054729 46.766273 9.065192
v 16.738945 46.790527 9.940733
v 15.743470 45.803524 7.898736
v 17.451658 45.763695 8.763432
v 19.003035 45.474537 9.780387
v 18.262392 46.552536 10.972311
v 20.353336 44.956337 10.922369
v 19.585789 46.065300 12.127399
v 21.451750 44.211620 12.159824
v 20.655256 45.328972 13.370381
v 19.836943 46.414242 14.577384
v 21.386461 44.327263 14.664302
v 20.563206 45.392708 15.853109
v 19.773024 46.460056 17.050257
v 20.925552 44.097855 17.122610
v 20.148529 45.148880 18.280872
v 19.425510 46.195778 19.464767
v 20.060198 43.622013 19.424957
v 19.344116 44.690079 20.569231
v 18.650051 45.778797 21.743044
v 18.721024 43.146687 21.478468
v 18.061172 44.301460 22.627529
v 17.388386 45.452587 23.790829
v 16.993725 42.904846 23.240519
v 16.355627 44.036839 24.341208
v 15.602829 41.623035 23.456348
v 15.008523 42.723995 24.488924
v 13.943875 40.396389 23.313061
v 13.322382 41.381798 24.248903
v 12.851606 42.127800 25.134134
v 11.509327 40.243217 23.724871
v 11.002771 40.851425 24.476122
v -3.778702 50.252220 16.577734
v -2.714834 48.388733 16.229473
v -2.427112 48.821495 15.679207
v -0.995935 47.671799 14.621307
v -0.102515 46.011589 14.099395
v 0.592347 47.194870 13.092881
v 0.462271 44.655964 13.313247
v 1.218564 45.803238 12.322991
v 2.302986 46.890247 11.592193
v 1.668961 44.445477 11.400603
v 2.828026 45.480648 10.749981
v 4.275877 46.547871 10.369367
v 3.262846 44.173859 9.749183
v 4.776539 45.241699 9.464558
v 6.516929 46.312302 9.388965
v 5.245621 44.145756 8.347028
v 7.061584 45.237755 8.353184
v 8.923260 46.150055 8.568072
v 7.632145 44.297947 7.205195
v 9.533534 45.219185 7.456722
v 11.407104 45.961342 7.829524
v 10.163439 44.384518 6.271222
v 12.050941 45.108990 6.658215
v 13.926750 45.588993 7.194040
v 12.711941 44.275452 5.458933
v 14.587884 44.690434 6.009820
v 16.411886 44.837498 6.716316
v 15.251420 43.786633 4.811653
v 17.060183 43.855881 5.534356
v 18.787916 43.687332 6.393332
v 18.133848 44.728432 7.579628
v 20.389471 43.296993 7.387049
v 19.712179 44.389671 8.585364
v 21.804583 42.702267 8.502279
v 21.095747 43.833527 9.715848
v 22.959112 41.912033 9.716133
v 22.217583 43.067261 10.947471
v 23.752457 40.947235 10.980059
v 23.004368 42.098637 12.242414
v 22.218048 43.236038 13.463139
v 23.379673 40.886196 13.520245
v 22.568537 41.986637 14.760861
v 21.740005 43.052845 15.959611
v 22.443050 40.497948 15.864669
v 21.633659 41.533138 17.091949
v 20.829395 42.568752 18.277584
v 20.994946 39.905979 17.889759
v 20.191339 40.956203 19.112822
v 19.429302 42.034546 20.312143
v 19.125441 39.441357 19.589664
v 18.358328 40.556755 20.832937
v 17.650276 41.712532 22.061243
v 16.997114 39.226017 21.037676
v 16.275610 40.418770 22.281458
v 15.410712 38.027393 20.962557
v 14.660454 39.218464 22.194214
v 13.646877 37.005035 20.591452
v 12.870428 38.182285 21.789171
v 12.132694 39.326241 22.860750
v 11.004784 37.429359 21.050604
v 10.264888 38.555420 22.107222
v 9.629121 39.468395 22.978277
v 8.456488 38.200352 21.074734
v 7.812782 39.150051 22.021105
v 7.261060 39.754406 22.852386
v 9.129608 40.038425 23.695118
v 2.579528 41.028698 19.533768
v 3.965355 40.357716 20.789604
v 4.630851 39.659359 19.697800
v 3.184167 40.262260 18.427336
v 5.521900 39.918049 21.906132
v 6.154208 39.261681 20.902401
v 6.806235 38.288567 19.834293
v 5.283476 38.688190 18.513243
v 5.957886 37.621464 17.273748
v 4.417256 38.191929 15.824729
v 3.796682 39.250923 17.141340
v 7.501382 37.188309 18.693830
v 8.219960 36.115311 17.499296
v 6.637546 36.577160 16.053473
v 9.178627 37.088360 19.991379
v 9.938711 35.977669 18.812880
v 10.730288 34.960400 17.553829
v 8.981296 35.119957 16.260778
v 11.783606 36.281319 19.875225
v 12.582916 35.201569 18.614468
v 13.391495 34.228481 17.292921
v 11.540639 34.044365 16.256794
v 14.441792 35.887112 19.318411
v 15.247593 34.858406 17.987219
v 16.052818 33.904671 16.621675
v 14.192075 33.308487 15.957791
v 16.189816 36.893032 19.674591
v 16.989605 35.840355 18.338949
v 17.801437 34.862202 16.962212
v 18.610432 33.935211 15.556107
v 16.842699 33.004021 15.239236
v 18.562174 37.028313 18.440338
v 19.379496 36.028732 17.074068
v 20.211130 35.079708 15.664433
v 21.029285 34.170193 14.205054
v 19.398127 33.039635 14.132352
v 20.746355 37.359859 16.988543
v 21.594370 36.386574 15.606319
v 22.433731 35.453472 14.131433
v 23.204248 34.559826 12.553233
v 21.789919 33.289036 12.699069
v 22.643091 37.874722 15.293700
v 23.478825 36.875553 13.847415
v 24.265093 35.897301 12.266079
v 25.009010 34.897720 10.624395
v 23.921066 33.615078 10.970143
v 24.065224 38.366352 13.209727
v 24.877136 37.314224 11.703419
v 25.655090 36.225815 10.059018
v 25.719360 37.519417 9.221127
v 26.445383 36.326176 7.519153
v 26.400789 35.055450 8.342595
v 25.703358 33.795464 8.954434
v 24.944216 38.664703 10.794408
v 24.502419 39.799812 9.642245
v 25.237703 38.626858 8.192227
v 24.153301 39.769558 12.210745
v 23.256380 39.434265 14.589924
v 21.805721 38.883720 16.621725
v 19.923883 38.376240 18.313782
v 17.764189 38.090847 19.759218
v 24.359694 39.593082 7.076118
v 24.991747 38.482243 5.608984
v 25.919144 37.457317 6.601810
v 23.679056 40.750233 8.438296
v 22.482752 41.564667 7.258122
v 23.121597 40.455723 5.965291
v 21.641203 41.145885 4.920229
v 22.219658 40.145802 3.609078
v 23.724173 39.392929 4.580541
v 21.030762 42.206696 6.173361
v 19.413960 42.646122 5.199868
v 20.017733 41.628742 3.976721
v 18.323460 41.878971 3.141412
v 18.927586 40.928406 1.906214
v 20.596163 40.663193 2.712650
v 17.696337 42.860794 4.348520
v 15.925184 42.841206 3.620229
v 16.601286 41.885014 2.421212
v 14.888586 41.609348 1.834836
v 15.633417 40.673756 0.631706
v 17.264462 40.938824 1.205651
v 14.137496 42.535595 3.035837
v 12.387577 41.939682 2.585352
v 13.226577 41.040112 1.389353
v 13.408564 43.425911 4.241905
v 11.586069 42.797009 3.795709
v 9.834666 41.883938 3.478741
v 10.731798 41.070950 2.249551
v 10.839067 43.595257 5.049679
v 9.010066 42.666679 4.743191
v 7.347800 41.513397 4.543239
v 8.276340 40.726147 3.269268
v 8.273128 43.453514 5.992947
v 6.509544 42.328735 5.843531
v 5.808608 43.192959 7.119304
v 4.349262 42.043568 7.235441
v 5.153525 41.139557 5.853878
v 6.091250 40.278698 4.507351
v 7.099507 39.453812 3.207532
v 4.211224 39.911846 6.113889
v 5.208148 38.985664 4.740611
v 6.275560 38.093193 3.477214
v 7.344969 37.232079 2.303448
v 8.150959 38.645008 1.992397
v 4.751985 37.698219 5.402889
v 5.824128 36.774727 4.178784
v 6.888243 35.870319 3.058545
v 7.912373 35.010536 2.031674
v 8.392898 36.425453 1.217876
v 5.811101 35.624935 5.295041
v 6.825920 34.697460 4.205457
v 7.807006 33.781799 3.213664
v 8.717921 32.996243 2.335890
v 8.826343 34.290012 1.145046
v 7.177809 33.774548 5.622145
v 8.101383 32.819836 4.634717
v 9.024658 31.956995 3.743328
v 9.781515 31.368898 2.933726
v 9.295871 32.573627 1.719293
v 8.886411 32.099274 6.151716
v 9.779831 31.228373 5.177593
v 10.593451 30.512718 4.208185
v 11.057258 30.133932 3.475064
v 10.124698 31.165035 2.458598
v 10.933223 30.620296 6.536082
v 11.737918 29.857798 5.445384
v 12.314643 29.315872 4.453332
v 12.626057 29.004452 3.647210
v 11.312815 29.970123 2.926037
v 13.132626 29.313086 6.588204
v 13.734810 28.620003 5.375787
v 14.084716 28.137491 4.359567
v 14.269463 27.799511 3.535057
v 12.762926 28.868904 3.077920
v 15.196508 28.067053 6.297066
v 15.601084 27.385052 5.131478
v 15.818078 26.796772 4.117409
v 15.886421 26.386560 3.295053
v 14.323651 27.633797 2.927911
v 17.154882 26.929117 5.995448
v 17.455879 26.170145 4.875696
v 17.605801 25.464649 3.847665
v 17.518528 24.959173 2.896737
v 15.875843 26.163521 2.592081
v 19.278786 26.044748 5.529884
v 19.451727 25.175846 4.296210
v 19.388559 24.415468 3.082204
v 19.011019 23.844564 1.871359
v 17.239408 24.686102 2.055991
v 21.354467 25.279703 4.381920
v 21.239046 24.348125 2.942050
v 20.797012 23.609858 1.501256
v 20.098637 23.050333 0.225425
v 18.390589 23.507828 0.891242
v 23.065077 24.620644 2.462819
v 22.568203 23.778955 0.859440
v 21.748798 23.095358 -0.624446
v 20.696291 22.507797 -1.898446
v 19.194063 22.601831 -0.832956
v 24.210556 24.265472 -0.029444
v 23.281479 23.490326 -1.670634
v 22.055559 22.822420 -3.101374
v 23.218309 23.452761 -4.407435
v 21.622637 22.744125 -5.712795
v 20.634523 22.183699 -4.321587
v 19.424875 21.962120 -3.000359
v 24.618399 24.184162 -2.875881
v 25.654970 25.148005 -4.167201
v 24.058918 24.368412 -5.778011
v 25.677670 25.046061 -1.076044
v 26.868801 26.103037 -2.231151
v 27.593264 27.469551 -3.374250
v 26.246332 26.447044 -5.373041
v 26.260506 26.129416 0.858829
v 27.495171 27.272301 -0.145780
v 28.248053 28.724445 -1.208157
v 28.230499 30.371082 -2.180661
v 27.563288 29.153593 -4.357965
v 27.546993 28.582695 1.893741
v 28.276098 30.013330 0.936375
v 28.254469 31.578426 -0.016553
v 27.627531 33.111095 -0.850915
v 27.578341 32.001896 -2.961865
v 27.941975 31.289658 2.908651
v 27.934277 32.774376 1.979923
v 27.365732 34.208298 1.135166
v 26.394171 35.498344 0.431005
v 26.620857 34.519604 -1.519724
v 27.550087 33.949074 3.868457
v 27.002678 35.289902 3.039708
v 26.030052 36.483105 2.282018
v 24.722744 37.497639 1.519566
v 25.114716 36.619011 -0.189678
v 26.520061 36.340683 4.876788
v 25.554745 37.443092 4.008443
v 24.258232 38.417641 3.107900
v 22.749912 39.208443 2.225119
v 23.225744 38.345303 0.779257
v 21.616480 38.936779 0.056021
v 22.034466 38.193542 -1.314419
v 23.629276 37.541439 -0.765086
v 21.133566 39.762867 1.404228
v 19.486242 40.034924 0.652382
v 19.980465 39.218937 -0.616144
v 18.415218 39.193302 -1.191337
v 18.845219 38.419762 -2.281596
v 20.408283 38.503567 -1.861840
v 17.877863 40.031754 -0.008110
v 16.318077 39.761227 -0.550774
v 16.886061 38.900436 -1.632637
v 15.339713 38.409069 -1.874156
v 15.650880 37.749866 -2.511681
v 17.274841 38.154404 -2.528908
v 14.811410 39.224926 -0.942878
v 13.386048 38.458870 -1.166876
v 13.828281 37.766838 -1.822621
v 14.063701 40.124451 0.193565
v 12.605698 39.339203 -0.115607
v 11.311714 38.344486 -0.285881
v 12.079198 37.504551 -1.147651
v 11.665940 40.227936 1.057383
v 10.285829 39.170334 0.837349
v 9.269268 39.946636 2.028957
v 9.199169 37.873440 0.842558
v 10.223432 37.086277 -0.202795
v 10.888811 36.464367 -0.841865
v 9.355508 35.696953 0.266642
v 9.882401 35.262829 -0.209631
v 10.130285 35.083977 -0.359732
v 11.123417 36.187260 -1.054099
v 9.320400 33.924202 0.676937
v 9.586747 33.784924 0.478189
v 9.777416 33.697460 0.356686
v 10.317484 34.923931 -0.487432
v 9.570402 32.416588 1.427531
v 9.798679 32.352997 1.235593
v 9.979391 32.305172 1.047542
v 9.963776 33.593346 0.214778
v 10.361282 31.085329 2.117535
v 10.523077 31.049717 1.859036
v 10.623653 30.998831 1.643641
v 10.084752 32.235931 0.878735
v 11.459746 29.897837 2.540111
v 11.584432 29.868080 2.230082
v 11.633047 29.797230 1.941539
v 10.682122 30.929586 1.422053
v 12.839629 28.790609 2.651680
v 12.874518 28.730751 2.285547
v 12.795469 28.590397 1.986200
v 11.563876 29.665165 1.717434
v 14.353737 27.544357 2.435845
v 14.280042 27.422213 2.040047
v 14.026496 27.182161 1.793740
v 12.590935 28.354790 1.850337
v 15.759995 26.032709 2.035929
v 15.445591 25.807114 1.613321
v 14.964600 25.507301 1.338768
v 13.635044 26.847284 1.671456
v 16.819275 24.472538 1.378987
v 16.275944 24.196394 0.849023
v 15.514486 23.840315 0.316734
v 14.313032 25.130630 1.015329
v 17.676353 23.194942 0.085820
v 16.765568 22.796671 -0.640038
v 15.623205 22.371534 -1.385230
v 14.497915 23.380045 -0.281012
v 18.100437 22.161243 -1.762262
v 16.808630 21.718021 -2.626153
v 15.363049 21.272177 -3.443503
v 14.267195 21.909428 -2.129935
v 17.996500 21.461645 -3.964593
v 16.432936 20.980335 -4.849524
v 17.401016 21.056284 -6.306037
v 15.693975 20.590246 -7.160270
v 14.792880 20.529985 -5.667776
v 13.794639 20.824331 -4.227789
v 19.060181 21.586136 -5.375360
v 19.921232 22.080145 -6.822731
v 18.184162 21.507103 -7.793649
v 18.722412 22.378210 -9.200814
v 16.988079 21.951292 -10.067513
v 16.431664 21.048225 -8.657249
v 20.507065 22.938837 -8.225932
v 20.821596 24.179197 -9.472253
v 19.052872 23.686787 -10.423669
v 22.301069 23.618109 -7.094812
v 22.669115 24.830482 -8.354061
v 22.653372 26.395069 -9.202098
v 20.854296 25.805628 -10.309824
v 24.512766 25.592144 -7.031735
v 24.483892 27.150919 -7.916498
v 24.017502 28.859556 -8.452726
v 22.270468 28.145359 -9.675898
v 26.240620 28.062580 -6.337336
v 25.678602 29.764812 -6.962321
v 24.765905 31.410164 -7.388467
v 23.156738 30.560329 -8.758644
v 26.948503 30.861872 -5.082273
v 26.000076 32.434952 -5.603996
v 24.891270 33.897926 -5.998316
v 23.678812 32.965160 -7.709712
v 26.594229 33.530193 -3.573285
v 25.415386 34.890278 -4.025891
v 24.020044 36.031334 -4.287243
v 23.601860 35.192532 -6.203684
v 25.389946 35.778534 -2.026057
v 23.942724 36.782299 -2.426312
v 22.375782 37.498207 -2.789104
v 20.779428 37.823658 -3.118509
v 19.185532 37.771526 -3.316061
v 17.540123 37.531410 -3.271186
v 17.674191 37.054092 -3.897636
v 15.827934 36.839634 -3.434868
v 15.757749 36.575069 -3.943198
v 15.802598 37.238564 -2.979850
v 14.170057 36.857433 -2.531928
v 14.166980 36.513832 -2.883553
v 14.057895 37.274883 -2.228600
v 12.416117 37.054665 -1.524664
v 12.606617 36.688824 -1.781240
v 12.710830 36.361080 -1.993659
v 12.715085 36.070251 -2.274297
v 11.310874 35.930519 -1.224751
v 11.434346 35.699188 -1.363333
v 11.469930 35.483074 -1.565802
v 11.382373 35.351830 -1.822882
v 12.618178 35.895142 -2.606770
v 10.462018 34.759453 -0.619771
v 10.562011 34.607162 -0.758948
v 10.519834 34.495193 -0.945746
v 10.365082 34.447548 -1.126912
v 11.244216 35.282173 -2.056753
v 10.090795 33.476063 0.056330
v 10.108617 33.389381 -0.095876
v 9.937532 33.327888 -0.233556
v 9.771757 33.267323 -0.338950
v 10.174808 34.403786 -1.282538
v 10.145631 32.161690 0.718654
v 10.048394 32.060066 0.582714
v 9.872013 31.992445 0.511836
v 9.637471 31.930868 0.439020
v 9.569087 33.214298 -0.441624
v 10.620951 30.822470 1.250361
v 10.442361 30.693085 1.153073
v 10.198598 30.570757 1.114725
v 9.901830 30.416376 1.065120
v 9.328146 31.838535 0.362025
v 11.367646 29.472553 1.631816
v 11.130689 29.293217 1.618479
v 10.800866 29.051655 1.582104
v 10.284266 28.703564 1.452829
v 9.434960 30.155066 0.941906
v 12.301581 28.066963 1.809259
v 11.911690 27.733719 1.741741
v 11.296847 27.304272 1.585795
v 10.270959 26.676172 1.267375
v 9.401048 28.152063 1.199184
v 13.110942 26.451796 1.525919
v 12.368903 25.956926 1.273615
v 11.220674 25.287613 0.861369
v 9.792421 24.604549 0.208385
v 8.913611 25.949232 0.672634
v 13.427703 24.626865 0.630913
v 12.195675 24.020664 0.066826
v 10.744167 23.401749 -0.608190
v 9.192595 22.874193 -1.409535
v 8.252877 24.016479 -0.615835
v 13.202452 22.849270 -0.943776
v 11.737576 22.325821 -1.656667
v 10.173247 21.849865 -2.432164
v 8.580768 21.470701 -3.279194
v 7.628749 22.449673 -2.290806
v 12.760852 21.448732 -2.884849
v 11.171415 21.015026 -3.655296
v 9.548827 20.679693 -4.480869
v 10.503674 20.113008 -5.826436
v 8.850533 19.885307 -6.663731
v 7.924888 20.420406 -5.341006
v 6.989349 21.189354 -4.178087
v 12.160336 20.430063 -5.018316
v 13.109260 20.141161 -6.474386
v 11.416358 19.861185 -7.284413
v 12.259313 19.930990 -8.786658
v 10.557878 19.736704 -9.588307
v 9.736815 19.640154 -8.099326
v 13.972115 20.216272 -7.979392
v 14.705458 20.696129 -9.468606
v 12.990617 20.414696 -10.264169
v 13.570152 21.306555 -11.634482
v 11.859108 21.074951 -12.371695
v 11.278561 20.195835 -11.044868
v 15.282155 21.602848 -10.874277
v 15.649889 22.892450 -12.058832
v 13.950624 22.552168 -12.803624
v 17.355875 23.274132 -11.275353
v 17.469091 24.872066 -12.156932
v 15.783206 24.423983 -12.955039
v 19.161203 25.341702 -11.287054
v 18.973696 27.079050 -11.783515
v 17.314177 26.566196 -12.699669
v 20.604298 27.590723 -10.758584
v 20.006651 29.358505 -10.959162
v 18.462326 28.824863 -11.992608
v 21.553226 29.904425 -9.909126
v 20.579977 31.655399 -10.036386
v 19.122137 31.101622 -10.992025
v 22.093992 32.221058 -9.005426
v 20.806799 33.905716 -8.956738
v 19.308247 33.326115 -9.821054
v 22.338709 34.566185 -7.754097
v 17.849134 34.686462 -8.906504
v 16.475210 33.970554 -9.783683
v 17.880518 32.725082 -10.673334
v 15.137204 33.226040 -10.659294
v 16.484900 32.071564 -11.558633
v 17.666578 30.546379 -11.958260
v 15.081586 31.386015 -12.448311
v 16.166542 29.935040 -12.906319
v 16.905037 28.275679 -12.973094
v 14.619399 29.298748 -13.774099
v 15.283235 27.711998 -13.828117
v 15.663028 26.057671 -13.550117
v 13.638034 27.146032 -14.591177
v 13.991784 25.573736 -14.287589
v 14.094190 24.015062 -13.689506
v 12.300548 25.108761 -14.946233
v 12.394340 23.658562 -14.369116
v 12.238579 22.280890 -13.493246
v 10.699494 23.334492 -15.023947
v 10.544945 22.040487 -14.180929
v 10.162338 20.895006 -13.112371
v 8.865406 21.822329 -14.878546
v 8.476986 20.748236 -13.857060
v 7.900458 19.961189 -12.582829
v 9.576969 20.061838 -11.816442
v 7.214269 19.510775 -11.175649
v 8.872952 19.598373 -10.390735
v 6.440402 19.402826 -9.735660
v 8.074187 19.514875 -8.925618
v 5.602736 19.622343 -8.353397
v 7.214542 19.728775 -7.511128
v 4.738912 20.139738 -7.108598
v 6.319208 20.249481 -6.225147
v 3.875950 20.863050 -6.047503
v 5.418049 20.996464 -5.106782
v 3.078403 21.723860 -5.241395
v 4.558658 21.891315 -4.231143
v 6.080505 22.136562 -3.251010
v 3.794164 22.870682 -3.622484
v 5.241749 23.174368 -2.582125
v 6.728115 23.552811 -1.557940
v 4.491724 24.309662 -2.183642
v 5.922476 24.766506 -1.131548
v 7.406615 25.303822 -0.152379
v 5.262345 26.060978 -1.083392
v 6.712436 26.692318 -0.135807
v 8.143634 27.410080 0.675990
v 6.117994 28.040201 -0.530306
v 7.446807 28.866234 0.189664
v 8.629715 29.664211 0.696864
v 6.827188 30.159218 -0.683307
v 7.965391 31.043875 -0.172488
v 8.841434 31.603134 0.196102
v 7.640941 32.124241 -1.370011
v 8.653176 32.811062 -0.895468
v 9.241412 33.121624 -0.576115
v 8.826645 33.712273 -2.176976
v 9.564324 34.157413 -1.717627
v 9.952005 34.333908 -1.444478
v 10.270865 34.830986 -2.990697
v 10.764009 35.107018 -2.582128
v 11.026605 35.219765 -2.321768
v 11.899704 35.501892 -3.734579
v 12.233727 35.677696 -3.306220
v 12.456988 35.783150 -2.951362
v 13.688670 36.023716 -4.183311
v 13.896427 36.166962 -3.735115
v 14.067805 36.296535 -3.293617
v 15.632320 36.401783 -4.498038
v 15.404422 36.191151 -5.140998
v 14.826101 35.745258 -6.162161
v 16.369043 35.467113 -7.476662
v 13.244264 35.713848 -4.937445
v 12.497741 35.213234 -5.818945
v 13.896810 35.117416 -7.193551
v 11.268542 35.124744 -4.379614
v 10.352763 34.545158 -5.089376
v 11.485786 34.580120 -6.642996
v 9.418227 34.293346 -3.610480
v 8.343329 33.617844 -4.279102
v 9.255905 33.881073 -5.825030
v 7.752786 33.007656 -2.760501
v 6.700243 32.205223 -3.400164
v 7.266300 32.890442 -4.960134
v 6.542284 31.256443 -1.931399
v 5.473920 30.463736 -2.596193
v 5.657730 31.445290 -4.076768
v 5.649388 29.308424 -1.351625
v 4.467052 28.581118 -2.211489
v 4.396645 29.719391 -3.375812
v 4.774900 27.344753 -1.437244
v 3.461457 26.767054 -2.469287
v 3.247130 27.948978 -3.159731
v 3.888223 25.535509 -2.146519
v 2.558101 25.086941 -3.204471
v 2.186397 26.251497 -3.502491
v 3.113001 23.940685 -3.257539
v 1.747473 23.596178 -4.294465
v 1.233440 24.660477 -4.233705
v 2.379593 22.619753 -4.660602
v 1.642371 21.528667 -6.195253
v 0.995847 22.346621 -5.650895
v 0.396253 23.235102 -5.303864
v -0.358224 22.014544 -6.616088
v -0.930270 22.807140 -6.304170
v -1.411520 23.678795 -6.274933
v -0.096947 24.204834 -5.251649
v -1.742457 24.580149 -6.529341
v -0.424815 25.184706 -5.516755
v 0.887916 25.743526 -4.499071
v -0.585710 26.129311 -6.055511
v 0.726992 26.772680 -5.086413
v 2.011072 27.374714 -4.127015
v 0.730701 27.702847 -5.942796
v 2.011487 28.395708 -5.061281
v 3.233148 29.061375 -4.193331
v 2.203147 29.265711 -6.281344
v 3.423123 30.007290 -5.509966
v 4.584419 30.708199 -4.787402
v 3.887515 30.657015 -7.017092
v 5.074895 31.392803 -6.337759
v 6.192135 32.141178 -5.653584
v 5.831057 31.687115 -7.910173
v 7.005269 32.432369 -7.233247
v 8.147068 33.158943 -6.534015
v 7.954230 32.434162 -8.799657
v 9.146763 33.169590 -8.105628
v 10.321440 33.885876 -7.383382
v 10.210559 32.946335 -9.619604
v 11.442803 33.670425 -8.870840
v 12.685634 34.390865 -8.094593
v 12.590112 33.241760 -10.271718
v 13.858301 33.986828 -9.423880
v 15.158367 34.740200 -8.487481
v 13.815372 32.492165 -11.524160
v 11.319491 32.487919 -11.043708
v 12.472883 31.733250 -12.304802
v 13.626693 30.652981 -13.254920
v 11.097097 30.972006 -13.006319
v 12.123809 29.921972 -13.965627
v 13.007251 28.628031 -14.510321
v 10.583079 29.201330 -14.565846
v 11.373829 27.971992 -15.137579
v 11.955570 26.574005 -15.227500
v 9.737454 27.346855 -15.686345
v 10.280725 26.039225 -15.819493
v 10.609127 24.678585 -15.573202
v 8.600114 25.523239 -16.360357
v 8.896976 24.267687 -16.146414
v 9.006757 23.018629 -15.650335
v 7.215931 23.859921 -16.735479
v 7.293801 22.714172 -16.261753
v 7.156667 21.630110 -15.554235
v 5.561690 22.422930 -16.851595
v 5.453451 21.429060 -16.190493
v 5.134725 20.526430 -15.234075
v 6.796714 20.649897 -14.564826
v 4.636477 19.802923 -14.028566
v 6.252816 19.894331 -13.322239
v 3.996979 19.365675 -12.670991
v 5.588593 19.444466 -11.942035
v 3.260070 19.264475 -11.275758
v 4.834748 19.338402 -10.525974
v 2.467282 19.481598 -9.951966
v 4.020382 19.550697 -9.171374
v 1.667558 19.962852 -8.785065
v 3.187306 20.049923 -7.961504
v 0.910657 20.591097 -7.830779
v 2.375137 20.741642 -6.954287
v 0.248913 21.280565 -7.130373
v -0.505868 20.361835 -8.681184
v -1.102193 20.949732 -8.033280
v -1.680524 21.597477 -7.564559
v -2.443813 20.520514 -8.907120
v -2.997713 21.094273 -8.465470
v -3.534136 21.754803 -8.209899
v -2.235827 22.311157 -7.289978
v -3.974624 22.505280 -8.241714
v -2.703460 23.102875 -7.278487
v -4.263144 23.287962 -8.541717
v -3.006849 23.934587 -7.565445
v -4.413093 24.051966 -9.043746
v -3.148688 24.743584 -8.080169
v -1.888558 25.451994 -7.059800
v -3.135641 25.526716 -8.799133
v -1.856254 26.258410 -7.819107
v -0.566833 26.990705 -6.857087
v -1.649015 27.026419 -8.801652
v -0.344024 27.766792 -7.922195
v 0.933498 28.523617 -7.076018
v 0.072012 28.413902 -9.191148
v 1.375823 29.161921 -8.436523
v 2.651526 29.912266 -7.713028
v 2.038186 29.517620 -9.921937
v 3.345187 30.230429 -9.237153
v 4.609090 30.953932 -8.572177
v 4.174527 30.240721 -10.759601
v 5.473113 30.952389 -10.113787
v 6.731555 31.691065 -9.466528
v 6.398925 30.706123 -11.604527
v 7.700378 31.450567 -10.973727
v 8.972548 32.194263 -10.314947
v 8.696936 30.961502 -12.390858
v 10.027840 31.722809 -11.744987
v 9.679800 30.211727 -13.631566
v 7.340107 30.203531 -12.988390
v 8.231518 29.464697 -14.205784
v 9.029636 28.509827 -15.119938
v 6.758129 28.755732 -14.747376
v 7.471484 27.836185 -15.629126
v 8.107712 26.749439 -16.201220
v 5.917385 27.214361 -16.140917
v 6.487644 26.186605 -16.703802
v 6.934181 25.039595 -16.900455
v 4.867099 25.661987 -17.203697
v 5.263236 24.583048 -17.413258
v 5.494770 23.480942 -17.272661
v 3.613194 24.164518 -17.968742
v 3.822433 23.120548 -17.852245
v 3.872222 22.121113 -17.436270
v 2.190216 22.756708 -18.423414
v 2.235431 21.808968 -18.016699
v 2.147318 20.929731 -17.372673
v 3.764774 21.205515 -16.776861
v 1.898296 20.140017 -16.475851
v 3.492595 20.366282 -15.855269
v 1.473175 19.479376 -15.335496
v 3.037951 19.677000 -14.693896
v 0.876921 19.068819 -14.012503
v 2.421664 19.261452 -13.359027
v 0.171287 18.974836 -12.656556
v 1.704810 19.161819 -11.985965
v -0.577967 19.172861 -11.383911
v 0.934750 19.368179 -10.687548
v -1.288121 19.557930 -10.309495
v 0.175543 19.810205 -9.561143
v -1.891610 20.018248 -9.509491
v -2.711987 19.177979 -11.033585
v -3.268764 19.553850 -10.284244
v -3.805120 20.000618 -9.700531
v -4.631922 19.042847 -11.008103
v -5.172905 19.455299 -10.432631
v -5.710997 19.962097 -10.018188
v -4.343749 20.537634 -9.274566
v -6.220858 20.581615 -9.800077
v -4.859242 21.163254 -9.038955
v -6.635218 21.308516 -9.887725
v -5.272116 21.903847 -9.111204
v -6.926484 22.038895 -10.214690
v -5.556026 22.654823 -9.425582
v -7.117048 22.738176 -10.718003
v -5.717142 23.380745 -9.925444
v -7.193118 23.417318 -11.435349
v -5.761873 24.092506 -10.621861
v -4.422748 24.799772 -9.743072
v -5.662045 24.783356 -11.548482
v -4.274743 25.512684 -10.651349
v -2.940462 26.259624 -9.727613
v -3.974277 26.150684 -11.770922
v -2.604049 26.916771 -10.858925
v -1.260202 27.672987 -9.997714
v -2.057693 27.371092 -12.230387
v -0.665515 28.095249 -11.400637
v 0.700591 28.809097 -10.640991
v 0.059713 28.212362 -12.842134
v 1.465229 28.879757 -12.109192
v 2.841266 29.541363 -11.417284
v 2.283002 28.652376 -13.526154
v 3.687431 29.303675 -12.863208
v 5.059646 29.989988 -12.231647
v 4.522599 28.792425 -14.176852
v 5.943857 29.485718 -13.582765
v 5.270224 28.090445 -15.292073
v 3.071090 28.162119 -14.799197
v 3.765292 27.479534 -15.855366
v 4.354953 26.635323 -16.659197
v 2.259453 26.917170 -16.475096
v 2.807929 26.110651 -17.243343
v 3.265909 25.183332 -17.756546
v 1.275366 25.602234 -17.885258
v 1.698313 24.726341 -18.362209
v 2.013474 23.753551 -18.557137
v 0.168637 24.256197 -19.009609
v 0.472736 23.325846 -19.181881
v 0.646178 22.363169 -19.044622
v -1.029066 22.858589 -19.791618
v -0.861022 21.919720 -19.632427
v -0.815184 21.020370 -19.224007
v 0.685946 21.442137 -18.629257
v -0.890812 20.182619 -18.604456
v 0.599037 20.594624 -17.989363
v -1.121855 19.433430 -17.743261
v 0.359841 19.836527 -17.108093
v -1.524181 18.802296 -16.642010
v -0.049206 19.195112 -15.988131
v -2.101900 18.420383 -15.330970
v -0.636064 18.796627 -14.670713
v -2.778039 18.329409 -13.960886
v -1.330190 18.700397 -13.311756
v -3.475155 18.463718 -12.706864
v -2.056079 18.861725 -12.048871
v -4.086082 18.717670 -11.743626
v -7.138400 24.091391 -12.397481
v -6.870434 24.649393 -13.593345
v -5.405657 25.415854 -12.690475
v -6.362343 25.032082 -14.977007
v -4.937024 25.897753 -14.056753
v -3.469895 26.628010 -13.127304
v -4.302324 26.119282 -15.454189
v -2.815603 26.838108 -14.534199
v -1.372225 27.545967 -13.655774
v -2.083893 26.742567 -15.859164
v -0.610513 27.399635 -15.018053
v 0.842347 28.020983 -14.231224
v 0.128309 26.983662 -16.212234
v 1.604353 27.559622 -15.469336
v 0.760205 26.366528 -17.170151
v -0.735658 25.802969 -17.906158
v -0.237909 25.088142 -18.572800
v -1.355274 26.373428 -17.007366
v -2.858869 25.746119 -17.817520
v -2.246198 25.220774 -18.646420
v -3.584259 26.063946 -16.724346
v -5.123209 25.339392 -17.516640
v -4.401503 25.084412 -18.560577
v -5.783315 25.308723 -16.321793
v -10.991759 21.826786 -15.766532
v -10.628855 22.216042 -17.281998
v -11.062648 21.349089 -14.414374
v -10.862194 20.779663 -13.348807
v -11.691903 19.725172 -13.539498
v -12.009112 20.283833 -14.613935
v -12.108098 20.817059 -15.983851
v -13.682028 19.752947 -16.417130
v -13.416374 20.188087 -18.064249
v -11.916157 21.269619 -17.505840
v -13.638074 19.207922 -14.883554
v -15.214744 18.106977 -15.090521
v -15.186934 18.615873 -16.776600
v -13.293958 18.622047 -13.639486
v -14.870970 17.482880 -13.690798
v -16.462955 16.360273 -13.763080
v -16.738386 16.991438 -15.287820
v -12.761196 18.000494 -12.642336
v -12.122958 17.411667 -11.980913
v -11.249579 19.160492 -12.671558
v -10.737410 18.618546 -12.105645
v -10.170596 18.076706 -11.770243
v -11.448956 16.900208 -11.615080
v -10.533481 20.218596 -12.500432
v -10.110042 19.665934 -11.935760
v -9.602249 19.079554 -11.561850
v -9.022562 18.488497 -11.437125
v -9.571447 17.541321 -11.668508
v -9.182458 17.058098 -11.839686
v -10.048223 15.953282 -11.602662
v -10.730399 16.400826 -11.450925
v -8.625184 17.946136 -11.437461
v -8.395185 17.493462 -11.590614
v -9.005998 16.617996 -12.124941
v -8.495788 16.258553 -12.749724
v -8.962464 15.216560 -12.702349
v -9.434399 15.548812 -12.052273
v -8.132386 17.139025 -12.045769
v -7.678398 16.847893 -13.128888
v -8.094996 16.005451 -13.568089
v -7.788779 15.834103 -14.629996
v -8.404251 14.794730 -14.625665
v -8.613974 14.964392 -13.544159
v -7.211311 16.640390 -14.153438
v -6.779530 16.569153 -15.437764
v -7.581019 15.772079 -15.935505
v -6.317312 16.704453 -16.971870
v -3.525186 17.931032 -15.957757
v -2.969628 18.310486 -17.257885
v -2.562019 18.919659 -18.351089
v -2.330244 19.666021 -19.214857
v -2.264770 20.504065 -19.837458
v -6.485960 18.750523 -22.225416
v -6.469303 17.879051 -21.594065
v -6.655884 19.631681 -22.639023
v -7.943499 18.961575 -23.099245
v -7.742992 18.123634 -22.708126
v -6.956866 20.513071 -22.815475
v -8.318423 19.770966 -23.241215
v -9.283470 18.983395 -24.243986
v -8.861987 18.201874 -24.108358
v -7.369015 21.311018 -22.710583
v -8.816244 20.489513 -23.117182
v -9.846371 19.636593 -24.143763
v -10.791514 18.758623 -25.301718
v -10.171857 18.117388 -25.460388
v -9.362313 21.057911 -22.765259
v -10.471162 20.131590 -23.763786
v -11.479733 19.214064 -24.848408
v -12.531387 18.299286 -25.720369
v -11.829602 17.840155 -26.225681
v -11.089486 20.428951 -23.112696
v -12.166074 19.468809 -24.120964
v -13.269843 18.555080 -24.928106
v -14.402359 17.600744 -25.508522
v -13.653929 17.401533 -26.313570
v -12.847713 19.583605 -23.143297
v -14.016950 18.632528 -23.889465
v -15.223314 17.618351 -24.424175
v -16.396372 16.625626 -24.825928
v -15.491056 16.671404 -25.938829
v -14.864435 18.582405 -22.507523
v -16.198738 17.524151 -22.950481
v -17.517298 16.462772 -23.299763
v -18.633341 15.520258 -23.736280
v -17.424295 15.720939 -25.209995
v -17.048229 17.222881 -21.169336
v -18.472618 16.149174 -21.532686
v -19.749466 15.204222 -22.013401
v -20.688507 14.362637 -22.575249
v -19.521719 14.684491 -24.231276
v -19.141260 15.838709 -19.757771
v -20.546461 14.965857 -20.277723
v -21.743256 14.242405 -20.842924
v -22.606115 13.311400 -21.388792
v -21.334627 13.415651 -23.035883
v -20.785704 14.545767 -18.510597
v -21.999691 13.708495 -19.014786
v -22.870258 12.725645 -19.439648
v -23.117287 11.463424 -19.949224
v -22.802942 11.917853 -21.793499
v -21.862083 13.213974 -17.238485
v -22.625105 12.202629 -17.743452
v -22.828838 10.996666 -18.298788
v -22.544710 9.797141 -18.834419
v -22.800158 10.155945 -20.417013
v -22.867794 11.848335 -16.309898
v -23.155327 10.526970 -16.950436
v -22.788578 9.273103 -17.530634
v -22.236542 8.081778 -17.959429
v -21.959772 8.509665 -19.181454
v -23.065050 10.147125 -15.888863
v -22.827147 8.915543 -16.496214
v -22.375429 7.753311 -16.997663
v -21.861973 6.526726 -17.411043
v -22.605230 8.705650 -15.713617
v -22.270527 7.528533 -16.199461
v -21.824759 6.387443 -16.669571
v -21.949263 7.376403 -15.580931
v -21.553648 6.296165 -15.976637
v -21.090231 5.361382 -16.180567
v -20.618471 4.479301 -16.117077
v -21.053631 6.340446 -15.505061
v -20.602816 5.492088 -15.638958
v -20.183605 4.711402 -15.547487
v -20.000978 4.003716 -15.145427
v -20.328987 3.667595 -15.716794
v -19.581446 4.443138 -14.579063
v -19.522980 3.934883 -14.106685
v -19.945805 3.406853 -14.619026
v -19.091045 4.976753 -14.022707
v -19.039576 4.553818 -13.586525
v -18.882090 4.132835 -13.216400
v -19.365099 3.527168 -13.725200
v -18.604460 5.616096 -13.448333
v -18.562147 5.239517 -12.984617
v -18.373690 4.831634 -12.620078
v -18.057251 4.441208 -12.379034
v -18.592817 3.720055 -12.934065
v -18.071436 6.063133 -12.339834
v -17.845720 5.687263 -11.945164
v -17.500637 5.315033 -11.687997
v -17.072428 4.965538 -11.572317
v -17.655025 4.081856 -12.263224
v -17.314018 6.743790 -11.264265
v -16.899357 6.407540 -10.942030
v -16.392103 6.065184 -10.804504
v -15.857229 5.758215 -10.851309
v -16.597256 4.671005 -11.610155
v -16.253489 7.751866 -10.425930
v -15.631875 7.461798 -10.259014
v -14.991408 7.145911 -10.289429
v -14.382482 6.835836 -10.535162
v -15.331867 5.510374 -11.067500
v -14.928840 8.993063 -10.195186
v -14.172905 8.690597 -10.237588
v -13.471740 8.340764 -10.516018
v -12.899159 8.009207 -11.041776
v -13.863963 6.572279 -11.013824
v -13.445418 10.184027 -10.407596
v -12.659522 9.803747 -10.716205
v -12.028595 9.460951 -11.291058
v -11.611087 9.170989 -12.077556
v -12.530677 7.739953 -11.738987
v -11.845994 11.221601 -10.869587
v -11.191264 10.900801 -11.514261
v -10.777818 10.661713 -12.384929
v -10.584298 10.471268 -13.354396
v -11.421102 8.937286 -12.935448
v -10.393362 12.426909 -11.804752
v -10.004376 12.215439 -12.712720
v -9.820783 12.044052 -13.788149
v -9.928145 11.938103 -14.971077
v -10.649774 10.309509 -14.392557
v -9.332814 13.690469 -13.168694
v -9.152121 13.510918 -14.275805
v -9.214876 13.392875 -15.565042
v -8.363208 14.720541 -15.937989
v -9.672908 13.928251 -12.249604
v -11.014177 12.705174 -11.102178
v -10.208737 14.233489 -11.528323
v -11.886841 13.042663 -10.749269
v -10.963968 14.590896 -11.099712
v -12.936528 13.394522 -10.711302
v -11.854414 14.981674 -11.051084
v -12.724035 11.597793 -10.551086
v -13.763803 11.952721 -10.518354
v -14.335021 10.525830 -10.357468
v -15.277497 10.694265 -10.585625
v -15.660946 9.186705 -10.394795
v -16.787430 7.995367 -10.828440
v -17.581680 7.015228 -11.724807
v -17.181749 8.127625 -11.436700
v -17.735441 7.281272 -12.370435
v -17.397367 8.170532 -12.169826
v -17.723700 7.444892 -13.108239
v -17.432121 8.204994 -12.960440
v -17.292850 8.840759 -13.052610
v -17.314463 8.118973 -13.731754
v -17.208660 8.601753 -13.796233
v -17.344051 8.979752 -13.973087
v -17.431517 9.326294 -13.278391
v -17.886942 9.576523 -13.531263
v -17.691410 9.185662 -14.175558
v -18.124699 9.170296 -14.363388
v -18.468765 9.541757 -13.756374
v -17.130114 8.743484 -14.653722
v -17.439484 8.948844 -14.851814
v -17.814833 8.979821 -15.051236
v -18.222210 8.900078 -15.280272
v -18.588203 9.027130 -14.589689
v -17.165194 8.898216 -15.478448
v -17.550962 8.968605 -15.721493
v -17.962082 8.968857 -15.993125
v -18.347643 8.825385 -16.283169
v -18.605921 8.728897 -15.550304
v -17.329382 9.187904 -16.366833
v -17.762089 9.191939 -16.682266
v -18.171122 9.049676 -17.008045
v -18.515896 8.706604 -17.348225
v -18.663090 8.510329 -16.591013
v -17.569979 9.577782 -17.365816
v -17.992039 9.401680 -17.752533
v -18.348642 9.051812 -18.130394
v -18.609510 8.521324 -18.480946
v -18.712488 8.187255 -17.670275
v -17.687654 9.939232 -18.540138
v -18.028458 9.565459 -18.966179
v -18.283018 9.036779 -19.348972
v -18.295139 8.387228 -19.659771
v -18.549585 7.830008 -18.788324
v -17.484234 10.175845 -19.893509
v -17.785360 9.686767 -20.319916
v -17.892004 9.057135 -20.649328
v -17.688599 8.396376 -20.843363
v -17.946634 7.740731 -19.858498
v -16.974178 10.280931 -21.370298
v -17.244211 9.706226 -21.731829
v -17.236832 9.051365 -21.965378
v -16.915455 8.460252 -22.039789
v -17.271355 7.814773 -20.971485
v -16.337713 10.284493 -22.707476
v -16.457407 9.687761 -22.960327
v -16.298777 9.110076 -23.037233
v -15.936685 8.624043 -22.979803
v -16.460115 7.960608 -22.068377
v -15.642519 10.243182 -23.767572
v -15.612644 9.661153 -23.867411
v -15.371215 9.147864 -23.801172
v -14.983538 8.785532 -23.623188
v -15.487621 8.252942 -22.868599
v -14.881077 10.133701 -24.517906
v -14.737522 9.618362 -24.464912
v -14.437109 9.233974 -24.277960
v -14.052545 9.008577 -24.026369
v -14.521118 8.577402 -23.385370
v -14.130586 9.977464 -24.991596
v -13.910119 9.580219 -24.832726
v -13.594695 9.347226 -24.589039
v -13.219935 9.345645 -24.263372
v -13.621994 8.991112 -23.710300
v -13.498691 9.704104 -25.354553
v -13.189732 9.495067 -25.093897
v -12.819300 9.509676 -24.761324
v -12.440779 9.661729 -24.368797
v -12.834667 9.493748 -23.892979
v -12.867921 9.443241 -25.530401
v -12.464862 9.433148 -25.166344
v -12.037709 9.621389 -24.731205
v -11.658003 9.894126 -24.231390
v -12.096199 9.955383 -23.919178
v -12.188769 9.164682 -25.437140
v -11.702724 9.306405 -24.907791
v -11.242991 9.637415 -24.350651
v -10.895718 10.045131 -23.765936
v -11.310808 10.287541 -23.700081
v -11.437019 8.886699 -24.935762
v -10.946451 9.218066 -24.270983
v -10.594276 9.616709 -23.642065
v -10.349620 9.974755 -23.106350
v -10.621746 10.426623 -23.181143
v -10.827721 8.716290 -24.057201
v -10.492032 9.042152 -23.367723
v -10.278947 9.354265 -22.851404
v -11.295485 8.432393 -24.851797
v -11.371697 7.958751 -24.653774
v -11.958540 8.255196 -25.584423
v -12.011086 7.804857 -25.537445
v -12.207098 7.448950 -25.399275
v -11.604035 7.558309 -24.434778
v -12.467686 7.117469 -25.209991
v -11.933866 7.233405 -24.263340
v -12.985666 7.536185 -26.248674
v -13.264853 7.179068 -26.036003
v -13.640360 6.877615 -25.722021
v -14.135509 7.602521 -26.620892
v -14.567305 7.268033 -26.323629
v -15.087165 6.838164 -25.922697
v -14.064620 6.467505 -25.332214
v -15.675023 6.244833 -25.356457
v -14.537235 5.908163 -24.746805
v -16.294397 5.605437 -24.359968
v -15.025784 5.341094 -23.836317
v -13.857640 5.526640 -23.233786
v -12.838456 5.927328 -22.785982
v -15.422800 4.773002 -22.729450
v -14.147027 5.021926 -22.243099
v -13.021475 5.434914 -21.884090
v -12.135257 5.924622 -21.674194
v -12.030936 6.374060 -22.570530
v -14.284848 4.305411 -21.419125
v -13.146151 4.748199 -21.143639
v -12.232346 5.265655 -20.921284
v -11.566190 5.807815 -20.769354
v -13.313496 4.213814 -20.458466
v -12.395400 4.631347 -20.331394
v -11.631944 5.080619 -20.173628
v -11.040789 5.518653 -20.025112
v -11.041804 6.269523 -20.641439
v -12.639982 4.279234 -19.740135
v -11.854535 4.603615 -19.606281
v -11.199512 4.954780 -19.412020
v -10.653767 5.282836 -19.239996
v -10.578575 5.935607 -19.824287
v -11.448650 4.665946 -18.812805
v -10.873271 4.951193 -18.604345
v -11.728949 4.703834 -18.234653
v -11.122536 4.935248 -18.034809
v -11.986832 5.005722 -17.827190
v -11.361997 5.205375 -17.660749
v -10.833411 5.547912 -17.602364
v -10.444139 6.053000 -17.749720
v -10.611181 6.921950 -17.967133
v -10.230459 6.647621 -18.115747
v -10.600160 7.509452 -18.484816
v -10.177870 7.297370 -18.626657
v -9.984122 6.997032 -18.910925
v -9.993427 6.653525 -19.255457
v -10.186734 8.030639 -19.203114
v -9.949392 7.736526 -19.511660
v -9.983826 7.390106 -19.867008
v -10.218711 7.033348 -20.190630
v -10.228496 6.303810 -19.571058
v -10.013678 8.489730 -20.148075
v -9.975298 8.125793 -20.513540
v -10.149833 7.727026 -20.877972
v -10.584431 6.670455 -20.455845
v -10.079721 8.824339 -21.126925
v -10.227771 8.413161 -21.498682
v -10.082133 9.191687 -20.773088
v -10.240325 8.775092 -19.833214
v -10.317429 9.465780 -20.486998
v -10.311640 10.078202 -21.143532
v -10.694758 9.574661 -20.339306
v -10.691097 10.205785 -20.991243
v -10.691000 10.666665 -21.677307
v -10.295001 10.505777 -21.853001
v -10.780637 10.818996 -22.407827
v -10.413964 10.590382 -22.542400
v -11.014725 10.637423 -23.093220
v -11.754645 10.310958 -23.434376
v -12.133860 10.121385 -22.988779
v -12.457875 9.748618 -23.455381
v -12.364558 9.762642 -22.472364
v -12.738713 9.406033 -22.948603
v -13.176755 9.148819 -23.350132
v -12.973937 8.982725 -22.378420
v -13.496305 8.728168 -22.748945
v -14.022494 8.572814 -23.083576
v -13.772017 8.278637 -22.089039
v -14.360811 8.123018 -22.380192
v -14.931946 8.089848 -22.658537
v -14.600129 7.584152 -21.620201
v -15.243866 7.524475 -21.850485
v -15.878929 7.632561 -22.010063
v -15.435473 6.987091 -20.994085
v -16.096746 7.065659 -21.075476
v -16.745726 7.342232 -21.072653
v -16.157097 6.518775 -20.267614
v -16.855104 6.733542 -20.211264
v -17.447292 7.176856 -20.037470
v -18.173374 7.131598 -19.028770
v -18.317909 6.746804 -18.216640
v -18.619610 7.494627 -17.963425
v -18.392721 6.661278 -17.289587
v -18.691507 7.368668 -17.128830
v -18.790375 8.009598 -16.878670
v -18.921606 7.352973 -16.311573
v -19.010944 7.940635 -16.096586
v -18.895794 8.419976 -15.830195
v -19.430426 7.943595 -15.393755
v -19.302692 8.431282 -15.132343
v -19.014025 8.782562 -14.859477
v -19.898312 8.538032 -14.582736
v -19.583437 8.961281 -14.286991
v -19.071012 9.302643 -14.002813
v -20.291391 9.321701 -13.905186
v -19.663517 9.735458 -13.576849
v -18.861794 10.041374 -13.305049
v -20.329815 10.358855 -13.396082
v -19.345543 10.727516 -13.026834
v -20.906607 11.036102 -13.523756
v -19.796961 11.575202 -13.062583
v -21.360756 11.714348 -13.987334
v -20.172234 12.378669 -13.416779
v -18.803106 12.939790 -12.769393
v -20.455770 13.088890 -14.143517
v -19.076839 13.827051 -13.474672
v -20.648506 13.650688 -15.200856
v -19.312685 14.500511 -14.586460
v -17.917969 15.414551 -14.038647
v -19.451712 14.964537 -16.108631
v -18.107018 15.949109 -15.601182
v -19.422142 15.407698 -17.957045
v -18.037531 16.399420 -17.456179
v -16.647102 17.467869 -17.080921
v -17.683212 16.843243 -19.317408
v -16.280499 17.944651 -18.958145
v -14.861694 19.077929 -18.560863
v -15.665975 18.335056 -20.804501
v -14.295154 19.414656 -20.309498
v -12.919739 20.482830 -19.687002
v -13.579070 19.581068 -21.883532
v -12.308046 20.590729 -21.100344
v -10.985432 21.683399 -20.321787
v -11.497787 21.579378 -19.026438
v -9.527025 22.723633 -20.022270
v -10.096376 22.533873 -18.771151
v -8.987845 22.745575 -21.013157
v -3.777127 24.614046 -19.352858
v -3.257004 23.986822 -19.930387
v -1.744845 24.553186 -19.250494
v -2.827443 23.220346 -20.302134
v -1.332209 23.759668 -19.646399
v -2.507522 22.335339 -20.424791
v -2.320652 21.402483 -20.254774
v -7.869026 21.976196 -22.371359
v -8.420171 22.467476 -21.793581
v -9.948102 21.467691 -22.192741
v -10.477394 21.636015 -21.351681
v -11.699792 20.561069 -22.217905
v -20.736332 14.083672 -16.697073
v -21.894640 12.876457 -15.738800
v -21.702892 12.337296 -14.700088
v -22.676065 11.377663 -15.217121
v -22.252935 10.873588 -14.516618
v -22.675468 9.836114 -15.125829
v -21.711355 10.345123 -14.052202
v -22.085571 9.490242 -14.605826
v -22.152344 8.503045 -15.113700
v -21.431639 9.126129 -14.293234
v -21.532772 8.307739 -14.757510
v -21.392172 7.307434 -15.173129
v -20.815258 8.119568 -14.656336
v -20.704359 7.292725 -14.984730
v -20.039888 7.990143 -14.894507
v -19.968212 7.319535 -15.150426
v -19.350153 7.338242 -15.609714
v -18.620693 6.697959 -16.452791
v -20.682257 8.799217 -14.271439
v -21.052422 9.792488 -13.822770
v -15.531057 6.534567 -20.207771
v -15.515590 6.133873 -19.546915
v -14.884464 6.286422 -19.442368
v -14.833722 5.861359 -18.918791
v -15.399890 5.693678 -19.000849
v -14.857712 6.660209 -20.076643
v -14.168548 6.808060 -19.913696
v -14.232854 6.453193 -19.273134
v -14.763116 7.070304 -20.831347
v -14.078583 7.241035 -20.632872
v -13.408113 7.488160 -20.364508
v -13.461787 6.981292 -19.698402
v -13.975871 7.763617 -21.354973
v -13.333116 8.011298 -21.044472
v -12.713780 8.287520 -20.677954
v -12.777750 7.734488 -20.029749
v -13.167107 8.505479 -21.722029
v -12.624245 8.798820 -21.300701
v -12.125389 9.073321 -20.898417
v -12.178155 8.524421 -20.290815
v -12.495475 9.306876 -21.921104
v -12.082147 9.640481 -21.463409
v -11.670678 9.942791 -21.108793
v -11.671300 9.322912 -20.565121
v -11.192172 9.522659 -20.352343
v -11.177710 8.864387 -19.739441
v -11.688266 8.722198 -19.961510
v -11.173047 10.147331 -20.947805
v -11.163469 8.223586 -19.107794
v -11.713603 8.134985 -19.336346
v -12.228964 7.967185 -19.682285
v -11.681620 7.518753 -18.830124
v -12.205404 7.365615 -19.149755
v -12.796589 7.184708 -19.458565
v -12.265181 6.911460 -18.552174
v -12.851894 6.788374 -18.841377
v -13.523886 6.614250 -19.079313
v -12.924505 6.374596 -18.320868
v -13.587465 6.241972 -18.577301
v -14.241318 6.055550 -18.774834
v -13.583785 5.713225 -18.260275
v -14.163557 5.493164 -18.421793
v -14.650421 5.262810 -18.501833
v -14.674576 4.371231 -17.981115
v -15.109447 5.062430 -18.497089
v -15.103522 4.248512 -17.670603
v -14.141613 3.792519 -17.341763
v -15.599328 4.277100 -17.158279
v -15.890225 4.533896 -16.533535
v -15.494506 4.586250 -15.402400
v -15.869849 5.018563 -15.889140
v -15.127699 5.254265 -14.939419
v -15.578259 5.657967 -15.401520
v -14.613857 5.999572 -14.637086
v -14.890255 4.896049 -14.365433
v -14.292330 5.684662 -14.005667
v -13.549509 6.519104 -13.907744
v -13.966642 6.776383 -14.580883
v -12.690616 7.488022 -14.162717
v -13.174332 7.640198 -14.868969
v -11.816753 8.679352 -14.722185
v -12.413758 8.703583 -15.469901
v -13.206065 8.763321 -15.988529
v -14.074344 8.867752 -16.285662
v -13.863523 9.980423 -17.011480
v -14.088547 11.143861 -17.923193
v -14.365864 11.798475 -19.158520
v -15.507193 11.256449 -18.700201
v -15.873926 11.365909 -19.603058
v -16.758396 10.714682 -18.793156
v -16.299843 10.615884 -18.120579
v -14.617476 11.903532 -20.346729
v -14.998814 11.695992 -21.231647
v -16.224567 11.183242 -20.339437
v -13.206441 12.319236 -20.904736
v -13.684217 12.075322 -21.965988
v -14.350576 11.712866 -22.677546
v -15.519777 11.319986 -21.865437
v -11.881586 12.694756 -21.448103
v -12.502607 12.419916 -22.630291
v -13.335830 12.047138 -23.411903
v -14.012585 11.647716 -23.868830
v -14.963116 11.269217 -23.133406
v -11.571737 12.850518 -23.291559
v -12.532289 12.401700 -24.099604
v -13.324836 11.955734 -24.593473
v -13.870413 11.558431 -24.884014
v -14.539660 11.218637 -24.200224
v -11.943692 12.853326 -24.818533
v -12.836272 12.307093 -25.313541
v -13.447289 11.835758 -25.577261
v -13.808957 11.242630 -25.703997
v -14.208131 11.042823 -25.060234
v -12.538027 12.746780 -25.979258
v -13.321891 12.072355 -26.243193
v -13.634817 11.319068 -26.308641
v -13.614689 10.640168 -26.227909
v -13.830276 10.637732 -25.662470
v -13.626627 10.534897 -26.723854
v -13.420033 9.886063 -26.506237
v -13.456211 10.066445 -26.050770
v -13.799569 10.357767 -27.111214
v -13.483857 9.611708 -26.875448
v -13.078729 9.085829 -26.529066
v -13.079094 9.427304 -26.217545
v -14.080332 10.102319 -27.397848
v -13.677455 9.295341 -27.111404
v -13.185409 8.696744 -26.746264
v -12.615784 8.357606 -26.245575
v -12.591947 8.797245 -26.110336
v -14.007187 8.939604 -27.234005
v -13.411877 8.301828 -26.864801
v -12.782931 7.916429 -26.296234
v -13.745763 7.919622 -26.831726
v -14.412601 8.590796 -27.230791
v -14.887363 8.297096 -27.022245
v -14.947794 9.524824 -27.518229
v -15.467723 9.265232 -27.322374
v -16.030157 9.040318 -26.933094
v -15.402832 8.038341 -26.663374
v -16.692055 8.733894 -26.447521
v -15.998194 7.671950 -26.257833
v -17.601130 8.176733 -25.783504
v -16.769920 7.065956 -25.688837
v -18.389809 7.512350 -24.542942
v -17.433235 6.418883 -24.542265
v -19.104092 6.753226 -23.194054
v -18.045086 5.614127 -23.240057
v -16.777075 4.922003 -23.122011
v -18.659590 4.731383 -22.211563
v -17.132072 4.041563 -22.108688
v -15.631588 3.999319 -21.779589
v -19.888084 5.984740 -22.112839
v -20.023506 8.156073 -23.149401
v -20.811110 7.467056 -22.042084
v -20.838772 9.642341 -23.208246
v -21.755039 9.026930 -22.050489
v -22.040621 8.678015 -20.675724
v -22.434175 10.552870 -21.967836
v -21.395575 11.014785 -23.266260
v -21.595278 12.252521 -23.257568
v -20.503511 11.299866 -24.963255
v -20.619017 12.568249 -24.989574
v -20.243593 13.740520 -24.712881
v -19.212490 12.867720 -26.268517
v -18.894457 13.945962 -26.015499
v -18.275173 14.868847 -25.611149
v -17.818104 14.227478 -27.052906
v -17.232538 15.071974 -26.711254
v -16.441648 15.848306 -26.323994
v -16.362989 15.130804 -27.552179
v -15.602305 15.829885 -27.149376
v -14.706017 16.565086 -26.753065
v -14.846734 15.535985 -27.691397
v -13.956830 16.189987 -27.294481
v -12.937482 16.950274 -26.845671
v -13.326415 15.551925 -27.553728
v -12.313053 16.297554 -27.087320
v -11.188769 17.200974 -26.463408
v -11.835882 15.531733 -27.007093
v -10.686300 16.415289 -26.340105
v -9.695959 17.345098 -25.299858
v -10.390070 15.595190 -25.936321
v -9.406148 16.500809 -24.875519
v -8.625319 17.360420 -23.707058
v -9.331420 15.647562 -24.267977
v -8.574369 16.507694 -23.100180
v -7.701717 17.266081 -22.123430
v -9.502426 14.802105 -23.521643
v -10.511025 14.073515 -24.669653
v -10.920075 13.400517 -23.985434
v -9.957510 13.986920 -22.761204
v -10.327741 14.803786 -25.347155
v -11.440524 14.057769 -26.142143
v -11.581078 13.418750 -25.495165
v -11.516501 14.751074 -26.672855
v -10.747942 13.273770 -22.055424
v -14.211250 14.918036 -27.991182
v -14.924040 14.374881 -28.315807
v -15.615964 14.940821 -28.038624
v -16.887341 14.325002 -27.806309
v -17.173212 13.409061 -27.957531
v -18.089605 13.212256 -27.267666
v -18.006117 12.081985 -27.243235
v -17.169212 12.297019 -27.922852
v -19.182873 11.712798 -26.299444
v -18.855982 10.553433 -26.174135
v -17.702509 10.983123 -27.019938
v -20.008438 10.073092 -24.796404
v -19.255934 8.781874 -24.613216
v -18.301622 9.362412 -25.929369
v -17.254335 9.873442 -26.705881
v -16.527983 10.124272 -27.292173
v -16.926222 11.197952 -27.691275
v -15.944399 10.319141 -27.702312
v -16.259188 11.389920 -28.100767
v -15.341826 10.592365 -27.898560
v -15.566352 11.641043 -28.228256
v -14.775408 10.859337 -27.858810
v -14.905098 11.924310 -28.143387
v -14.486286 9.796598 -27.552227
v -12.027874 8.721215 -25.579124
v -12.666457 9.186664 -25.865814
v -13.223203 9.642302 -25.826460
v -13.686666 10.125886 -25.532364
v -14.249723 10.476292 -25.071508
v -14.839438 10.698394 -24.432013
v -15.417669 10.795609 -23.504786
v -15.983638 10.792645 -22.322491
v -16.595194 10.788780 -20.915798
v -17.138042 10.546622 -19.390200
v -17.286423 10.099769 -18.057396
v -17.086027 9.551453 -16.963606
v -16.765430 10.019135 -17.531881
v -16.553423 9.306175 -16.544510
v -16.873863 9.026862 -16.036879
v -16.468925 8.718749 -15.749636
v -16.041903 8.934891 -16.219320
v -16.819370 8.660737 -15.248141
v -16.987612 8.407104 -14.502770
v -17.009575 8.000061 -14.443941
v -17.558886 7.501847 -13.835168
v -17.186560 7.397697 -14.518387
v -17.901321 6.782608 -14.142707
v -18.093216 6.652191 -13.503751
v -18.165745 6.381820 -12.850450
v -12.422911 7.460594 -13.345337
v -11.474149 8.756538 -13.841284
v -12.376252 7.541267 -12.526085
v -13.351207 6.381309 -13.145648
v -13.342613 6.342354 -12.370450
v -13.528744 6.418197 -11.658325
v -14.250154 5.294533 -12.612659
v -14.504458 5.271652 -11.989170
v -14.861482 5.336891 -11.457092
v -15.319292 4.310394 -12.594760
v -15.685105 4.326118 -12.146039
v -16.118450 4.453697 -11.813092
v -16.303207 3.455116 -12.811913
v -16.735905 3.567581 -12.489250
v -17.201054 3.784752 -12.298896
v -17.233349 2.793869 -13.052042
v -17.718208 3.017982 -12.841129
v -18.184820 3.338722 -12.804211
v -18.174503 2.391098 -13.300646
v -18.654890 2.718010 -13.274283
v -19.058823 3.106545 -13.430222
v -19.091555 2.165802 -13.685231
v -19.495815 2.543434 -13.841075
v -19.782686 2.935936 -14.179650
v -19.941130 1.995430 -14.233978
v -20.229523 2.452003 -14.594402
v -20.305300 3.007850 -15.145311
v -20.550161 2.007103 -15.142431
v -20.484327 2.643181 -15.740208
v -20.303457 2.228240 -16.329212
v -20.264780 1.516090 -14.676760
v -19.519331 1.624939 -14.058541
v -19.036568 1.292924 -14.064693
v -18.609776 1.833374 -13.705845
v -18.133188 1.607460 -13.961411
v -18.549473 1.086357 -14.367936
v -17.685595 2.168380 -13.529917
v -17.260271 2.095001 -13.898537
v -17.712952 1.559830 -14.359008
v -16.787142 2.698563 -13.391143
v -16.409161 2.742218 -13.829650
v -16.870495 2.150208 -14.327522
v -15.925100 3.472466 -13.244169
v -15.632527 3.627572 -13.732173
v -16.093727 2.913094 -14.340427
v -15.029709 4.394775 -13.124724
v -14.867420 4.599785 -13.743362
v -15.433265 3.864692 -14.278395
v -14.180851 5.437057 -13.318503
v -15.345028 4.178329 -14.851806
v -16.483999 2.354065 -14.823103
v -16.839739 1.939843 -15.258606
v -17.289463 1.677857 -14.805448
v -17.142206 1.675903 -15.691312
v -17.630518 1.340118 -15.300379
v -18.076477 1.069946 -14.809725
v -17.937702 1.176475 -15.805757
v -18.407387 0.759392 -15.300131
v -18.874506 0.765273 -15.761012
v -17.459145 1.545295 -16.216063
v -16.878616 1.688675 -16.579000
v -16.606710 1.882157 -16.063606
v -15.876061 1.960724 -16.406403
v -16.090506 1.706833 -16.897165
v -15.101133 1.646423 -17.038336
v -15.232536 1.505760 -17.572609
v -16.308653 1.621941 -17.482418
v -14.914612 1.969696 -16.588318
v -13.996798 2.051650 -16.606859
v -14.104391 1.641914 -16.972889
v -13.895407 2.625686 -16.491369
v -13.895980 3.240699 -16.728222
v -13.122010 2.723808 -16.617777
v -12.453612 2.739769 -16.884914
v -12.079556 2.659577 -17.302216
v -14.162211 1.448158 -17.438648
v -13.244307 1.486054 -17.685274
v -14.172418 1.477951 -17.907322
v -15.278321 1.566055 -18.098877
v -14.126394 1.649208 -18.343729
v -15.215116 1.768349 -18.591509
v -16.443186 1.932914 -18.702518
v -16.453632 1.695335 -18.056229
v -14.011193 1.979927 -18.727779
v -13.824700 2.442222 -18.962723
v -12.986377 2.815367 -18.666142
v -13.651498 3.003082 -18.979538
v -12.396707 1.669899 -17.539135
v -12.945433 5.867188 -17.977997
v -12.857912 5.303513 -17.880066
v -12.196534 5.452637 -17.618372
v -12.313901 5.989211 -17.724400
v -12.324051 6.491149 -18.052275
v -11.685903 7.013633 -18.285299
v -11.150417 7.040077 -18.059355
v -11.143384 7.572937 -18.577751
v -10.626259 8.198807 -19.048197
v -10.665209 8.907065 -19.678265
v -13.541564 3.990165 -19.818924
v 27.072601 35.129974 5.727606
v 27.532469 32.545483 4.765433
v 27.027803 33.819122 6.567936
v 26.826286 31.261230 5.567844
v 26.327707 32.564709 7.277730
v 25.687258 30.131140 6.226613
v 25.183252 31.407804 7.832263
v 24.583584 32.578510 9.401872
v 23.728645 30.280075 8.238730
v 23.137697 31.383110 9.706741
v 22.487070 32.374283 11.194568
v 21.471029 30.287199 9.854405
v 20.826694 31.256023 11.260017
v 20.136166 32.163624 12.692410
v 19.018820 30.363918 11.082952
v 18.332745 31.266766 12.456889
v 17.607655 32.129047 13.847906
v 16.471506 30.694000 11.933525
v 15.738178 31.549936 13.280702
v 14.975510 32.412823 14.625365
v 13.906319 31.375273 12.415391
v 13.127274 32.253109 13.694168
v 12.340984 33.148193 14.970000
v 11.383143 32.412888 12.549770
v 10.574042 33.301819 13.773640
v 9.768658 34.195045 15.010822
v 8.935826 33.697998 12.413830
v 8.127285 34.619827 13.611464
v 7.361620 35.577370 14.827290
v 6.587213 35.164185 12.106069
v 5.800773 36.142788 13.316609
v 5.080017 37.149212 14.566997
v 4.372747 36.827396 11.749812
v 3.607442 37.862022 13.052181
v 2.941558 38.924362 14.393094
v 2.540882 38.700165 11.726989
v 1.844062 39.833199 13.161159
v 1.233340 41.001865 14.554280
v 2.340595 40.008533 15.766009
v 1.269549 40.872070 12.098340
v 0.718090 42.145264 13.432624
v 1.315660 42.030891 11.100912
v 0.889359 43.346264 12.326629
v 2.059825 43.151901 10.293670
v 2.584207 41.950756 8.988739
v 3.717893 43.035519 8.561008
v 1.919560 40.772957 9.671256
v 2.745449 39.649574 8.179090
v 3.318578 40.882904 7.552015
v 1.948131 39.639782 10.624945
v 2.804637 38.510746 9.159408
v 3.788264 37.499763 7.772215
v 3.714395 38.646400 6.745557
v 3.363029 37.611427 10.344228
v 4.287204 36.605152 9.026218
v 5.257867 35.654675 7.807446
v 4.797390 36.551533 6.483990
v 5.217618 35.827255 10.508121
v 6.133502 34.883854 9.326031
v 7.059601 33.953274 8.213712
v 6.221546 34.717365 6.673306
v 7.430944 34.224312 10.927627
v 8.310919 33.303341 9.793362
v 9.192780 32.390572 8.691324
v 7.981572 33.021336 7.163066
v 9.776712 32.795109 11.239924
v 10.625699 31.900787 10.081507
v 11.475296 31.012108 8.933723
v 10.067273 31.488916 7.617641
v 12.197458 31.533083 11.327341
v 13.008708 30.660782 10.106576
v 13.813338 29.785261 8.870728
v 12.329627 30.138420 7.780345
v 14.672049 30.512468 11.124780
v 15.408699 29.620821 9.834740
v 16.105804 28.702145 8.523972
v 14.582923 28.907871 7.593486
v 17.166418 29.795280 10.604348
v 17.811800 28.845140 9.293894
v 18.407970 27.873625 8.010620
v 16.715755 27.780966 7.211556
v 19.660776 29.409382 9.744669
v 20.246639 28.417246 8.426161
v 20.768269 27.395340 7.104393
v 18.914864 26.932650 6.751318
v 22.058054 29.250555 8.463980
v 22.575743 28.139149 7.058323
v 22.982609 26.945051 5.601428
v 21.164959 26.331688 5.777030
v 24.241522 29.073648 6.732488
v 24.642584 27.776823 5.164007
v 24.865778 26.441933 3.516116
v 23.194107 25.713230 4.087484
v 26.090656 28.777884 4.531375
v 26.346184 27.411081 2.757925
v 24.746437 25.221508 1.745732
v 27.229956 29.930199 3.781010
v 14.257182 54.756962 31.857880
v 14.735492 53.110859 31.022755
v 14.260915 55.061752 31.424799
v 14.753494 53.429401 30.579510
v 14.241954 55.443047 30.915569
v 14.769334 53.880154 30.002443
v 14.159059 56.007019 30.213327
v 14.742422 54.565655 29.217266
v 15.177359 53.098457 28.232098
v 14.606357 55.387825 28.317820
v 15.092390 54.057888 27.260944
v 15.528318 52.750042 26.223928
v 14.792092 55.206097 26.036087
v 15.240850 54.009834 24.929710
v 15.665741 52.845207 23.822407
v 14.599380 55.240475 23.445513
v 15.004148 54.038532 22.362741
v 15.438378 52.824757 21.313322
v 14.075159 55.076111 20.856888
v 14.510524 53.818214 19.828279
v 14.999611 52.562084 18.835939
v 13.360618 54.628502 18.353329
v 13.855461 53.306995 17.395638
v 14.407628 52.004902 16.461594
v 12.509336 53.828365 16.017788
v 11.992199 55.198563 16.947077
v 10.392282 55.477692 15.693895
v 11.476630 56.528877 17.965115
v 9.818333 56.834064 16.706469
v 7.977335 56.794903 15.665034
v 9.232919 58.110939 17.803347
v 7.341967 58.080990 16.759150
v 5.364599 57.724312 15.968801
v 6.708055 59.268562 17.914640
v 4.703046 58.924103 17.112974
v 2.695473 58.326454 16.571867
v 4.053379 60.005516 18.294195
v 2.038707 59.414436 17.750299
v 0.117051 58.656857 17.481762
v 1.423090 60.360367 18.910601
v -0.465046 59.591461 18.642794
v -2.118641 58.754448 18.632692
v -0.936305 60.291946 19.659754
v -2.505490 59.457722 19.613310
v -3.705864 58.712902 19.733667
v -2.796137 59.964298 20.394281
v -3.928931 59.241718 20.474140
v -4.778960 58.661243 20.654118
v -4.090794 59.639938 21.035807
v -3.001610 60.301430 20.959452
v -3.153420 60.551991 21.396585
v -4.243229 59.911221 21.484989
v -3.292120 60.772884 21.793314
v -4.383513 60.130539 21.885456
v -3.430937 60.954433 22.153370
v -4.511404 60.299019 22.225351
v -5.380704 59.668716 22.332148
v -1.909014 61.542484 21.878973
v -2.064821 61.723492 22.240831
v -0.297868 62.363884 22.237316
v -0.483779 62.537151 22.598408
v 1.475395 63.063801 22.873554
v 1.272385 63.229958 23.214434
v 3.075149 63.651714 24.101547
v 13.102352 57.505432 33.474072
v 13.677190 56.249413 32.709404
v 13.036144 57.808434 33.063656
v 13.646871 56.553459 32.292938
v 12.950950 58.149235 32.642754
v 13.586272 56.897926 31.837582
v 12.812253 58.564217 32.091824
v 13.488564 57.378853 31.222254
v 12.578381 59.108154 31.366385
v 13.281165 57.956173 30.463251
v 13.990270 56.693623 29.398359
v 12.914363 58.739597 29.403305
v 13.615326 57.596638 28.298355
v 14.257827 56.414005 27.159115
v 12.947769 58.635281 26.933283
v 13.589020 57.546757 25.758860
v 14.140051 56.416008 24.582249
v 12.604330 58.587227 24.285257
v 13.160529 57.474804 23.094128
v 13.649499 56.302944 21.938923
v 11.902794 58.344604 21.624079
v 12.421850 57.169029 20.464128
v 12.898293 55.923531 19.369677
v 10.945953 57.793995 19.062275
v 10.385325 58.977551 20.220896
v 8.632002 59.295067 18.964785
v 9.792383 60.074852 21.421846
v 8.012290 60.379875 20.165134
v 6.070179 60.349358 19.106369
v 7.377746 61.344372 21.358213
v 5.434382 61.301048 20.288946
v 3.423618 60.956085 19.460932
v 4.836641 62.078373 21.364262
v 2.856314 61.708160 20.512905
v 0.896282 61.082825 19.943325
v 2.385699 62.241974 21.359005
v 0.479245 61.592762 20.768620
v -1.297440 60.783302 20.473492
v 0.159673 61.934849 21.390162
v -1.551606 61.103653 21.048740
v -0.083970 62.169563 21.846111
v -1.738392 61.331818 21.477238
v 2.016130 62.607254 21.997143
v 1.719656 62.866154 22.483936
v 3.915239 63.018970 22.890959
v 3.583332 63.283752 23.373077
v 3.312435 63.486862 23.765665
v 5.390684 63.440552 24.505026
v 5.080347 63.654442 24.886311
v 4.808404 63.836285 25.222092
v 6.709607 63.586460 26.197277
v 6.406804 63.780834 26.516655
v 7.818595 63.515743 27.924797
v 12.083909 59.262386 34.598953
v 12.573618 58.488605 34.096199
v 12.017924 59.506260 34.158722
v 12.502070 58.767662 33.667732
v 11.906864 59.803577 33.703438
v 12.390031 59.084721 33.225777
v 11.723925 60.192493 33.163506
v 12.222331 59.486221 32.719227
v 11.450507 60.682373 32.453625
v 11.957664 60.012318 32.004585
v 11.078755 61.218430 31.527134
v 11.541915 60.660828 31.108027
v 12.193886 59.792164 30.383472
v 10.952520 61.354614 29.840019
v 11.563752 60.617062 29.071041
v 12.254832 59.671539 28.061792
v 10.641582 61.418858 27.605602
v 11.303254 60.583641 26.620022
v 11.974279 59.623859 25.480711
v 10.061149 61.368156 25.158298
v 10.707983 60.463436 24.021198
v 11.333293 59.451977 22.820415
v 9.160313 61.060085 22.621618
v 8.523863 61.918133 23.740749
v 6.754621 62.154976 22.461708
v 7.943080 62.561848 24.654432
v 6.212025 62.743797 23.344757
v 4.331027 62.630444 22.229315
v 5.760431 63.155533 24.014154
v 7.446590 63.029831 25.343544
v 7.041522 63.354401 25.835529
v 8.907980 62.647644 26.805447
v 8.475646 63.039146 27.290346
v 8.143544 63.294456 27.620031
v 9.613644 62.505733 28.822886
v 9.275422 62.808678 29.131931
v 8.942292 63.080845 29.401865
v 10.123202 62.234909 30.610252
v 9.782351 62.554207 30.839455
v 10.348589 62.023499 32.027058
v 11.227738 60.428932 35.329842
v 11.633521 59.899235 35.008793
v 11.192780 60.606747 34.890610
v 11.579356 60.112396 34.564156
v 11.107185 60.848175 34.376984
v 11.478865 60.376251 34.088482
v 10.951303 61.171551 33.738380
v 11.314874 60.728271 33.488403
v 10.712993 61.561672 32.958019
v 11.057544 61.170891 32.716408
v 10.688128 61.662075 31.798578
v 10.488198 61.865864 30.301279
v 10.073668 62.056065 28.334269
v 9.442937 62.105225 26.107260
v -2.341555 18.004519 -15.407100
v -3.051192 17.908834 -13.972014
v -3.793924 18.042662 -12.662330
v -4.448492 18.300880 -11.658374
v -4.925965 17.706091 -13.260140
v -5.555844 17.946762 -12.269701
v -6.135097 18.250490 -11.510313
v -6.604021 17.498075 -12.773091
v -7.715924 18.182940 -11.279234
v -6.717512 18.656822 -10.926805
v -8.294600 18.670938 -10.899725
v -8.860099 19.292135 -10.823734
v -7.865731 19.818481 -10.300604
v -9.369370 19.975569 -10.998718
v -9.765996 20.656786 -11.411289
v -8.667432 21.267359 -10.781532
v -10.031025 21.311712 -12.013779
v -10.193480 21.976093 -12.852246
v -9.027664 22.653744 -12.111697
v -10.202749 22.601540 -13.908328
v -7.517847 24.043161 -12.308602
v -7.229680 24.608414 -13.566183
v -6.080612 25.277706 -16.426222
v -7.501420 24.391844 -17.268536
v -6.677845 24.977177 -15.021273
v -8.014765 23.969139 -15.909205
v -9.268194 23.261789 -16.695683
v -8.624518 23.549568 -18.087498
v -9.850705 22.972216 -15.230701
v -10.482707 22.506462 -17.299726
v -10.912553 21.016560 -13.201152
v -9.656878 19.165979 -11.320780
v -9.055824 18.529263 -11.183335
v -10.173738 19.800777 -11.716384
v -8.353883 17.467299 -11.368582
v -8.038415 17.095711 -11.846950
v -7.541743 16.798815 -12.902145
v -3.549511 17.689880 -15.995071
v -4.170593 17.656563 -17.917044
v -5.347753 17.188601 -18.445492
v -3.759220 18.252253 -19.096081
v -5.983422 16.705008 -16.958374
v -2.349018 18.845993 -18.475933
v -2.148597 19.602591 -19.391397
v -2.127847 20.452339 -20.053391
v -3.558064 19.901041 -20.689856
v -9.311781 23.058596 -20.106066
v -9.895762 22.835310 -18.833450
v -7.990833 23.754526 -19.236063
v -8.751684 23.095222 -21.108343
v -7.397607 23.810659 -20.168722
v -6.165408 24.415215 -19.461361
v -6.771776 23.507994 -20.929968
v -3.967703 24.607590 -19.586456
v -3.384016 23.972851 -20.185268
v -2.885060 23.198669 -20.567230
v -2.493120 22.305222 -20.687155
v -4.373657 22.653950 -21.238539
v -7.538122 22.286970 -22.500364
v -8.139296 22.800852 -21.904026
v -2.239685 21.362099 -20.499895
v -6.140995 17.281990 -20.643515
v -5.937675 18.075495 -21.646042
v -4.918223 17.768181 -19.651459
v -5.035877 18.633781 -10.890019
v -5.616226 19.060019 -10.289014
v -6.501089 20.380791 -9.577456
v -6.949305 21.137676 -9.673016
v -7.267565 21.898655 -10.019685
v -7.477890 22.628471 -10.550027
v -7.157298 17.808626 -11.919057
v -7.304255 19.177454 -10.504413
v -8.327248 20.547163 -10.418523
v -8.905315 21.964588 -11.330310
v -7.567347 23.337975 -11.300871
v -8.989030 23.313595 -13.149620
v -8.606790 23.695404 -14.454107
v -6.832812 24.493435 -18.449833
v -11.080112 21.637117 -14.312413
v -8.628583 17.948542 -11.187595
v -7.027061 16.598066 -13.983632
v -6.004934 17.271357 -13.801120
v -5.364168 17.171459 -15.081981
v -4.224942 17.582195 -14.554833
v -3.556883 19.023636 -20.024755
v -4.701342 19.459093 -21.296204
v -3.696197 20.829639 -21.134615
v -4.872684 20.400869 -21.744652
v -5.492584 24.011074 -20.272800
v -4.890860 23.411131 -20.870975
v -3.959580 21.768915 -21.345308
v -5.627584 22.220472 -21.876789
v -6.166982 22.948830 -21.509275
v -6.047597 19.678579 -9.858386
v -5.414932 25.348074 -17.669130
v -4.648035 25.086155 -18.760618
v -10.920905 22.112476 -15.731106
v -10.598924 20.402769 -12.310846
v -6.524904 16.545599 -15.340878
v -4.729754 17.286938 -16.530111
v -2.741762 18.228710 -17.319674
v -4.708192 18.564121 -20.603920
v -5.979944 18.961390 -22.325594
v -6.184526 19.863605 -22.771074
v -5.180693 21.338924 -21.961540
v -6.527985 20.770493 -22.958609
v -6.989933 16.134411 -17.348049
v -6.551909 16.630539 -19.162792
v -6.988965 21.595116 -22.849283
v -5.571409 26.481071 -15.976044
v -11.186732 23.016220 -18.766182
v -6.619965 25.843554 -13.500165
v -12.025027 22.351549 -16.211277
v -7.005747 25.614033 -13.968319
v -10.879645 23.232649 -18.418606
v -6.127984 26.147726 -16.027365
v -11.642806 22.681887 -16.281744
v -6.796947 25.275311 -13.977059
v -10.635326 22.897646 -18.411211
v -5.917780 25.809599 -16.034561
v -11.370118 22.342607 -16.220203
v -10.309069 21.816099 -18.731806
v -5.809721 24.629101 -13.454295
v -8.260080 24.854752 -12.205462
v -8.650834 24.620483 -12.193396
v -8.446050 24.742947 -12.145873
v -11.984961 22.563383 -14.080746
v -12.082724 22.432518 -14.353079
v -12.065411 22.474905 -14.196355
v -5.977146 26.250835 -18.421276
v -5.749898 26.384647 -18.093681
v -5.825371 26.340700 -18.285471
v -9.785068 23.970984 -20.141991
v -9.416088 24.197981 -20.093290
v -9.609267 24.080252 -20.175394
v -8.747746 24.566242 -12.883623
v -8.357632 24.799946 -12.899102
v -8.543907 24.688082 -12.837734
v -11.700399 22.747066 -14.685728
v -11.552917 22.878132 -14.399363
v -11.660873 22.789450 -14.519275
v -9.335588 24.245918 -19.420391
v -9.711305 24.016571 -19.436970
v -9.531908 24.126923 -19.474697
v -6.276970 26.067413 -17.750565
v -6.505181 25.933161 -18.075953
v -6.352706 26.023336 -17.941313
v -8.150771 24.460329 -12.905881
v -8.540036 24.227173 -12.889555
v -8.336822 24.348625 -12.844207
v -11.307547 22.537394 -14.356341
v -11.427053 22.406635 -14.618551
v -11.397771 22.448879 -14.462858
v -9.487046 23.682480 -19.453514
v -9.119166 23.910206 -19.420868
v -9.311616 23.792324 -19.490616
v -6.294079 25.595446 -18.078247
v -6.066263 25.729475 -17.754665
v -6.141879 25.685465 -17.944559
v -7.455812 23.637550 -12.150305
v -7.848760 23.402063 -12.138821
v -7.642498 23.525389 -12.090590
v -11.045695 21.213673 -13.970021
v -10.938917 21.344296 -13.704367
v -11.003719 21.255962 -13.807097
v -4.929986 25.174339 -18.042776
v -5.156605 25.040838 -18.366949
v -5.005083 25.130562 -18.233160
v -8.928654 22.773287 -20.125826
v -8.568846 22.999407 -20.080488
v -8.757125 22.882374 -20.172171
v -4.831951 25.320190 -15.909221
v -11.112781 21.227238 -16.094656
vn -0.0974 0.7421 -0.6631
vn 0.4569 0.6463 -0.6112
vn 0.4570 0.6462 -0.6112
vn -0.0974 0.7421 -0.6632
vn -0.2381 0.9464 0.2184
vn -0.2223 0.9749 0.0098
vn -0.8431 0.5336 -0.0664
vn -0.8451 0.5149 0.1439
vn 0.7828 0.1851 -0.5941
vn 0.7829 0.1849 -0.5941
vn 0.6894 -0.3716 -0.6218
vn 0.6893 -0.3718 -0.6218
vn 0.2309 -0.6977 -0.6782
vn 0.2472 0.2759 -0.9289
vn 0.3746 0.0955 -0.9222
vn 0.1589 -0.2495 -0.9553
vn -0.0580 -0.2120 -0.9756
vn -0.0579 -0.2120 -0.9756
vn 0.3381 -0.1221 -0.9332
vn -0.6497 -0.1399 -0.7472
vn -0.6496 -0.1402 -0.7472
vn -0.3238 -0.6017 -0.7301
vn -0.3239 -0.6017 -0.7301
vn -0.9699 -0.2203 -0.1036
vn -0.9691 -0.2222 0.1074
vn -0.8429 0.5339 -0.0664
vn -0.2222 0.9749 0.0098
vn 0.2493 0.2794 -0.9272
vn 0.3786 0.0964 -0.9205
vn 0.0989 0.0333 -0.9945
vn -0.1486 0.1861 -0.9712
vn 0.0305 0.3134 -0.9491
vn 0.0305 0.3133 -0.9491
vn -0.1487 0.1860 -0.9712
vn -0.1853 -0.0315 -0.9822
vn -0.1853 -0.0316 -0.9822
vn 0.3415 -0.1244 -0.9316
vn 0.1597 -0.2537 -0.9540
vn -0.1524 0.1883 -0.9702
vn 0.0294 0.3174 -0.9478
vn -0.1896 -0.0325 -0.9813
vn -0.0603 -0.2156 -0.9746
vn 0.1965 -0.9601 0.1991
vn 0.2222 -0.9749 -0.0098
vn 0.8429 -0.5339 0.0664
vn 0.8034 -0.5288 0.2736
vn -0.5286 -0.8451 -0.0802
vn -0.5376 -0.8331 0.1303
vn 0.9276 0.2082 0.3101
vn 0.9700 0.2199 0.1036
vn 0.5288 0.8450 0.0802
vn 0.4962 0.8193 0.2873
vn 0.8329 0.1845 0.5217
vn 0.4347 0.7486 0.5006
vn -0.9180 -0.2128 0.3346
vn -0.8035 0.4676 0.3683
vn 0.1580 -0.8940 0.4192
vn 0.7183 -0.4959 0.4880
vn -0.2432 0.8659 0.4371
vn -0.9700 -0.2199 -0.1036
vn -0.5197 -0.7768 0.3556
vn -0.0989 -0.0334 0.9945
vn 0.5286 0.8451 0.0802
vn 0.9699 0.2203 0.1036
vn 0.8431 -0.5336 0.0664
vn 0.2223 -0.9749 -0.0098
vn -0.5288 -0.8450 -0.0802
vn -0.5557 0.4166 -0.7195
vn -0.5558 0.4165 -0.7195
vn 0.7593 -0.1387 0.6358
vn 0.7048 -0.6057 0.3694
vn 0.5294 -0.7686 0.3593
vn 0.4516 -0.6082 0.6528
vn 0.3780 0.3749 0.8465
vn 0.3356 0.7474 0.5734
vn 0.7005 0.5830 0.4117
vn 0.2853 -0.2568 0.9234
vn 0.9688 -0.1986 0.1481
vn 0.8345 -0.5090 0.2109
vn 0.9607 0.2764 -0.0243
vn -0.2551 0.6850 0.6824
vn -0.7310 0.4967 0.4679
vn -0.8184 0.5518 0.1607
vn -0.6219 0.7828 -0.0199
vn -0.4089 0.0279 0.9121
vn -0.7059 0.2319 0.6693
vn 0.2752 0.1140 0.9546
vn -0.1366 -0.2211 0.9656
vn 0.3153 0.9066 0.2805
vn 0.6619 0.4025 0.6323
vn -0.2206 0.9368 -0.2715
vn -0.2400 -0.8718 0.4271
vn 0.0117 -0.9999 -0.0091
vn 0.2535 -0.9015 0.3508
vn -0.1167 -0.7025 0.7021
vn -0.5846 -0.7266 0.3609
vn -0.3308 -0.9220 -0.2011
vn -0.5456 -0.4221 0.7240
vn 0.4022 0.7993 0.4464
vn 0.4468 0.8337 0.3244
vn 0.1842 0.7635 0.6190
vn 0.0595 0.7596 0.6477
vn 0.3705 0.7329 0.5705
vn 0.6289 0.5929 0.5030
vn 0.6572 0.6816 0.3219
vn 0.0435 0.7977 0.6015
vn 0.5483 0.8362 0.0080
vn 0.5940 0.7966 -0.1122
vn -0.6925 -0.0934 0.7154
vn -0.4462 -0.3261 0.8334
vn -0.4520 -0.6009 0.6593
vn -0.8293 -0.3497 0.4359
vn -0.4951 0.0563 0.8670
vn -0.4430 -0.0003 0.8965
vn -0.5547 0.1360 0.8208
vn -0.4422 0.1626 0.8821
vn -0.9714 0.0476 0.2327
vn -0.8471 0.1499 0.5098
vn -0.6237 0.2019 0.7551
vn 0.2861 0.8768 -0.3865
vn 0.5073 0.6549 -0.5601
vn 0.6693 0.7371 0.0935
vn 0.5740 0.8159 0.0696
vn -0.1313 0.6443 -0.7534
vn 0.2778 0.4439 -0.8519
vn -0.5171 0.6710 -0.5314
vn 0.9967 -0.0410 -0.0708
vn 0.9937 -0.1010 -0.0487
vn 0.9487 -0.2537 -0.1889
vn 0.9666 -0.1173 -0.2279
vn 0.9351 0.3535 0.0261
vn 0.9493 0.2334 0.2105
vn 0.8944 0.3333 -0.2983
vn 0.6608 -0.2726 -0.6993
vn 0.4582 -0.0586 -0.8869
vn 0.4404 -0.0290 -0.8974
vn 0.5923 -0.3139 -0.7420
vn 0.5442 -0.1872 -0.8178
vn 0.4376 -0.0657 -0.8968
vn 0.6698 -0.5218 -0.5282
vn 0.8078 -0.4143 -0.4193
vn 0.7865 -0.1223 -0.6054
vn 0.5701 -0.1353 -0.8103
vn 0.9414 -0.1414 -0.3063
vn -0.2251 -0.8724 -0.4339
vn -0.5793 -0.6864 -0.4396
vn -0.6593 -0.6511 -0.3760
vn -0.3790 -0.8010 -0.4635
vn -0.2109 -0.8625 -0.4600
vn -0.1648 -0.9508 -0.2625
vn -0.0298 -0.9935 -0.1101
vn 0.1000 -0.9439 -0.3147
vn 0.2094 -0.8593 -0.4666
vn -0.1268 -0.7671 -0.6289
vn -0.5334 -0.5693 -0.6256
vn -0.1238 0.0657 -0.9901
vn -0.0152 -0.1655 -0.9861
vn -0.3430 -0.1676 -0.9243
vn -0.4126 0.1281 -0.9018
vn 0.0494 0.2213 -0.9740
vn 0.3006 -0.1026 -0.9482
vn -0.3188 0.4221 -0.8486
vn -0.8725 -0.4653 -0.1493
vn -0.8764 -0.4284 -0.2198
vn -0.9838 -0.1604 0.0797
vn -0.9131 -0.3688 0.1738
vn -0.9196 -0.3738 -0.1205
vn -0.8594 -0.3165 -0.4015
vn -0.8297 -0.3985 -0.3909
vn -0.8907 -0.4218 0.1697
vn -0.6794 -0.4904 -0.5458
vn -0.3710 0.3442 0.8625
vn -0.3010 0.4353 0.8485
vn -0.4159 0.5628 0.7144
vn -0.4450 0.5351 0.7181
vn -0.4521 0.2929 0.8425
vn -0.2771 0.1997 0.9399
vn -0.2147 0.2723 0.9380
vn -0.1530 0.3282 0.9322
vn -0.5011 0.5143 0.6960
vn -0.1912 -0.3470 -0.9182
vn -0.6258 -0.1160 -0.7713
vn -0.6747 -0.4864 -0.5552
vn -0.4059 -0.6094 -0.6811
vn 0.0131 0.1445 -0.9894
vn -0.4119 0.3206 -0.8530
vn 0.2456 -0.4202 -0.8736
vn 0.4229 -0.1033 -0.9003
vn -0.0130 -0.5953 -0.8034
vn 0.2235 -0.6164 -0.7550
vn -0.1578 -0.6378 -0.7538
vn 0.5247 0.5798 0.6233
vn 0.2083 -0.2624 0.9422
vn -0.2316 -0.0132 0.9727
vn -0.0471 0.2695 0.9619
vn 0.8046 0.5660 -0.1797
vn 0.8252 -0.5143 0.2334
vn 0.4969 0.7594 0.4200
vn 0.7055 0.7086 0.0135
vn 0.2209 0.7572 0.6147
vn 0.2559 0.6823 0.6849
vn 0.0649 0.5469 0.8347
vn -0.6512 -0.6878 -0.3207
vn -0.8724 -0.4753 0.1142
vn -0.9323 -0.2350 -0.2750
vn -0.5674 -0.5467 -0.6157
vn -0.1250 -0.7923 -0.5972
vn 0.8416 0.0001 -0.5401
vn 0.7618 -0.4767 -0.4386
vn 0.5160 -0.3360 -0.7880
vn 0.6405 0.1413 -0.7548
vn 0.9641 0.2378 -0.1185
vn 0.9011 -0.4322 0.0359
vn 0.7252 0.5529 -0.4103
vn -0.5276 0.8308 0.1773
vn -0.5757 0.7064 0.4118
vn -0.1238 0.8650 0.4862
vn -0.1338 0.9892 0.0595
vn -0.6714 0.7411 -0.0010
vn -0.7782 0.5784 0.2448
vn -0.3207 0.9074 -0.2716
vn 0.7542 -0.4419 0.4857
vn 0.5520 -0.5078 0.6614
vn 0.7057 -0.3765 0.6002
vn 0.8271 -0.3180 0.4634
vn 0.9325 -0.1557 0.3258
vn 0.8973 -0.2706 0.3487
vn 0.6796 0.4010 -0.6143
vn 0.7548 -0.1010 -0.6481
vn 0.3893 -0.9195 0.0543
vn 0.3143 -0.9458 0.0816
vn 0.1360 -0.8682 0.4772
vn 0.5969 -0.7069 -0.3794
vn -0.0970 -0.6026 0.7921
vn -0.0400 0.2057 0.9778
vn 0.1969 -0.0767 0.9774
vn 0.4032 0.2684 0.8749
vn -0.0413 0.5242 0.8506
vn -0.3216 0.5934 0.7378
vn -0.2626 0.2346 0.9359
vn -0.0848 -0.2049 0.9751
vn -0.8820 -0.4593 -0.1053
vn -0.8015 -0.4239 -0.4217
vn -0.7701 -0.3537 -0.5308
vn -0.8777 -0.3327 -0.3448
vn -0.9427 -0.2711 -0.1944
vn -0.8657 -0.4980 0.0502
vn -0.7248 -0.6604 0.1961
vn -0.7387 -0.6555 0.1570
vn -0.7560 -0.4264 -0.4966
vn 0.2775 -0.6818 0.6769
vn 0.4321 -0.8223 0.3704
vn 0.8356 -0.2708 0.4779
vn 0.4889 -0.1769 0.8542
vn 0.0984 -0.7484 0.6559
vn 0.1178 -0.9544 0.2744
vn 0.1370 -0.2828 0.9493
vn 0.8918 -0.4214 0.1648
vn 0.8245 -0.2648 0.5001
vn 0.5659 -0.6209 0.5424
vn 0.7148 -0.6942 0.0847
vn 0.9623 -0.2692 -0.0397
vn 0.9518 -0.0045 0.3065
vn 0.8113 -0.5079 -0.2895
vn 0.1340 -0.7505 -0.6471
vn -0.1322 -0.7839 -0.6067
vn -0.1788 -0.9172 -0.3562
vn 0.1387 -0.9274 -0.3475
vn 0.3155 -0.8885 -0.3332
vn 0.3604 -0.8205 -0.4438
vn -0.0211 -0.6795 -0.7334
vn -0.1491 -0.7015 -0.6969
vn 0.2391 -0.4441 -0.8635
vn 0.0777 -0.6672 -0.7408
vn 0.4476 -0.4507 -0.7724
vn 0.3723 -0.6411 -0.6711
vn 0.4663 -0.7985 -0.3806
vn 0.2294 -0.6518 -0.7229
vn 0.3567 -0.2919 -0.8874
vn 0.1538 -0.8947 -0.4193
vn 0.7931 -0.5186 -0.3194
vn 0.7288 -0.5698 -0.3797
vn 0.6440 -0.6608 -0.3855
vn 0.6836 -0.6410 -0.3491
vn 0.8666 -0.3734 -0.3311
vn 0.8082 -0.4550 -0.3739
vn 0.7626 -0.5992 -0.2435
vn 0.8507 -0.4544 -0.2644
vn 0.8796 -0.4123 -0.2374
vn 0.6857 -0.6646 -0.2968
vn 0.9112 -0.3371 -0.2366
vn 0.5474 -0.7673 -0.3339
vn 0.4534 -0.7976 -0.3978
vn 0.4520 -0.8186 -0.3544
vn 0.5776 -0.7642 -0.2871
vn 0.5383 -0.7731 -0.3356
vn 0.4242 -0.8239 -0.3758
vn 0.6124 -0.7176 -0.3316
vn -0.8855 -0.2990 -0.3557
vn -0.8626 -0.3837 -0.3297
vn -0.7736 -0.5552 -0.3054
vn -0.5437 -0.7608 -0.3544
vn -0.4635 -0.6535 -0.5984
vn -0.8419 -0.4921 -0.2214
vn -0.3912 -0.6381 -0.6631
vn 0.0388 -0.6243 -0.7803
vn 0.1381 -0.7056 -0.6950
vn 0.1777 -0.7158 -0.6753
vn 0.0875 -0.5941 -0.7996
vn -0.0059 -0.6229 -0.7823
vn -0.0475 -0.6649 -0.7454
vn 0.0628 -0.7371 -0.6729
vn 0.5136 -0.7328 -0.4463
vn 0.4215 -0.8937 -0.1537
vn 0.6006 -0.7959 -0.0765
vn 0.6403 -0.7416 -0.2000
vn 0.7226 -0.6467 -0.2442
vn 0.7293 -0.5698 -0.3787
vn 0.7421 -0.5180 -0.4254
vn 0.5389 -0.5522 -0.6362
vn 0.3119 -0.7458 -0.5886
vn 0.2969 -0.9241 -0.2405
vn 0.3310 -0.5661 -0.7550
vn 0.7116 -0.6875 -0.1449
vn 0.7532 -0.6486 -0.1098
vn 0.8313 -0.5061 -0.2298
vn 0.7215 -0.6245 -0.2991
vn 0.6032 -0.7056 -0.3719
vn 0.6580 -0.7312 -0.1802
vn 0.6951 -0.7172 -0.0497
vn 0.7358 -0.6653 -0.1262
vn 0.0581 0.8971 -0.4379
vn 0.2571 0.8150 -0.5194
vn 0.0681 0.8600 -0.5057
vn -0.0820 0.9067 -0.4137
vn -0.0941 0.8739 -0.4769
vn 0.0964 0.8998 -0.4255
vn 0.3470 0.8519 -0.3921
vn -0.1172 0.9320 -0.3429
vn -0.1588 0.9122 -0.3778
vn 0.0810 0.8095 -0.5815
vn -0.1000 0.9139 -0.3934
vn -0.6095 0.5671 -0.5540
vn -0.6180 0.5379 -0.5733
vn -0.6576 0.5091 -0.5554
vn -0.6396 0.5580 -0.5287
vn -0.5630 0.6093 -0.5584
vn -0.5641 0.5891 -0.5786
vn -0.5725 0.6247 -0.5310
vn 0.9725 -0.0510 0.2271
vn 0.9762 -0.0015 0.2167
vn 0.9806 0.0969 0.1702
vn 0.9826 0.0773 0.1689
vn 0.9753 0.0657 0.2111
vn 0.9778 0.1301 0.1644
vn 0.9494 -0.0168 0.3135
vn 0.8864 -0.1067 0.4505
vn 0.9568 0.1280 0.2610
vn 0.9724 0.1463 0.1820
vn 0.9269 0.1269 0.3533
vn 0.8217 -0.1392 0.5527
vn 0.9019 0.1323 0.4112
vn 0.9316 0.3124 0.1856
vn 0.9537 0.2623 0.1471
vn 0.9097 0.3552 0.2153
vn 0.8941 0.1200 0.4316
vn 0.9001 0.3671 0.2347
vn 0.8729 0.4874 0.0218
vn 0.9066 0.4219 0.0056
vn 0.8436 0.5352 0.0444
vn 0.9013 0.3543 0.2493
vn 0.8320 0.5507 0.0673
vn 0.7832 0.6122 -0.1086
vn 0.8308 0.5405 -0.1328
vn 0.7465 0.6601 -0.0838
vn 0.8374 0.5400 0.0846
vn 0.7359 0.6733 -0.0721
vn 0.6727 0.7044 -0.2265
vn 0.7347 0.6329 -0.2441
vn 0.6323 0.7427 -0.2205
vn 0.7445 0.6636 -0.0735
vn 0.6227 0.7487 -0.2274
vn 0.5369 0.7601 -0.3660
vn 0.6068 0.7023 -0.3722
vn 0.4981 0.7857 -0.3668
vn 0.4915 0.7851 -0.3768
vn 0.3442 0.7994 -0.4925
vn 0.3710 0.7826 -0.5000
vn 0.6280 0.7400 -0.2408
vn 0.4409 0.7356 -0.5143
vn 0.2515 0.7453 -0.6175
vn 0.3366 0.6804 -0.6510
vn 0.5270 0.6700 -0.5228
vn 0.4144 0.6213 -0.6650
vn 0.2154 0.6112 -0.7616
vn 0.2731 0.5649 -0.7787
vn 0.4586 0.5947 -0.6603
vn 0.5898 0.6159 -0.5223
vn 0.2986 0.5577 -0.7745
vn 0.1123 0.4962 -0.8609
vn 0.1332 0.5009 -0.8552
vn 0.2990 0.5814 -0.7567
vn 0.4719 0.5980 -0.6479
vn 0.1309 0.5386 -0.8323
vn -0.0242 0.4209 -0.9068
vn -0.0187 0.4694 -0.8828
vn 0.1160 0.5874 -0.8010
vn 0.2839 0.6229 -0.7290
vn -0.0279 0.5301 -0.8475
vn -0.1730 0.3647 -0.9149
vn -0.1767 0.4399 -0.8805
vn -0.0468 0.5880 -0.8075
vn 0.0963 0.6387 -0.7634
vn -0.1900 0.5125 -0.8374
vn -0.3439 0.3007 -0.8895
vn -0.3484 0.3929 -0.8510
vn -0.2067 0.5725 -0.7934
vn -0.0680 0.6393 -0.7659
vn -0.3569 0.4736 -0.8052
vn -0.4967 0.2384 -0.8345
vn -0.4997 0.3473 -0.7935
vn -0.3689 0.5378 -0.7581
vn -0.2254 0.6223 -0.7496
vn -0.5035 0.4353 -0.7464
vn -0.6090 0.2230 -0.7612
vn -0.6066 0.3365 -0.7203
vn -0.5063 0.5026 -0.7008
vn -0.3827 0.5902 -0.7108
vn -0.6016 0.4199 -0.6795
vn -0.6723 0.2600 -0.6931
vn -0.6659 0.3562 -0.6556
vn -0.5961 0.4821 -0.6420
vn -0.5082 0.5580 -0.6560
vn -0.6530 0.4221 -0.6289
vn -0.7010 0.3156 -0.6395
vn -0.6858 0.3822 -0.6194
vn -0.6349 0.4746 -0.6096
vn -0.5842 0.5298 -0.6149
vn -0.6710 0.4340 -0.6012
vn -0.6992 0.3679 -0.6130
vn -0.6851 0.4197 -0.5954
vn -0.6601 0.4737 -0.5830
vn -0.6222 0.5131 -0.5912
vn -0.6737 0.4654 -0.5741
vn -0.6709 0.5079 -0.5404
vn -0.7124 0.3026 -0.6332
vn -0.7107 0.2087 -0.6718
vn -0.7250 0.1912 -0.6616
vn -0.7121 0.0585 -0.6996
vn -0.7259 0.0315 -0.6871
vn -0.6759 0.1261 -0.7261
vn -0.6725 -0.0308 -0.7394
vn -0.7053 -0.1156 -0.6994
vn -0.6063 0.0877 -0.7904
vn -0.6081 -0.0352 -0.7931
vn -0.6759 -0.1702 -0.7171
vn -0.4968 0.1305 -0.8580
vn -0.5064 0.0644 -0.8599
vn -0.6326 -0.0889 -0.7694
vn -0.3450 0.2230 -0.9118
vn -0.3595 0.2063 -0.9101
vn -0.5376 0.0908 -0.8383
vn -0.1839 0.3199 -0.9294
vn -0.2067 0.3335 -0.9198
vn -0.3787 0.2625 -0.8875
vn -0.0488 0.4145 -0.9088
vn -0.0878 0.4614 -0.8828
vn -0.2367 0.4049 -0.8832
vn 0.0664 0.5343 -0.8427
vn -0.0007 0.6141 -0.7893
vn -0.1367 0.5574 -0.8189
vn 0.1332 0.6847 -0.7165
vn 0.0658 0.7496 -0.6586
vn -0.0644 0.6999 -0.7113
vn 0.2014 0.7860 -0.5845
vn 0.1920 0.8054 -0.5608
vn 0.0408 0.7881 -0.6141
vn 0.3463 0.8026 -0.4857
vn 0.3606 0.7995 -0.4804
vn 0.2063 0.8116 -0.5466
vn 0.4964 0.7788 -0.3835
vn 0.5051 0.7709 -0.3881
vn 0.6317 0.7324 -0.2539
vn 0.6364 0.7233 -0.2681
vn 0.7521 0.6529 -0.0893
vn 0.7547 0.6465 -0.1120
vn 0.7517 0.6549 -0.0784
vn 0.8462 0.5221 0.1063
vn 0.8435 0.5271 0.1037
vn 0.8463 0.5238 0.0971
vn 0.8992 0.3351 0.2812
vn 0.8909 0.3426 0.2983
vn 0.9034 0.3383 0.2634
vn 0.8878 0.0960 0.4502
vn 0.8773 0.1015 0.4690
vn 0.8926 0.1017 0.4393
vn 0.7883 -0.1423 0.5986
vn 0.7827 -0.1466 0.6049
vn 0.7953 -0.1396 0.5899
vn 0.6284 -0.3585 0.6904
vn 0.6160 -0.3468 0.7073
vn 0.4424 -0.5128 0.7358
vn 0.4268 -0.4894 0.7605
vn 0.2754 -0.6115 0.7418
vn 0.2559 -0.5800 0.7734
vn 0.3133 -0.6325 0.7084
vn 0.1461 -0.7210 0.6773
vn 0.1126 -0.6902 0.7149
vn -0.7145 -0.1550 -0.6822
vn -0.7111 -0.2714 -0.6486
vn -0.7260 -0.3290 -0.6039
vn -0.7193 -0.2285 -0.6561
vn -0.8157 -0.1675 -0.5536
vn -0.6933 -0.0257 -0.7202
vn -0.7434 0.1064 -0.6603
vn -0.8914 -0.0502 -0.4504
vn -0.5640 0.1960 -0.8022
vn -0.5657 0.3184 -0.7606
vn -0.7562 0.2197 -0.6163
vn -0.3924 0.3634 -0.8450
vn -0.4139 0.4846 -0.7706
vn -0.5679 0.4252 -0.7047
vn -0.2736 0.5197 -0.8094
vn -0.3006 0.6219 -0.7231
vn -0.4314 0.5726 -0.6972
vn -0.1810 0.6574 -0.7315
vn -0.2068 0.7187 -0.6639
vn -0.3123 0.6750 -0.6685
vn -0.0968 0.7555 -0.6479
vn -0.0971 0.7831 -0.6142
vn -0.2159 0.7478 -0.6278
vn 0.0496 0.8060 -0.5898
vn 0.0738 0.8140 -0.5762
vn -0.0785 0.7961 -0.6000
vn 0.2308 0.8117 -0.5365
vn 0.2580 0.8079 -0.5299
vn 0.1050 0.8134 -0.5722
vn 0.3785 0.7934 -0.4767
vn 0.3955 0.7874 -0.4729
vn 0.5147 0.7626 -0.3919
vn 0.5233 0.7557 -0.3939
vn 0.6413 0.7148 -0.2788
vn 0.6439 0.7091 -0.2873
vn 0.7581 0.6388 -0.1317
vn 0.7577 0.6363 -0.1447
vn 0.8541 0.5171 0.0550
vn 0.8539 0.5192 0.0361
vn 0.8478 0.5240 0.0820
vn 0.8941 0.3370 0.2948
vn 0.9047 0.3267 0.2735
vn 0.8881 0.3447 0.3041
vn 0.8643 0.0978 0.4934
vn 0.8674 0.0848 0.4904
vn 0.8672 0.1047 0.4869
vn 0.7622 -0.1543 0.6286
vn 0.7585 -0.1686 0.6295
vn 0.7721 -0.1486 0.6179
vn 0.6177 -0.3567 0.7008
vn 0.6140 -0.3666 0.6991
vn 0.6190 -0.3521 0.7021
vn 0.4439 -0.4926 0.7485
vn 0.4581 -0.5003 0.7347
vn 0.2756 -0.5864 0.7617
vn 0.2994 -0.6028 0.7396
vn 0.0954 -0.6656 0.7402
vn 0.1181 -0.6915 0.7127
vn 0.0837 -0.6552 0.7508
vn -0.1098 -0.7234 0.6816
vn -0.1088 -0.7343 0.6700
vn -0.0708 -0.7636 0.6418
vn -0.2626 -0.8138 0.5185
vn -0.3115 -0.7651 0.5635
vn -0.0373 -0.8003 0.5985
vn -0.2262 -0.8546 0.4673
vn -0.4998 -0.8302 0.2470
vn -0.6036 -0.7698 0.2077
vn -0.6096 -0.7521 0.2505
vn -0.5234 -0.7993 0.2951
vn -0.4176 -0.8227 0.3858
vn -0.3804 -0.8621 0.3347
vn -0.5537 -0.7575 0.3457
vn -0.4682 -0.7699 0.4336
vn -0.6120 -0.7325 0.2982
vn -0.6068 -0.7363 0.2993
vn -0.5612 -0.7532 0.3431
vn -0.4798 -0.7686 0.4231
vn -0.5517 -0.7688 0.3234
vn -0.4670 -0.7923 0.3927
vn -0.3176 -0.7717 0.5511
vn -0.3039 -0.8027 0.5131
vn -0.4400 -0.8212 0.3634
vn -0.2828 -0.8374 0.4677
vn -0.0938 -0.7665 0.6354
vn -0.0777 -0.8047 0.5885
vn -0.2678 -0.8563 0.4417
vn -0.0687 -0.8311 0.5518
vn 0.1391 -0.7230 0.6767
vn 0.1532 -0.7515 0.6417
vn -0.0621 -0.8412 0.5371
vn 0.1633 -0.7696 0.6173
vn 0.3317 -0.6492 0.6845
vn 0.3182 -0.6245 0.7132
vn 0.3400 -0.6708 0.6591
vn 0.1739 -0.7798 0.6013
vn 0.3463 -0.6871 0.6387
vn 0.4720 -0.5629 0.6785
vn 0.4705 -0.5383 0.6992
vn 0.4757 -0.5860 0.6560
vn 0.3566 -0.6983 0.6207
vn 0.4900 -0.6053 0.6273
vn 0.6111 -0.4410 0.6573
vn 0.6091 -0.4119 0.6777
vn 0.6240 -0.4743 0.6211
vn 0.5069 -0.6093 0.6098
vn 0.6351 -0.4937 0.5941
vn 0.7742 -0.2518 0.5807
vn 0.7630 -0.2125 0.6105
vn 0.7798 -0.2914 0.5541
vn 0.6376 -0.4931 0.5919
vn 0.7782 -0.3144 0.5437
vn 0.8992 0.0140 0.4372
vn 0.8878 0.0439 0.4580
vn 0.9090 -0.0152 0.4165
vn 0.9209 -0.0382 0.3878
vn 0.9411 0.2962 0.1627
vn 0.9287 0.3126 0.1994
vn 0.7807 -0.3235 0.5346
vn 0.9179 0.3223 0.2315
vn 0.8486 0.5289 -0.0111
vn 0.8500 0.5266 0.0155
vn 0.9114 0.3242 0.2535
vn 0.8759 0.0670 0.4779
vn 0.7581 -0.1875 0.6246
vn 0.6116 -0.3869 0.6901
vn 0.4658 -0.5153 0.7194
vn 0.8505 0.5250 -0.0329
vn 0.7407 0.6508 -0.1668
vn 0.7461 0.6447 -0.1665
vn 0.7528 0.6392 -0.1572
vn 0.6379 0.7166 -0.2822
vn 0.6425 0.7092 -0.2902
vn 0.6323 0.7277 -0.2658
vn 0.5228 0.7795 -0.3451
vn 0.5269 0.7653 -0.3697
vn 0.5278 0.7556 -0.3879
vn 0.4105 0.7983 -0.4406
vn 0.4070 0.7881 -0.4618
vn 0.4066 0.8136 -0.4156
vn 0.2830 0.8287 -0.4829
vn 0.2864 0.8161 -0.5020
vn 0.2781 0.8079 -0.5195
vn 0.1457 0.8148 -0.5611
vn 0.1324 0.8110 -0.5699
vn 0.1451 0.8220 -0.5507
vn -0.0093 0.7871 -0.6167
vn -0.0104 0.7861 -0.6181
vn -0.0240 0.7880 -0.6152
vn -0.1560 0.7302 -0.6652
vn -0.1684 0.7385 -0.6529
vn -0.0501 0.7955 -0.6039
vn -0.1910 0.7521 -0.6307
vn -0.3021 0.6632 -0.6848
vn -0.3183 0.6802 -0.6603
vn -0.2104 0.7582 -0.6171
vn -0.3244 0.6951 -0.6416
vn -0.4413 0.5665 -0.6960
vn -0.4407 0.5927 -0.6741
vn -0.3203 0.6954 -0.6433
vn -0.4377 0.6087 -0.6617
vn -0.4361 0.6062 -0.6651
vn -0.5811 0.4586 -0.6723
vn -0.5821 0.4824 -0.6546
vn -0.5790 0.4206 -0.6984
vn -0.5792 0.3765 -0.7230
vn -0.7319 0.1403 -0.6668
vn -0.7454 0.1961 -0.6371
vn -0.7194 0.0911 -0.6886
vn -0.5818 0.3350 -0.7411
vn -0.7122 0.0529 -0.7000
vn -0.8085 -0.2388 -0.5379
vn -0.8301 -0.2159 -0.5141
vn -0.7941 -0.2494 -0.5543
vn -0.7047 0.0253 -0.7091
vn -0.7811 -0.2577 -0.5688
vn -0.8039 -0.4974 -0.3261
vn -0.8058 -0.5093 -0.3021
vn -0.7956 -0.4919 -0.3537
vn -0.7692 -0.2624 -0.5827
vn -0.7808 -0.4966 -0.3792
vn -0.7455 -0.6575 -0.1095
vn -0.7469 -0.6589 -0.0891
vn -0.7269 -0.6719 -0.1419
vn -0.7596 -0.5015 -0.4142
vn -0.7126 -0.6784 -0.1791
vn -0.6365 -0.7689 0.0609
vn -0.6522 -0.7531 0.0864
vn -0.6257 -0.7798 0.0215
vn -0.6934 -0.6776 -0.2450
vn -0.6269 -0.7786 -0.0287
vn -0.5425 -0.8246 0.1602
vn -0.5480 -0.8146 0.1899
vn -0.5537 -0.8234 0.1242
vn -0.6370 -0.7664 -0.0825
vn -0.5783 -0.8111 0.0876
vn -0.5067 -0.8312 0.2289
vn -0.4783 -0.8402 0.2557
vn -0.5496 -0.8084 0.2107
vn -0.6056 -0.7943 0.0487
vn -0.5948 -0.7799 0.1950
vn -0.4913 -0.8067 0.3283
vn -0.4421 -0.8327 0.3332
vn -0.5405 -0.7737 0.3304
vn -0.6287 -0.7614 0.1580
vn -0.5872 -0.7509 0.3022
vn -0.3645 -0.8069 0.4647
vn -0.3325 -0.8253 0.4564
vn -0.3932 -0.7976 0.4574
vn -0.6209 -0.7187 0.3130
vn -0.4341 -0.7920 0.4293
vn -0.1120 -0.8298 0.5467
vn -0.0934 -0.8154 0.5714
vn -0.1357 -0.8620 0.4885
vn -0.4499 -0.7550 0.4771
vn -0.1733 -0.8787 0.4448
vn 0.1342 -0.8686 0.4770
vn 0.1587 -0.8050 0.5716
vn 0.0968 -0.9164 0.3884
vn -0.1849 -0.8593 0.4769
vn 0.0611 -0.9322 0.3566
vn 0.3162 -0.8972 0.3083
vn 0.3593 -0.8295 0.4277
vn 0.2749 -0.9320 0.2361
vn 0.0516 -0.9263 0.3732
vn 0.2445 -0.9471 0.2077
vn 0.4344 -0.8938 0.1116
vn 0.4893 -0.8445 0.2176
vn 0.3955 -0.9170 0.0515
vn 0.3623 -0.9318 0.0230
vn 0.4737 -0.8654 -0.1635
vn 0.5102 -0.8526 -0.1131
vn 0.2193 -0.9546 0.2018
vn 0.5632 -0.8259 -0.0251
vn 0.6055 -0.7339 -0.3079
vn 0.6844 -0.7011 -0.2001
vn 0.6358 -0.7631 0.1157
vn 0.7810 -0.6239 -0.0275
vn 0.7825 -0.4614 -0.4182
vn 0.9024 -0.3645 -0.2297
vn 0.8439 -0.5092 0.1688
vn 0.6929 -0.6621 0.2857
vn 0.9717 -0.2356 -0.0151
vn 0.9098 -0.0386 -0.4133
vn 0.9756 0.0875 -0.2013
vn 0.9787 -0.1318 0.1573
vn 0.8540 -0.4027 0.3293
vn 0.9832 0.1793 -0.0342
vn 0.8935 0.3235 -0.3116
vn 0.8986 0.4066 -0.1652
vn 0.9745 0.2198 0.0442
vn 0.9656 -0.0847 0.2459
vn 0.8886 0.4471 -0.1027
vn 0.7954 0.5606 -0.2305
vn 0.7707 0.6085 -0.1891
vn 0.8755 0.4776 -0.0739
vn 0.9677 0.2390 0.0797
vn 0.7498 0.6387 -0.1729
vn 0.6466 0.7249 -0.2375
vn 0.6298 0.7385 -0.2409
vn 0.7402 0.6520 -0.1644
vn 0.8599 0.5080 -0.0501
vn 0.6275 0.7374 -0.2501
vn 0.5155 0.8031 -0.2990
vn 0.5179 0.7930 -0.3210
vn 0.5188 0.8071 -0.2817
vn 0.3731 0.8615 -0.3445
vn 0.3852 0.8474 -0.3655
vn 0.3973 0.8304 -0.3906
vn 0.2372 0.8608 -0.4504
vn 0.2672 0.8443 -0.4645
vn 0.1941 0.8771 -0.4393
vn 0.0236 0.8342 -0.5510
vn 0.0882 0.8309 -0.5494
vn 0.1276 0.8291 -0.5443
vn -0.0544 0.7622 -0.6451
vn -0.0224 0.7814 -0.6236
vn -0.1117 0.7451 -0.6576
vn -0.2388 0.6275 -0.7410
vn -0.1981 0.6586 -0.7260
vn -0.1698 0.6996 -0.6941
vn -0.3305 0.5246 -0.7845
vn -0.3038 0.5780 -0.7574
vn -0.1568 0.7220 -0.6739
vn -0.2869 0.6244 -0.7265
vn -0.4266 0.4141 -0.8040
vn -0.4219 0.4742 -0.7728
vn -0.2873 0.6492 -0.7043
vn -0.4306 0.5134 -0.7423
vn -0.4384 0.5398 -0.7186
vn -0.5795 0.2990 -0.7581
vn -0.5651 0.2602 -0.7829
vn -0.5448 0.2038 -0.8134
vn -0.6905 0.0035 -0.7233
vn -0.6494 -0.0490 -0.7589
vn -0.5439 0.1598 -0.8238
vn -0.6174 -0.0927 -0.7812
vn -0.7301 -0.2870 -0.6201
vn -0.6637 -0.3202 -0.6760
vn -0.6526 -0.0717 -0.7543
vn -0.6711 -0.3100 -0.6735
vn -0.7043 -0.5195 -0.4838
vn -0.6785 -0.5161 -0.5228
vn -0.7753 -0.2369 -0.5855
vn -0.7699 -0.4580 -0.4444
vn -0.6818 -0.6657 -0.3034
vn -0.7230 -0.6319 -0.2793
vn -0.8955 -0.3602 -0.2613
vn -0.7975 -0.5856 -0.1453
vn -0.6541 -0.7476 -0.1152
vn -0.6908 -0.7216 -0.0456
vn -0.8695 -0.4337 0.2364
vn -0.7313 -0.6256 0.2718
vn -0.6307 -0.7743 0.0519
vn -0.6408 -0.7231 0.2577
vn -0.5780 -0.3102 0.7548
vn -0.4998 -0.4999 0.7073
vn -0.6359 -0.7312 0.2467
vn -0.5275 -0.6064 0.5951
vn -0.2182 -0.1786 0.9594
vn -0.2617 -0.3691 0.8918
vn -0.5707 -0.6419 0.5120
vn -0.3750 -0.5153 0.7706
vn -0.1060 -0.2812 0.9538
vn -0.1992 -0.4623 0.8640
vn -0.3672 -0.6954 0.6177
vn -0.2339 -0.6616 0.7124
vn -0.1216 -0.5029 0.8558
vn -0.1385 -0.6710 0.7284
vn -0.1301 -0.8314 0.5402
vn -0.0687 -0.8217 0.5657
vn -0.0769 -0.7031 0.7069
vn -0.0266 -0.8307 0.5561
vn 0.0620 -0.9200 0.3869
vn 0.0712 -0.9207 0.3838
vn 0.0001 -0.8447 0.5352
vn 0.0788 -0.9234 0.3757
vn 0.1965 -0.9600 0.1994
vn 0.1796 -0.9644 0.1939
vn 0.1589 -0.9713 0.1772
vn 0.2515 -0.9673 -0.0326
vn 0.2862 -0.9581 -0.0081
vn 0.0724 -0.9312 0.3571
vn 0.3233 -0.9463 0.0072
vn 0.3842 -0.8927 -0.2356
vn 0.4314 -0.8795 -0.2010
vn 0.3405 -0.9015 -0.2671
vn 0.4145 -0.7631 -0.4958
vn 0.4559 -0.7577 -0.4670
vn 0.5052 -0.7522 -0.4230
vn 0.5006 -0.5508 -0.6678
vn 0.5459 -0.5401 -0.6406
vn 0.5533 -0.7460 -0.3705
vn 0.6016 -0.5290 -0.5985
vn 0.5558 -0.2697 -0.7864
vn 0.5974 -0.2431 -0.7642
vn 0.6738 -0.5097 -0.5350
vn 0.6696 -0.2133 -0.7115
vn 0.5595 0.0008 -0.8288
vn 0.6112 0.0324 -0.7908
vn 0.7873 -0.1494 -0.5982
vn 0.7187 0.0976 -0.6884
vn 0.5529 0.1754 -0.8146
vn 0.6476 0.2380 -0.7238
vn 0.8342 0.2062 -0.5114
vn 0.7560 0.3513 -0.5523
vn 0.5761 0.3511 -0.7381
vn 0.6740 0.4764 -0.5646
vn 0.8044 0.4741 -0.3580
vn 0.7021 0.6068 -0.3727
vn 0.5045 0.6526 -0.5653
vn 0.5476 0.7459 -0.3792
vn 0.6763 0.6888 -0.2609
vn 0.5335 0.7949 -0.2890
vn 0.3612 0.8682 -0.3402
vn 0.1460 0.8908 -0.4303
vn -0.0486 0.8415 -0.5380
vn -0.1897 0.8329 -0.5200
vn -0.1702 0.7587 -0.6288
vn -0.2244 0.9154 -0.3343
vn -0.2731 0.8018 -0.5316
vn -0.2754 0.6704 -0.6890
vn -0.3782 0.7711 -0.5122
vn -0.3869 0.5804 -0.7165
vn -0.3587 0.4977 -0.7897
vn -0.4635 0.3569 -0.8110
vn -0.4397 0.3686 -0.8190
vn -0.5037 0.4764 -0.7207
vn -0.5020 0.7251 -0.4714
vn -0.6392 0.2975 -0.7092
vn -0.5709 0.1704 -0.8032
vn -0.6861 0.5938 -0.4203
vn -0.4220 0.8835 -0.2035
vn -0.5818 0.8106 -0.0664
vn -0.8727 0.3017 -0.3838
vn -0.7426 0.0249 -0.6693
vn -0.7730 0.6243 0.1126
vn -0.4681 0.8784 0.0970
vn -0.5781 0.7320 0.3605
vn -0.9261 0.3126 0.2112
vn -0.9358 -0.0593 -0.3475
vn -0.6347 0.5121 0.5787
vn -0.5310 0.7525 0.3895
vn -0.5194 0.5587 0.6465
vn -0.6847 0.2256 0.6930
vn -0.9716 -0.1019 0.2134
vn -0.4486 0.3621 0.8171
vn -0.4823 0.5920 0.6457
vn -0.3718 0.4102 0.8327
vn -0.3750 0.1862 0.9081
vn -0.6767 -0.0772 0.7322
vn -0.2821 0.2544 0.9250
vn -0.4302 0.4054 0.8066
vn -0.3284 0.2298 0.9162
vn -0.1915 0.1083 0.9755
vn -0.2842 0.0230 0.9585
vn -0.2343 0.0676 0.9698
vn -0.3923 0.2030 0.8971
vn -0.2818 0.0287 0.9591
vn -0.1288 -0.1379 0.9820
vn -0.1058 -0.0869 0.9906
vn -0.1650 -0.1920 0.9674
vn -0.3357 -0.0093 0.9419
vn -0.2158 -0.2506 0.9438
vn -0.0890 -0.3986 0.9128
vn -0.0857 -0.3328 0.9391
vn -0.1185 -0.4700 0.8747
vn -0.2941 -0.3181 0.9013
vn -0.1793 -0.5353 0.8254
vn -0.0743 -0.6228 0.7789
vn -0.0795 -0.5601 0.8246
vn -0.1040 -0.6742 0.7312
vn -0.2488 -0.5763 0.7785
vn -0.1574 -0.7082 0.6883
vn -0.0528 -0.7746 0.6303
vn -0.0483 -0.7408 0.6700
vn -0.0875 -0.8025 0.5902
vn -0.2158 -0.7264 0.6525
vn -0.1350 -0.8217 0.5537
vn -0.0223 -0.8819 0.4709
vn 0.0024 -0.8623 0.5064
vn -0.0615 -0.8985 0.4346
vn -0.0997 -0.9088 0.4052
vn -0.0209 -0.9655 0.2595
vn 0.0126 -0.9569 0.2901
vn -0.1794 -0.8318 0.5253
vn 0.0466 -0.9446 0.3250
vn 0.1262 -0.9810 0.1474
vn 0.0923 -0.9890 0.1158
vn 0.0610 -0.9943 0.0879
vn 0.1489 -0.9831 -0.1068
vn 0.1812 -0.9796 -0.0866
vn 0.2159 -0.9744 -0.0621
vn 0.2744 -0.9100 -0.3106
vn 0.3056 -0.9063 -0.2921
vn 0.2432 -0.9141 -0.3243
vn 0.3247 -0.7816 -0.5326
vn 0.3509 -0.7768 -0.5229
vn 0.3820 -0.7699 -0.5112
vn 0.4020 -0.5999 -0.6917
vn 0.4351 -0.5829 -0.6862
vn 0.4655 -0.5652 -0.6811
vn 0.4621 -0.3741 -0.8041
vn 0.4918 -0.3401 -0.8015
vn 0.5227 -0.3023 -0.7971
vn 0.4949 -0.1177 -0.8609
vn 0.5238 -0.0686 -0.8491
vn 0.5423 -0.0272 -0.8398
vn 0.4941 0.1373 -0.8585
vn 0.5066 0.1530 -0.8485
vn 0.5163 0.1587 -0.8416
vn 0.4204 0.3303 -0.8451
vn 0.4383 0.3017 -0.8467
vn 0.4843 0.2944 -0.8239
vn 0.2685 0.5416 -0.7966
vn 0.3229 0.5551 -0.7666
vn 0.3935 0.5912 -0.7040
vn 0.2435 0.5614 -0.7909
vn 0.0295 0.7588 -0.6506
vn 0.0489 0.7702 -0.6359
vn 0.2208 0.5823 -0.7824
vn 0.0160 0.7575 -0.6526
vn 0.4007 0.3509 -0.8463
vn 0.3604 0.3519 -0.8639
vn 0.1808 0.5887 -0.7879
vn 0.4627 0.1061 -0.8802
vn 0.4180 0.0753 -0.9053
vn 0.3034 0.3422 -0.8893
vn 0.4612 -0.1586 -0.8730
vn 0.4206 -0.1881 -0.8875
vn 0.3673 0.0538 -0.9286
vn 0.4274 -0.4019 -0.8098
vn 0.4019 -0.4210 -0.8132
vn 0.3910 -0.2032 -0.8977
vn 0.3769 -0.6127 -0.6947
vn 0.3674 -0.6204 -0.6929
vn 0.3879 -0.4296 -0.8154
vn 0.3085 -0.7879 -0.5329
vn 0.2888 -0.7974 -0.5298
vn 0.3532 -0.6282 -0.6933
vn 0.2193 -0.9177 -0.3312
vn 0.2008 -0.9207 -0.3347
vn 0.1254 -0.9845 -0.1230
vn 0.1117 -0.9845 -0.1349
vn 0.0384 -0.9970 0.0675
vn 0.0246 -0.9982 0.0549
vn -0.0475 -0.9700 0.2382
vn -0.0650 -0.9713 0.2286
vn -0.1332 -0.9133 0.3848
vn -0.1517 -0.9136 0.3773
vn -0.2162 -0.8354 0.5053
vn -0.2334 -0.8343 0.4994
vn -0.2996 -0.7360 0.6071
vn -0.3097 -0.7367 0.6011
vn -0.2640 -0.7335 0.6264
vn -0.3577 -0.6052 0.7112
vn -0.3846 -0.6089 0.6937
vn -0.3121 -0.5972 0.7389
vn -0.4283 -0.3960 0.8122
vn -0.4689 -0.4121 0.7812
vn -0.3687 -0.3652 0.8548
vn -0.4823 -0.1067 0.8695
vn -0.5393 -0.1379 0.8308
vn -0.4139 -0.0633 0.9081
vn -0.5192 0.1594 0.8397
vn -0.5777 0.1368 0.8047
vn -0.4522 0.1865 0.8722
vn -0.5778 0.3823 0.7212
vn -0.6240 0.3691 0.6888
vn -0.5190 0.3886 0.7613
vn -0.6134 0.5910 0.5239
vn -0.6551 0.5763 0.4886
vn -0.5407 0.5988 0.5909
vn -0.5787 0.7619 0.2909
vn -0.6102 0.7529 0.2465
vn -0.5397 0.7627 0.3564
vn -0.4675 0.8827 0.0484
vn -0.5012 0.8653 -0.0004
vn -0.4392 0.8923 0.1045
vn -0.3435 0.9348 -0.0902
vn -0.3638 0.9204 -0.1429
vn -0.3566 0.9305 -0.0836
vn -0.2723 0.9454 -0.1792
vn -0.2687 0.9426 -0.1983
vn -0.3161 0.9067 -0.2791
vn -0.1875 0.9490 -0.2535
vn -0.1868 0.9407 -0.2833
vn -0.1127 0.8839 -0.4540
vn -0.2020 0.9191 -0.3383
vn -0.2833 0.9265 -0.2478
vn -0.2233 0.8969 -0.3817
vn -0.3073 0.9072 -0.2873
vn -0.3930 0.9011 -0.1832
vn -0.3274 0.8948 -0.3036
vn -0.4123 0.8901 -0.1942
vn -0.5187 0.8547 -0.0198
vn -0.4292 0.8822 -0.1938
vn -0.5406 0.8411 -0.0182
vn -0.6394 0.7331 0.2317
vn -0.5637 0.8259 -0.0085
vn -0.6623 0.7136 0.2285
vn -0.6845 0.5619 0.4645
vn -0.6591 0.7127 0.2401
vn -0.6933 0.5631 0.4497
vn -0.6613 0.3671 0.6541
vn -0.6795 0.5755 0.4550
vn -0.6796 0.3796 0.6277
vn -0.6275 0.1295 0.7678
vn -0.6759 0.3924 0.6238
vn -0.6517 0.1344 0.7465
vn -0.5770 -0.1512 0.8026
vn -0.6477 0.1435 0.7482
vn -0.5817 -0.1501 0.7995
vn -0.4832 -0.4173 0.7697
vn -0.5737 -0.1484 0.8055
vn -0.4742 -0.4236 0.7718
vn -0.3824 -0.6151 0.6895
vn -0.3591 -0.6226 0.6953
vn -0.2900 -0.7392 0.6078
vn -0.4587 -0.4300 0.7776
vn -0.4419 -0.4339 0.7852
vn -0.3298 -0.6285 0.7045
vn -0.5698 -0.1491 0.8082
vn -0.5696 -0.1484 0.8084
vn -0.6455 0.1496 0.7490
vn -0.6585 0.1525 0.7370
vn -0.6414 0.1496 0.7525
vn -0.6633 0.4054 0.6290
vn -0.6727 0.4056 0.6189
vn -0.6671 0.4003 0.6282
vn -0.6529 0.5940 0.4700
vn -0.6512 0.5988 0.4661
vn -0.6598 0.5883 0.4676
vn -0.6174 0.7363 0.2768
vn -0.6121 0.7393 0.2807
vn -0.6368 0.7253 0.2617
vn -0.5538 0.8319 0.0360
vn -0.5404 0.8396 0.0546
vn -0.5667 0.8238 0.0126
vn -0.4560 0.8725 -0.1754
vn -0.4544 0.8765 -0.1590
vn -0.4476 0.8740 -0.1892
vn -0.3602 0.8814 -0.3056
vn -0.3692 0.8788 -0.3024
vn -0.3441 0.8878 -0.3056
vn -0.2641 0.8756 -0.4046
vn -0.2808 0.8676 -0.4104
vn -0.2458 0.8830 -0.3998
vn -0.1416 0.8474 -0.5118
vn -0.1613 0.8388 -0.5199
vn -0.1267 0.8596 -0.4950
vn -0.0112 0.7525 -0.6585
vn -0.0472 0.7420 -0.6687
vn -0.1842 0.8283 -0.5291
vn 0.1274 0.5834 -0.8022
vn 0.0786 0.5768 -0.8131
vn -0.0764 0.7332 -0.6757
vn 0.2447 0.3330 -0.9106
vn 0.2009 0.3331 -0.9212
vn 0.0443 0.5753 -0.8167
vn 0.3277 0.0468 -0.9436
vn 0.3009 0.0547 -0.9521
vn 0.1736 0.3443 -0.9227
vn 0.3695 -0.2055 -0.9062
vn 0.3572 -0.2011 -0.9121
vn 0.2856 0.0710 -0.9557
vn 0.3767 -0.4323 -0.8193
vn 0.3628 -0.4372 -0.8229
vn 0.3459 -0.1973 -0.9173
vn 0.3363 -0.6384 -0.6924
vn 0.3291 -0.6500 -0.6850
vn 0.3564 -0.4452 -0.8214
vn 0.2741 -0.8057 -0.5251
vn 0.2741 -0.8111 -0.5167
vn 0.1945 -0.9216 -0.3358
vn 0.2025 -0.9217 -0.3309
vn 0.1088 -0.9842 -0.1400
vn 0.1180 -0.9839 -0.1344
vn 0.0187 -0.9986 0.0504
vn 0.0292 -0.9979 0.0576
vn -0.0712 -0.9713 0.2268
vn -0.0564 -0.9704 0.2348
vn -0.1527 -0.9132 0.3778
vn -0.1300 -0.9136 0.3852
vn -0.2248 -0.8340 0.5040
vn -0.1934 -0.8380 0.5102
vn -0.2554 -0.7463 0.6147
vn -0.2031 -0.7529 0.6260
vn -0.1385 -0.8422 0.5211
vn -0.2889 -0.6300 0.7208
vn -0.2357 -0.6223 0.7464
vn -0.1356 -0.7538 0.6430
vn -0.4195 -0.4263 0.8014
vn -0.3896 -0.3967 0.8312
vn -0.5678 -0.1291 0.8130
vn -0.5501 -0.0822 0.8310
vn -0.6633 0.1691 0.7290
vn -0.6390 0.2012 0.7424
vn -0.6909 0.4033 0.6001
vn -0.6646 0.4172 0.6199
vn -0.6893 0.4030 0.6020
vn -0.6722 0.5879 0.4500
vn -0.6732 0.5805 0.4581
vn -0.6597 0.5974 0.4560
vn -0.6144 0.7334 0.2908
vn -0.6242 0.7202 0.3029
vn -0.6106 0.7392 0.2841
vn -0.5359 0.8392 0.0925
vn -0.5391 0.8340 0.1176
vn -0.5362 0.8411 0.0711
vn -0.4382 0.8907 -0.1211
vn -0.4342 0.8958 -0.0948
vn -0.4452 0.8843 -0.1411
vn -0.3615 0.8877 -0.2852
vn -0.3488 0.8971 -0.2711
vn -0.3701 0.8806 -0.2961
vn -0.2938 0.8613 -0.4146
vn -0.2853 0.8657 -0.4112
vn -0.2916 0.8621 -0.4144
vn -0.2006 0.8204 -0.5354
vn -0.2092 0.8161 -0.5387
vn -0.0968 0.7284 -0.6783
vn -0.1030 0.7300 -0.6756
vn -0.2043 0.8177 -0.5382
vn 0.0254 0.5807 -0.8137
vn 0.0219 0.5911 -0.8063
vn -0.0944 0.7365 -0.6698
vn 0.1597 0.3626 -0.9182
vn 0.1566 0.3821 -0.9108
vn 0.0332 0.6029 -0.7971
vn 0.2750 0.0904 -0.9572
vn 0.2781 0.1065 -0.9546
vn 0.1721 0.3989 -0.9007
vn 0.3429 -0.1946 -0.9190
vn 0.3593 -0.1949 -0.9126
vn 0.3024 0.1163 -0.9461
vn 0.3672 -0.4560 -0.8107
vn 0.3968 -0.4627 -0.7928
vn 0.3868 -0.2022 -0.8997
vn 0.3404 -0.6606 -0.6692
vn 0.3752 -0.6641 -0.6466
vn 0.2915 -0.8138 -0.5028
vn 0.3304 -0.8129 -0.4796
vn 0.2252 -0.9212 -0.3173
vn 0.2668 -0.9178 -0.2939
vn 0.1447 -0.9824 -0.1181
vn 0.1889 -0.9776 -0.0929
vn 0.0609 -0.9953 0.0751
vn 0.1105 -0.9890 0.0985
vn -0.0165 -0.9678 0.2512
vn 0.0443 -0.9624 0.2680
vn -0.0805 -0.9133 0.3993
vn -0.0097 -0.9112 0.4118
vn -0.0645 -0.8437 0.5330
vn 0.0047 -0.8447 0.5352
vn 0.0621 -0.9091 0.4119
vn -0.0767 -0.7510 0.6558
vn -0.0583 -0.7469 0.6623
vn 0.0308 -0.8451 0.5337
vn -0.1913 -0.6080 0.7705
vn -0.1813 -0.5935 0.7841
vn -0.3598 -0.3552 0.8628
vn -0.3557 -0.3176 0.8790
vn -0.5154 -0.0270 0.8565
vn -0.4996 0.0139 0.8662
vn -0.5930 0.2400 0.7686
vn -0.5670 0.2705 0.7781
vn -0.6182 0.4449 0.6480
vn -0.5903 0.4695 0.6565
vn -0.6118 0.6061 0.5082
vn -0.5862 0.6249 0.5156
vn -0.6519 0.5860 0.4812
vn -0.6150 0.7105 0.3420
vn -0.5856 0.7268 0.3590
vn -0.6297 0.7084 0.3188
vn -0.5606 0.8113 0.1657
vn -0.5551 0.8096 0.1907
vn -0.5488 0.8238 0.1421
vn -0.4457 0.8946 -0.0330
vn -0.4609 0.8875 -0.0041
vn -0.4361 0.8976 -0.0643
vn -0.3278 0.9170 -0.2273
vn -0.3305 0.9227 -0.1983
vn -0.3353 0.9079 -0.2518
vn -0.2473 0.8863 -0.3915
vn -0.2271 0.8988 -0.3749
vn -0.2684 0.8747 -0.4035
vn -0.1875 0.8245 -0.5339
vn -0.1625 0.8345 -0.5266
vn -0.0723 0.7457 -0.6624
vn -0.0396 0.7573 -0.6519
vn -0.1335 0.8475 -0.5137
vn 0.0612 0.6147 -0.7864
vn 0.0986 0.6239 -0.7753
vn -0.0058 0.7682 -0.6402
vn 0.2050 0.4098 -0.8889
vn 0.2334 0.4107 -0.8814
vn 0.1246 0.6263 -0.7695
vn 0.3306 0.1139 -0.9369
vn 0.3478 0.1031 -0.9319
vn 0.2455 0.4017 -0.8823
vn 0.4103 -0.2099 -0.8874
vn 0.4294 -0.2149 -0.8772
vn 0.3576 0.0907 -0.9295
vn 0.4282 -0.4626 -0.7763
vn 0.4587 -0.4556 -0.7629
vn 0.4158 -0.6596 -0.6262
vn 0.4587 -0.6478 -0.6083
vn 0.3791 -0.8064 -0.4538
vn 0.4298 -0.7950 -0.4280
vn 0.3196 -0.9097 -0.2650
vn 0.3746 -0.8973 -0.2335
vn 0.2412 -0.9684 -0.0639
vn 0.3024 -0.9508 -0.0677
vn 0.1671 -0.9787 0.1189
vn 0.1959 -0.9719 0.1303
vn 0.1104 -0.9547 0.2763
vn 0.1407 -0.9501 0.2785
vn 0.0927 -0.9083 0.4078
vn -0.5674 0.7420 0.3571
vn -0.5444 0.8169 0.1906
vn -0.5428 0.8219 0.1726
vn -0.4825 0.8756 0.0235
vn -0.5015 0.8651 0.0111
vn -0.4665 0.8843 0.0217
vn -0.3570 0.9223 -0.1481
vn -0.3873 0.9122 -0.1338
vn -0.3434 0.9236 -0.1705
vn -0.2187 0.9172 -0.3330
vn -0.2333 0.9194 -0.3167
vn -0.2156 0.9103 -0.3533
vn -0.1091 0.8602 -0.4981
vn -0.0999 0.8683 -0.4858
vn 0.0140 0.7733 -0.6339
vn 0.1322 0.6213 -0.7724
vn 0.0163 0.7723 -0.6350
vn -0.1065 0.8707 -0.4801
vn 0.0027 0.7681 -0.6403
vn -0.1268 0.8691 -0.4781
vn -0.2607 0.9164 -0.3038
vn -0.1467 0.8682 -0.4741
vn -0.2854 0.9119 -0.2948
vn -0.4146 0.9007 -0.1299
vn 0.8288 0.5120 -0.2256
vn 0.6115 0.4910 -0.6205
vn 0.4026 0.6965 -0.5940
vn 0.6137 0.7117 -0.3420
vn 0.0414 0.9965 -0.0730
vn -0.1749 0.9697 -0.1704
vn -0.3186 0.9478 -0.0083
vn -0.1027 0.9922 0.0704
vn 0.5059 -0.0927 0.8576
vn 0.1718 -0.3669 0.9143
vn 0.2211 -0.5716 0.7902
vn 0.5325 -0.2775 0.7996
vn -0.7220 0.5997 0.3451
vn -0.6392 0.6660 0.3845
vn -0.6091 0.5702 0.5512
vn -0.7150 0.4736 0.5142
vn -0.6749 0.7190 0.1662
vn -0.6340 0.7463 0.2027
vn -0.0164 0.8805 0.4738
vn -0.3111 0.8478 0.4294
vn -0.2823 0.7350 0.6165
vn 0.0551 0.7856 0.6163
vn -0.6040 0.7952 0.0532
vn -0.6043 0.7956 0.0429
vn -0.6003 0.7750 0.1974
vn -0.6043 0.7960 0.0344
vn -0.5630 0.7342 0.3794
vn -0.6177 0.7709 0.1554
vn -0.5802 0.7425 0.3348
vn -0.5006 0.6630 0.5566
vn -0.5085 0.6720 0.5384
vn -0.5300 0.6753 0.5129
vn -0.5978 0.7471 0.2907
vn -0.4142 0.5662 0.7127
vn -0.2875 0.4439 0.8487
vn -0.5392 0.4541 0.7092
vn -0.4162 0.3075 0.8557
vn -0.1303 0.3156 0.9399
vn -0.2426 0.1448 0.9593
vn -0.5472 0.1977 0.8133
vn -0.6610 0.3473 0.6652
vn -0.3793 0.0325 0.9247
vn -0.0439 -0.0576 0.9974
vn -0.2044 -0.1452 0.9681
vn 0.2033 0.9525 -0.2269
vn 0.0051 0.9368 -0.3499
vn -0.5438 -0.8362 0.0706
vn -0.0660 -0.8822 0.4663
vn -0.2821 -0.7170 0.6375
vn -0.7789 -0.6214 0.0849
vn 0.0910 0.1636 0.9823
vn 0.3934 -0.0218 0.9191
vn 0.1456 -0.2689 0.9521
vn -0.0940 -0.3237 0.9415
vn 0.4591 -0.4044 0.7910
vn 0.0885 -0.5327 0.8416
vn 0.5334 0.6303 0.5641
vn 0.9647 -0.2219 0.1419
vn 0.9788 -0.1939 -0.0660
vn 0.6875 0.4563 0.5650
vn -0.3717 0.0390 -0.9275
vn 0.0095 0.2879 -0.9576
vn 0.1717 0.0349 -0.9845
vn -0.2263 -0.1549 -0.9617
vn 0.6456 -0.1721 0.7440
vn 0.7837 -0.2931 0.5477
vn 0.6684 -0.4772 0.5706
vn 0.4285 -0.6533 0.6242
vn 0.7593 -0.5178 0.3942
vn 0.6659 -0.6102 0.4292
vn -0.4830 -0.5746 0.6607
vn -0.8440 -0.5359 0.0213
vn -0.7568 -0.6502 0.0672
vn -0.7418 -0.4214 0.5217
vn -0.8497 -0.2472 0.4658
vn -0.8236 -0.5572 0.1061
vn 0.8476 -0.4039 0.3440
vn 0.8545 -0.4962 0.1540
vn 0.7686 -0.5967 0.2306
vn 0.6885 -0.6588 0.3032
vn 0.7265 -0.6843 0.0624
vn 0.6519 -0.7471 0.1300
vn 0.2984 -0.2223 -0.9282
vn -0.0757 -0.3604 -0.9297
vn 0.3896 0.8594 -0.3311
vn 0.1972 0.8429 -0.5006
vn 0.8286 0.3183 0.4606
vn 0.9593 -0.1106 -0.2600
vn 0.8994 0.0229 -0.4365
vn 0.9290 0.2578 0.2655
vn -0.9618 -0.2568 0.0946
vn -0.9517 0.1082 0.2873
vn -0.9356 0.3279 0.1307
vn -0.9992 -0.0366 0.0181
vn -0.3697 0.9260 0.0765
vn -0.1583 0.9740 0.1620
vn 0.8814 -0.4631 -0.0930
vn 0.6904 -0.6202 -0.3724
vn 0.5893 -0.8042 -0.0781
vn 0.8984 0.2232 -0.3783
vn -0.9180 -0.0659 0.3911
vn -0.8972 -0.4256 0.1176
vn 0.3645 -0.9245 -0.1114
vn 0.3979 -0.8929 -0.2106
vn 0.6606 -0.4489 0.6017
vn 0.4022 -0.7427 0.5354
vn 0.4616 -0.7816 0.4196
vn 0.7130 -0.4858 0.5056
vn 0.3825 -0.4358 -0.8147
vn 0.0633 -0.5331 -0.8437
vn -0.3430 0.9172 0.2029
vn -0.1064 0.9531 0.2833
vn -0.3589 -0.9325 0.0404
vn 0.0544 -0.9548 0.2923
vn 0.4521 -0.7938 -0.4069
vn 0.4817 -0.6463 -0.5918
vn -0.6446 0.3001 -0.7031
vn -0.3515 0.6237 -0.6981
vn -0.1693 0.4871 -0.8568
vn -0.5117 0.1918 -0.8375
vn 0.7619 -0.5087 0.4009
vn 0.5195 -0.8041 0.2889
vn -0.2447 0.6016 0.7604
vn 0.1282 0.6837 0.7184
vn 0.5976 -0.3851 0.7032
vn 0.3284 -0.6760 0.6597
vn 0.3682 -0.9021 -0.2252
vn 0.4333 -0.8777 -0.2047
vn 0.1755 -0.8446 0.5057
vn 0.3536 -0.9337 -0.0566
vn 0.3989 -0.1613 -0.9027
vn 0.4933 -0.3813 -0.7818
vn 0.6631 -0.3022 -0.6848
vn 0.5722 -0.0612 -0.8179
vn 0.4333 -0.6307 -0.6438
vn 0.2127 -0.7119 -0.6693
vn 0.3969 0.2233 -0.8903
vn 0.2435 0.1059 -0.9641
vn 0.7437 0.0909 -0.6624
vn 0.5513 0.3713 -0.7471
vn 0.1651 0.4773 -0.8631
vn 0.0584 0.3568 -0.9323
vn 0.2754 0.6108 -0.7423
vn 0.5064 0.3972 -0.7654
vn 0.2059 0.6374 -0.7425
vn -0.0360 0.7633 -0.6451
vn -0.0834 0.6590 -0.7475
vn -0.0971 0.7786 -0.6200
vn 0.0745 0.5950 -0.8003
vn -0.1873 0.7432 -0.6424
vn -0.3238 0.8275 -0.4588
vn -0.2985 0.8204 -0.4876
vn -0.3794 0.8006 -0.4637
vn -0.2644 0.7134 -0.6490
vn -0.4358 0.7710 -0.4643
vn -0.4815 0.8085 -0.3384
vn -0.4482 0.8299 -0.3324
vn -0.5167 0.7819 -0.3489
vn -0.4688 0.7626 -0.4458
vn -0.5301 0.7713 -0.3522
vn -0.5639 0.7921 -0.2336
vn -0.5464 0.8063 -0.2267
vn -0.5604 0.7912 -0.2449
vn -0.5398 0.7588 -0.3645
vn -0.5579 0.7814 -0.2795
vn -0.5642 0.8167 -0.1213
vn -0.5915 0.7999 -0.1016
vn -0.5478 0.8176 -0.1771
vn -0.6009 0.7152 -0.3569
vn -0.6013 0.7454 -0.2879
vn -0.5530 0.8331 -0.0058
vn -0.5669 0.8236 0.0161
vn -0.6408 0.7625 -0.0892
vn -0.7447 0.4983 -0.4439
vn -0.8382 0.4817 -0.2558
vn -0.7070 0.6851 0.1757
vn -0.5957 0.7852 0.1692
vn -0.9191 0.3785 0.1100
vn -0.9120 0.0473 -0.4075
vn -0.9992 -0.0380 -0.0146
vn -0.9124 0.3976 0.0970
vn -0.7156 0.6732 0.1866
vn -0.9996 -0.0131 -0.0265
vn -0.9401 -0.3217 -0.1130
vn -0.9486 -0.2985 -0.1053
vn -0.9979 0.0152 -0.0633
vn -0.9033 0.4066 0.1366
vn -0.9469 -0.2474 -0.2056
vn -0.8968 -0.4029 -0.1827
vn -0.9041 -0.3188 -0.2844
vn -0.9564 -0.2905 0.0291
vn -0.9707 -0.0683 0.2306
vn -0.9351 -0.3424 -0.0921
vn -0.9310 -0.3410 -0.1302
vn -0.8979 -0.3888 0.2064
vn -0.8824 -0.3228 0.3424
vn -0.8974 -0.4158 0.1477
vn -0.7424 -0.4570 0.4900
vn -0.7283 -0.4218 0.5400
vn -0.7647 -0.4129 0.4947
vn -0.8473 -0.2329 0.4774
vn -0.5672 -0.2857 0.7724
vn -0.4617 -0.4007 0.7913
vn -0.7519 -0.0459 0.6577
vn -0.9321 0.0622 0.3568
vn -0.8585 0.1971 0.4734
vn -0.8316 0.2934 0.4715
vn -0.8579 0.2513 0.4482
vn -0.8436 0.2417 0.4795
vn -0.8419 0.3707 0.3920
vn -0.8487 0.2372 0.4727
vn -0.7796 0.0915 0.6195
vn -0.7735 0.0571 0.6312
vn -0.8712 0.1996 0.4485
vn -0.8846 0.3769 0.2746
vn -0.7725 0.0023 0.6350
vn -0.6133 -0.1513 0.7752
vn -0.5993 -0.1971 0.7759
vn -0.7664 -0.0288 0.6417
vn -0.8808 0.1725 0.4409
vn -0.5823 -0.2257 0.7810
vn -0.3707 -0.3858 0.8448
vn -0.3531 -0.4006 0.8455
vn -0.5254 -0.1622 0.8353
vn -0.7405 0.0165 0.6719
vn -0.2791 -0.3224 0.9045
vn -0.0911 -0.5514 0.8292
vn -0.0292 -0.4632 0.8858
vn -0.1633 -0.1195 0.9793
vn -0.4313 0.0170 0.9020
vn 0.0907 -0.2524 0.9634
vn 0.2203 -0.5832 0.7819
vn 0.3415 -0.3894 0.8554
vn 0.1880 -0.0551 0.9806
vn -0.0800 0.0691 0.9944
vn 0.4428 -0.2016 0.8737
vn 0.5634 -0.5154 0.6457
vn 0.6558 -0.3533 0.6672
vn 0.4691 -0.1523 0.8699
vn 0.2056 0.0035 0.9786
vn 0.6928 -0.3006 0.6554
vn 0.7744 -0.4746 0.4184
vn 0.8186 -0.4051 0.4071
vn 0.7266 -0.2942 0.6209
vn 0.4863 -0.1534 0.8602
vn 0.8505 -0.3731 0.3706
vn 0.8599 -0.4844 0.1611
vn 0.8956 -0.4253 0.1306
vn 0.8812 -0.3365 0.3321
vn 0.7785 -0.2559 0.5731
vn 0.9111 -0.3995 0.1019
vn 0.8666 -0.4762 -0.1493
vn 0.8672 -0.4732 -0.1552
vn 0.8921 -0.4385 0.1088
vn 0.8801 -0.3510 0.3197
vn 0.8399 -0.5330 -0.1024
vn 0.8115 -0.5840 -0.0219
vn 0.8048 -0.2442 0.5411
vn 0.6199 -0.0964 0.7787
vn 0.5483 -0.1201 0.8276
vn 0.3195 0.0751 0.9446
vn 0.2343 0.0470 0.9710
vn 0.0382 0.2188 0.9750
vn -0.0202 0.1802 0.9834
vn -0.0516 0.1391 0.9889
vn 0.1985 0.0120 0.9800
vn -0.0593 0.1245 0.9905
vn -0.3259 0.1806 0.9280
vn -0.3606 0.1654 0.9179
vn -0.6839 0.1460 0.7149
vn -0.8605 0.2256 0.4568
vn -0.8751 0.1808 0.4488
vn -0.9453 0.2636 0.1920
vn -0.9279 0.3138 0.2013
vn -0.9584 0.2806 -0.0516
vn -0.9148 0.4015 -0.0444
vn -0.9995 -0.0253 0.0163
vn -0.9789 -0.1105 -0.1718
vn -0.9224 0.2586 -0.2869
vn -0.8347 -0.4941 0.2431
vn -0.7951 -0.6028 0.0657
vn -0.4080 -0.7713 0.4885
vn -0.3745 -0.8816 0.2874
vn -0.0727 -0.7928 0.6051
vn -0.0282 -0.9225 0.3851
vn -0.3425 -0.9382 0.0494
vn -0.7035 -0.6954 -0.1467
vn -0.0170 -0.9912 0.1311
vn 0.1672 -0.8983 0.4063
vn 0.2111 -0.9661 0.1484
vn 0.0201 -0.9890 -0.1463
vn -0.2671 -0.9404 -0.2104
vn 0.2739 -0.9560 -0.1054
vn 0.4647 -0.8626 0.2000
vn 0.5579 -0.8298 -0.0153
vn 0.3711 -0.8848 -0.2817
vn 0.1098 -0.9203 -0.3754
vn 0.6320 -0.7601 -0.1513
vn 0.8350 -0.5419 0.0958
vn 0.8574 -0.5138 -0.0283
vn 0.6838 -0.7030 -0.1956
vn 0.4581 -0.8110 -0.3639
vn 0.8461 -0.5313 -0.0432
vn 0.9880 -0.1368 0.0723
vn 0.9684 -0.2199 0.1177
vn 0.8149 -0.5794 0.0134
vn 0.6888 -0.7105 -0.1439
vn 0.9247 -0.3352 0.1803
vn 0.9439 0.1628 0.2872
vn 0.9274 0.0594 0.3694
vn 0.8467 -0.4810 0.2275
vn 0.7390 -0.6654 0.1050
vn 0.9168 -0.1189 0.3812
vn 0.7955 0.3713 0.4789
vn 0.8328 0.2764 0.4796
vn 0.8385 -0.3491 0.4183
vn 0.7248 -0.6291 0.2809
vn 0.8300 0.0864 0.5511
vn 0.6935 0.5052 0.5137
vn 0.6824 0.4191 0.5989
vn 0.7814 -0.1260 0.6112
vn 0.7329 -0.5326 0.4233
vn 0.6617 0.2939 0.6898
vn 0.4840 0.6241 0.6133
vn 0.4620 0.5638 0.6846
vn 0.6527 0.1574 0.7411
vn 0.7333 -0.2869 0.6164
vn 0.4517 0.5128 0.7301
vn 0.1933 0.7464 0.6368
vn 0.1969 0.7332 0.6509
vn 0.4541 0.4400 0.7747
vn 0.6398 0.0723 0.7651
vn 0.2145 0.7102 0.6705
vn -0.0983 0.8506 0.5165
vn -0.0847 0.8615 0.5007
vn 0.3368 0.7120 0.6161
vn 0.5654 0.4172 0.7115
vn -0.0155 0.9141 0.4053
vn -0.3724 0.8708 0.3211
vn -0.3296 0.9248 0.1899
vn 0.1556 0.9718 0.1772
vn 0.5373 0.7399 0.4049
vn -0.1502 0.9874 -0.0496
vn -0.5104 0.8574 0.0654
vn -0.3113 0.9307 -0.1920
vn 0.1841 0.9171 -0.3536
vn 0.4001 0.9043 -0.1486
vn 0.0854 0.8667 -0.4915
vn -0.4031 0.8689 -0.2874
vn 0.0435 0.8222 -0.5675
vn 0.4831 0.5757 -0.6597
vn 0.5095 0.6278 -0.5885
vn 0.4969 0.5404 -0.6790
vn 0.0511 0.8167 -0.5747
vn 0.5277 0.5532 -0.6447
vn 0.7835 0.1824 -0.5940
vn 0.7118 0.2339 -0.6623
vn 0.8382 0.1603 -0.5213
vn 0.5661 0.6437 -0.5150
vn 0.8645 0.2063 -0.4584
vn 0.9270 -0.1943 -0.3207
vn 0.8952 -0.1706 -0.4117
vn 0.9414 -0.1848 -0.2821
vn 0.8207 -0.1171 -0.5592
vn 0.7972 -0.4546 -0.3972
vn 0.7077 -0.3931 -0.5871
vn 0.7351 -0.0610 -0.6752
vn 0.7044 -0.6527 -0.2790
vn 0.6168 -0.6325 -0.4685
vn 0.6301 -0.7330 -0.2560
vn 0.5117 -0.7743 -0.3722
vn 0.2904 -0.7538 -0.5894
vn 0.4362 -0.5765 -0.6909
vn 0.2360 -0.7996 -0.5523
vn -0.0435 -0.6689 -0.7421
vn 0.0166 -0.6427 -0.7659
vn 0.2469 -0.7882 -0.5638
vn -0.0444 -0.6609 -0.7492
vn 0.2117 -0.8344 -0.5090
vn -0.1118 -0.7318 -0.6723
vn 0.1703 -0.8850 -0.4334
vn -0.1836 -0.8037 -0.5660
vn 0.3893 -0.8557 -0.3408
vn 0.5001 -0.8007 -0.3298
vn 0.3833 -0.8001 -0.4614
vn 0.1957 -0.8362 -0.5123
vn 0.4779 -0.7559 -0.4475
vn 0.5946 -0.7285 -0.3401
vn 0.5687 -0.7106 -0.4142
vn 0.4453 -0.7236 -0.5273
vn 0.3551 -0.7898 -0.5001
vn 0.5300 -0.6556 -0.5378
vn 0.5952 -0.6080 -0.5254
vn 0.4696 -0.7591 -0.4509
vn 0.3904 -0.8448 -0.3659
vn 0.5490 -0.6619 -0.5105
vn 0.6648 -0.5643 -0.4895
vn 0.6131 -0.5778 -0.5388
vn 0.4620 -0.8453 -0.2684
vn 0.3824 -0.9041 -0.1907
vn 0.5492 -0.7678 -0.3299
vn 0.7114 -0.4872 -0.5066
vn 0.6570 -0.6650 -0.3550
vn 0.3960 -0.9182 0.0090
vn 0.5207 -0.8537 -0.0105
vn 0.3164 -0.8352 0.4499
vn 0.1692 -0.8884 0.4268
vn 0.1106 -0.5758 0.8101
vn -0.0566 -0.6376 0.7683
vn 0.3925 -0.3713 0.8415
vn 0.6792 -0.0295 0.7333
vn 0.7704 0.2637 0.5805
vn 0.3443 0.5575 0.7554
vn 0.7401 0.4041 0.5375
vn 0.2545 0.6227 0.7399
vn 0.9753 0.0988 0.1975
vn 0.9714 -0.1797 -0.1550
vn 0.9728 0.1559 0.1712
vn 0.7055 0.4671 0.5330
vn 0.9764 -0.1510 -0.1542
vn 0.8373 -0.3731 -0.3996
vn 0.8574 -0.3698 -0.3579
vn 0.9865 -0.0717 -0.1470
vn 0.9637 0.2185 0.1536
vn 0.8969 -0.3030 -0.3220
vn 0.7524 -0.4883 -0.4421
vn 0.9306 -0.2283 -0.2861
vn 0.9906 -0.0490 -0.1278
vn 0.9598 0.2240 0.1695
vn 0.6739 0.5381 0.5062
vn 0.6870 0.5185 0.5091
vn 0.6705 0.5812 0.4611
vn 0.2389 0.7459 0.6218
vn 0.1798 0.6964 0.6948
vn 0.6703 0.7137 0.2031
vn 0.3139 0.8779 0.3616
vn 0.6244 0.7504 -0.2167
vn 0.2797 0.9556 -0.0932
vn 0.1433 0.8850 -0.4430
vn -0.4159 0.8457 -0.3344
vn -0.7017 0.7108 -0.0492
vn -0.6395 0.7686 -0.0136
vn -0.6898 0.7030 0.1732
vn -0.7820 0.5998 0.1692
vn -0.5509 0.8042 0.2231
vn -0.5153 0.7982 0.3120
vn -0.6499 0.7014 0.2927
vn -0.3527 0.8565 0.3769
vn -0.3428 0.8340 0.4323
vn -0.4771 0.7895 0.3860
vn -0.1165 0.8395 0.5307
vn -0.1148 0.8417 0.5276
vn -0.3252 0.8180 0.4745
vn 0.1904 0.7835 0.5914
vn 0.1740 0.8151 0.5526
vn -0.1133 0.8561 0.5042
vn 0.4884 0.6778 0.5496
vn 0.4389 0.7020 0.5609
vn 0.1109 0.8195 0.5622
vn 0.6570 0.5418 0.5243
vn 0.8071 0.4190 0.4161
vn 0.8501 0.4686 0.2403
vn 0.9625 0.2203 0.1583
vn 0.9575 0.2212 0.1852
vn 0.8624 0.4778 0.1670
vn 0.9763 -0.1336 0.1701
vn 0.9003 -0.2098 0.3814
vn 0.9059 0.1534 0.3948
vn 0.7379 -0.6036 0.3021
vn 0.5572 -0.6349 0.5352
vn 0.7022 -0.3279 0.6320
vn 0.3516 -0.8236 0.4450
vn 0.1785 -0.7179 0.6729
vn 0.2838 -0.6079 0.7416
vn 0.0815 -0.7652 0.6386
vn -0.0748 -0.5592 0.8257
vn -0.0717 -0.5471 0.8340
vn -0.1583 -0.5977 0.7860
vn -0.2773 -0.3044 0.9113
vn -0.2787 -0.2799 0.9187
vn -0.4111 0.0206 0.9114
vn -0.4699 0.0191 0.8825
vn -0.5259 0.3203 0.7879
vn -0.5986 0.2902 0.7466
vn -0.4897 0.2907 0.8220
vn -0.5580 0.5318 0.6370
vn -0.5902 0.5565 0.5848
vn -0.6062 0.6843 0.4053
vn -0.6135 0.7047 0.3565
vn -0.5737 0.6733 0.4665
vn -0.6147 0.7474 0.2521
vn -0.6133 0.7548 0.2326
vn -0.6153 0.7783 0.1251
vn -0.5922 0.7930 0.1432
vn -0.6239 0.7708 0.1290
vn -0.6217 0.7831 0.0160
vn -0.6020 0.7983 0.0169
vn -0.6176 0.7862 0.0226
vn -0.5835 0.8054 -0.1042
vn -0.5967 0.7961 -0.1010
vn -0.5775 0.8103 -0.0995
vn -0.5257 0.8195 -0.2280
vn -0.5243 0.8213 -0.2249
vn -0.5715 0.8167 -0.0800
vn -0.5369 0.8159 -0.2146
vn -0.5611 0.8234 -0.0853
vn -0.5361 0.8144 -0.2224
vn 0.9458 0.3245 0.0086
vn 0.7853 0.2420 -0.5698
vn 0.3198 -0.8523 -0.4138
vn 0.4430 -0.7978 -0.4090
vn 0.2253 0.5609 0.7966
vn -0.1809 0.4376 0.8808
vn -0.0865 0.2230 0.9710
vn 0.3418 0.4245 0.8384
vn 0.6870 0.4791 0.5464
vn 0.9098 -0.2957 0.2912
vn 0.4625 0.1915 0.8657
vn 0.0663 -0.0794 0.9946
vn -0.8451 0.5333 -0.0358
vn -0.9722 0.2146 -0.0931
vn -0.7420 0.6613 -0.1101
vn -0.9001 0.3987 -0.1756
vn -0.0101 0.7668 -0.6417
vn 0.1255 0.6135 -0.7797
vn 0.1216 0.6097 -0.7833
vn 0.2469 0.3899 -0.8872
vn 0.2513 0.3811 -0.8897
vn 0.3702 0.0784 -0.9257
vn 0.4478 -0.2218 -0.8662
vn -0.2136 -0.9769 0.0115
vn 0.1282 -0.9717 0.1982
vn -0.7705 -0.6372 0.0178
vn -0.6418 -0.5219 0.5618
vn -0.1377 -0.7957 0.5899
vn 0.3301 -0.9432 0.0386
vn 0.1892 -0.9799 0.0633
vn -0.0809 -0.9953 -0.0541
vn -0.8210 0.4539 -0.3462
vn -0.6443 0.7155 -0.2700
vn -0.5279 0.7021 -0.4780
vn -0.7650 0.3863 -0.5153
vn -0.3155 0.7129 -0.6263
vn -0.1269 0.5616 -0.8176
vn -0.3198 0.7667 -0.5567
vn -0.6865 0.7074 -0.1683
vn -0.8468 0.4723 -0.2447
vn -0.4719 0.8035 -0.3628
vn -0.4664 0.7877 -0.4026
vn -0.4507 0.8244 -0.3422
vn 0.4804 -0.4552 -0.7497
vn -0.6159 0.7561 0.2211
vn -0.6997 0.6547 0.2860
vn -0.6664 0.5087 0.5451
vn -0.8515 0.2813 0.4426
vn -0.7354 0.1020 0.6699
vn -0.8413 -0.1575 0.5171
vn -0.6541 -0.2609 0.7100
vn -0.5822 -0.1005 0.8068
vn -0.6972 -0.3564 0.6220
vn -0.4158 -0.4048 0.8144
vn -0.4036 -0.3868 0.8291
vn -0.4238 -0.4167 0.8042
vn -0.0369 -0.3529 0.9349
vn -0.0432 -0.4400 0.8969
vn 0.3910 -0.1970 0.8991
vn 0.3745 -0.4138 0.8298
vn 0.7322 0.0078 0.6810
vn 0.8222 0.4636 0.3303
vn -0.0668 -0.5185 0.8525
vn -0.3535 -0.3294 0.8755
vn -0.2022 0.7896 0.5794
vn -0.1541 0.8470 0.5087
vn -0.1802 0.6754 0.7151
vn -0.3150 0.6155 0.7225
vn -0.3063 0.7810 0.5443
vn -0.2793 0.8421 0.4615
vn -0.3373 0.7887 0.5140
vn -0.3388 0.8222 0.4574
vn -0.2894 0.8363 0.4656
vn -0.3972 0.7869 0.4723
vn -0.4023 0.7752 0.4871
vn -0.4844 0.7166 0.5018
vn -0.4489 0.7709 0.4519
vn -0.5410 0.7127 0.4466
vn -0.5508 0.6408 0.5348
vn -0.6058 0.6484 0.4611
vn -0.5894 0.7164 0.3733
vn -0.6711 0.6261 0.3971
vn -0.6180 0.6071 0.4995
vn -0.6843 0.5606 0.4663
vn -0.7498 0.5826 0.3137
vn -0.7547 0.5210 0.3988
vn -0.5848 0.5732 0.5740
vn -0.6070 0.5831 0.5399
vn -0.5313 0.6169 0.5807
vn -0.2816 0.6681 0.6888
vn -0.2969 0.6618 0.6884
vn -0.2411 0.7153 0.6559
vn -0.4924 0.5930 0.6370
vn -0.2429 0.6422 0.7270
vn -0.5787 0.5860 0.5672
vn -0.5106 0.6389 0.5754
vn -0.4428 0.6207 0.6471
vn -0.4718 0.7045 0.5301
vn -0.4037 0.7623 0.5058
vn -0.4230 0.7257 0.5426
vn -0.3608 0.7884 0.4982
vn -0.3892 0.6326 0.6696
vn -0.4105 0.6323 0.6571
vn -0.3674 0.6124 0.7000
vn -0.3100 0.3417 0.8872
vn -0.3912 0.3110 0.8662
vn -0.1993 0.4467 0.8722
vn -0.0407 0.6076 0.7932
vn 0.1396 0.7139 0.6861
vn 0.2871 0.8092 0.5126
vn 0.2097 0.7763 0.5945
vn 0.5358 0.8064 0.2502
vn 0.7477 0.6462 -0.1529
vn 0.7415 0.3781 -0.5542
vn 0.9152 0.0280 -0.4020
vn 0.5951 0.1444 -0.7906
vn 0.7827 -0.1545 -0.6029
vn 0.6490 -0.3294 -0.6858
vn 0.7525 -0.4967 -0.4325
vn 0.8430 -0.3906 -0.3699
vn 0.5090 -0.5377 -0.6722
vn 0.6649 -0.6150 -0.4238
vn 0.4597 -0.6487 -0.6065
vn 0.6438 -0.6606 -0.3861
vn 0.5122 -0.6012 -0.6134
vn 0.6979 -0.5963 -0.3967
vn 0.3038 -0.5950 -0.7441
vn 0.1238 -0.5964 -0.7931
vn 0.1857 -0.5750 -0.7968
vn 0.2219 -0.7341 -0.6417
vn 0.3049 -0.8618 -0.4054
vn 0.2767 -0.9083 -0.3136
vn 0.3140 -0.8072 -0.4998
vn 0.4920 -0.8335 -0.2513
vn 0.4216 -0.8977 -0.1278
vn 0.3316 -0.9427 -0.0361
vn 0.5261 -0.8480 0.0646
vn 0.4014 -0.9090 0.1119
vn 0.3012 -0.9535 0.0058
vn 0.3380 -0.9357 0.1008
vn 0.5097 -0.8333 0.2138
vn 0.4233 -0.8896 0.1717
vn 0.3823 -0.9233 0.0378
vn 0.3889 -0.9212 0.0045
vn 0.4186 -0.9041 0.0853
vn 0.5340 -0.8079 0.2494
vn 0.5007 -0.8505 0.1610
vn 0.4873 -0.8725 -0.0359
vn 0.5027 -0.8621 -0.0648
vn 0.5352 -0.8437 0.0422
vn 0.6301 -0.7062 0.3228
vn 0.6667 -0.7159 0.2075
vn 0.6075 -0.7853 -0.1193
vn 0.5869 -0.7866 -0.1920
vn 0.7457 -0.6646 0.0472
vn 0.7969 -0.3518 0.4910
vn 0.9054 -0.2870 0.3128
vn 0.8173 -0.5505 -0.1701
vn 0.6669 -0.6746 -0.3166
vn 0.9801 -0.1963 0.0295
vn 0.8696 0.1582 0.4677
vn 0.9772 0.1702 0.1270
vn 0.9573 0.1317 -0.2572
vn 0.8947 0.4255 0.1358
vn 0.9066 0.3399 -0.2502
vn 0.8090 0.0604 -0.5847
vn 0.7911 0.1940 -0.5801
vn 0.7807 0.5360 -0.3214
vn 0.7515 0.2796 -0.5976
vn 0.5815 0.0013 -0.8136
vn 0.5681 -0.0520 -0.8213
vn 0.6316 0.0113 -0.7752
vn 0.6988 0.3040 -0.6475
vn 0.6833 -0.0090 -0.7301
vn 0.4497 -0.2425 -0.8596
vn 0.3204 -0.1914 -0.9277
vn 0.5893 -0.3144 -0.7443
vn 0.2106 -0.4918 -0.8449
vn 0.0387 -0.3770 -0.9254
vn -0.1902 -0.4962 -0.8471
vn -0.2699 -0.4228 -0.8651
vn -0.0124 -0.3247 -0.9457
vn -0.2775 -0.5050 -0.8173
vn -0.3904 -0.4393 -0.8090
vn -0.2835 -0.4742 -0.8335
vn -0.3968 -0.3958 -0.8282
vn -0.3924 -0.5395 -0.7449
vn -0.5076 -0.4298 -0.7468
vn -0.4884 -0.6134 -0.6206
vn -0.6218 -0.4843 -0.6155
vn -0.4494 -0.5987 -0.6630
vn -0.6065 -0.4538 -0.6529
vn -0.1385 -0.7786 -0.6121
vn -0.1419 -0.8422 -0.5202
vn -0.5043 -0.6915 -0.5172
vn 0.1824 -0.8514 -0.4918
vn -0.7029 -0.5228 -0.4824
vn -0.7452 -0.4606 -0.4822
vn -0.6601 -0.4135 -0.6272
vn -0.7714 -0.4017 -0.4935
vn -0.7085 -0.3694 -0.6013
vn -0.8704 -0.4636 -0.1656
vn -0.8436 -0.2497 -0.4753
vn -0.7813 -0.2204 -0.5840
vn -0.8268 0.0961 -0.5543
vn -0.7912 0.1343 -0.5966
vn -0.7649 -0.2110 -0.6086
vn -0.7103 0.5060 -0.4893
vn -0.6534 0.4978 -0.5703
vn -0.6839 0.1570 -0.7125
vn -0.5790 0.6941 -0.4278
vn -0.5560 0.6784 -0.4803
vn -0.6326 0.4769 -0.6102
vn -0.4955 0.7547 -0.4299
vn -0.3469 0.7276 -0.5918
vn -0.4303 0.6559 -0.6202
vn -0.3115 0.7170 -0.6236
vn -0.0575 0.5644 -0.8235
vn -0.0875 0.5870 -0.8048
vn -0.0193 0.5542 -0.8322
vn 0.2481 0.2915 -0.9238
vn 0.2189 0.2915 -0.9312
vn 0.3633 0.3426 -0.8664
vn 0.5978 0.0423 -0.8005
vn 0.4723 -0.0099 -0.8814
vn 0.7246 0.1070 -0.6808
vn 0.8282 -0.1513 -0.5396
vn 0.7246 -0.2235 -0.6519
vn 0.8346 -0.1598 -0.5272
vn 0.8542 -0.3563 -0.3786
vn 0.8467 -0.3609 -0.3909
vn 0.7009 -0.4967 -0.5118
vn 0.5524 -0.5684 -0.6098
vn 0.8060 -0.5318 -0.2600
vn 0.7086 -0.6910 -0.1427
vn 0.6301 -0.7513 -0.1963
vn 0.7178 -0.6116 -0.3327
vn 0.7557 -0.4447 -0.4808
vn 0.6576 -0.6599 -0.3635
vn 0.6740 -0.5023 -0.5416
vn 0.6158 -0.2811 -0.7361
vn 0.5561 -0.8298 -0.0459
vn 0.2084 0.2947 -0.9326
vn 0.1737 0.2726 -0.9463
vn -0.1696 0.5597 -0.8112
vn -0.5392 0.4515 -0.7109
vn -0.5721 0.1342 -0.8091
vn -0.6533 0.1504 -0.7420
vn -0.5291 -0.1638 -0.8326
vn -0.5921 -0.1612 -0.7896
vn -0.6320 -0.1643 -0.7573
vn -0.5072 -0.3491 -0.7880
vn -0.5625 -0.3533 -0.7476
vn -0.7016 -0.3928 -0.5945
vn -0.5291 -0.4158 -0.7397
vn -0.6606 -0.4503 -0.6007
vn -0.4445 -0.4053 -0.7989
vn -0.4326 -0.4393 -0.7873
vn -0.4753 -0.3596 -0.8030
vn -0.2729 -0.3256 -0.9052
vn -0.2649 -0.4112 -0.8722
vn 0.0416 -0.2718 -0.9614
vn 0.0235 -0.3132 -0.9494
vn 0.3414 -0.2124 -0.9156
vn 0.3135 -0.2057 -0.9270
vn 0.2806 -0.1925 -0.9403
vn 0.6143 0.6368 -0.4660
vn 0.6773 0.2767 -0.6817
vn 0.7055 0.7067 0.0525
vn 0.7563 0.4378 0.4862
vn 0.7242 0.0981 0.6826
vn 0.7203 -0.3593 0.5933
vn 0.6573 -0.6444 0.3907
vn 0.6169 -0.7325 0.2880
vn 0.6252 -0.7574 0.1881
vn 0.6352 -0.7716 -0.0342
vn 0.5019 -0.7917 -0.3482
vn 0.2684 -0.7969 -0.5412
vn 0.2002 -0.8424 -0.5002
vn -0.0407 -0.8038 -0.5935
vn -0.1536 -0.8833 -0.4430
vn -0.1770 -0.7239 -0.6668
vn -0.3598 -0.7638 -0.5359
vn -0.5518 -0.7558 -0.3525
vn -0.8816 -0.2736 -0.3845
vn -0.8281 0.1281 -0.5458
vn -0.6821 0.4205 -0.5983
vn -0.8422 0.4435 -0.3065
vn -0.7614 0.5948 -0.2577
vn -0.8773 0.4799 -0.0095
vn -0.9140 0.3430 0.2164
vn 0.8236 -0.5553 -0.1153
vn 0.7652 -0.6333 -0.1158
vn 0.8075 -0.5681 0.1586
vn 0.7574 -0.6391 0.1341
vn 0.7476 -0.6465 -0.1520
vn 0.6987 -0.5961 0.3957
vn 0.6209 -0.6938 0.3650
vn 0.7275 -0.6761 0.1172
vn 0.4532 -0.6668 0.5916
vn 0.4130 -0.7187 0.5593
vn 0.6004 -0.7199 0.3482
vn 0.1714 -0.6611 0.7305
vn 0.1787 -0.6636 0.7264
vn 0.4309 -0.7138 0.5521
vn -0.0988 -0.5508 0.8288
vn -0.0927 -0.5432 0.8344
vn 0.1996 -0.6733 0.7119
vn -0.3792 -0.3590 0.8528
vn -0.3913 -0.3404 0.8550
vn -0.0895 -0.5496 0.8306
vn -0.6263 -0.1166 0.7708
vn -0.6252 -0.0769 0.7767
vn -0.3883 -0.3113 0.8674
vn -0.7861 0.1346 0.6033
vn -0.8512 0.1367 0.5067
vn -0.6794 -0.0859 0.7288
vn -0.9202 0.2310 0.3160
vn -0.9991 0.0421 -0.0002
vn -0.9825 -0.0162 0.1853
vn -0.8819 -0.2749 -0.3831
vn -0.8252 -0.2363 0.5130
vn -0.4188 -0.3110 0.8532
vn -0.0561 -0.5747 0.8164
vn -0.0709 -0.5455 0.8351
vn 0.2879 -0.7638 0.5777
vn 0.2624 -0.7121 0.6512
vn 0.2230 -0.6998 0.6786
vn 0.4865 -0.7714 0.4101
vn 0.4523 -0.7588 0.4686
vn 0.4468 -0.7273 0.5209
vn 0.5991 -0.7474 0.2873
vn 0.6313 -0.7069 0.3190
vn 0.6281 -0.7010 0.3378
vn 0.7390 -0.6399 0.2107
vn 0.7538 -0.6401 0.1486
vn 0.7299 -0.6731 0.1191
vn 0.8520 -0.5235 -0.0063
vn 0.8151 -0.5659 -0.1242
vn 0.7766 -0.6080 -0.1648
vn 0.9344 -0.2969 -0.1970
vn 0.6620 -0.7087 0.2438
vn 0.5807 -0.7905 0.1947
vn 0.5903 -0.7772 0.2178
vn 0.5867 -0.8077 0.0583
vn 0.5022 -0.8615 0.0751
vn 0.5088 -0.8139 0.2805
vn 0.4113 -0.9111 -0.0266
vn 0.4680 -0.8590 -0.2076
vn 0.1646 -0.9122 -0.3751
vn 0.3499 -0.9290 -0.1209
vn 0.1669 -0.9821 0.0874
vn 0.3607 -0.8958 0.2597
vn 0.0467 -0.9613 0.2714
vn 0.2183 -0.8380 0.5000
vn -0.0769 -0.9970 0.0062
vn -0.0725 -0.9946 0.0739
vn -0.0126 -0.9070 0.4210
vn 0.1123 -0.6907 0.7144
vn 0.0101 -0.8282 0.5603
vn 0.0860 -0.4884 0.8684
vn 0.1715 0.0694 0.9827
vn 0.2344 0.2837 0.9298
vn 0.2137 0.5818 0.7847
vn 0.5425 0.4270 0.7234
vn 0.8451 0.4273 0.3214
vn -0.0107 -0.9856 0.1686
vn 0.0090 -0.9795 -0.2011
vn 0.1361 -0.9863 -0.0936
vn -0.0725 -0.9674 -0.2428
vn -0.0261 -0.8681 -0.4957
vn 0.0600 -0.8727 -0.4846
vn -0.1285 -0.9636 -0.2343
vn -0.1168 -0.8686 -0.4816
vn 0.1595 -0.6574 -0.7365
vn 0.2988 -0.3362 -0.8931
vn 0.4753 -0.0645 -0.8774
vn 0.5134 0.1123 -0.8508
vn 0.4650 -0.8853 0.0054
vn -0.3252 -0.1670 0.9308
vn -0.4226 0.3052 0.8534
vn -0.2535 -0.1992 0.9466
vn -0.3809 0.2893 0.8782
vn -0.4052 0.6157 0.6758
vn -0.3583 0.7028 0.6145
vn -0.1234 0.6849 0.7181
vn -0.2034 0.6511 0.7312
vn 0.2015 0.6410 0.7406
vn 0.1718 0.6796 0.7132
vn 0.3805 -0.9015 -0.2060
vn 0.6125 -0.7896 0.0365
vn 0.9558 0.2680 0.1208
vn 0.9383 -0.0581 0.3409
vn 0.9540 -0.0736 0.2907
vn 0.7957 -0.3291 0.5085
vn 0.8178 -0.3370 0.4666
vn 0.6496 -0.4771 0.5920
vn 0.6699 -0.4814 0.5652
vn 0.6398 -0.4831 0.5978
vn 0.5198 -0.5789 0.6283
vn 0.5250 -0.5686 0.6333
vn 0.5158 -0.5965 0.6149
vn 0.3767 -0.6819 0.6270
vn 0.3821 -0.6630 0.6438
vn 0.3684 -0.6975 0.6147
vn 0.1915 -0.7803 0.5954
vn 0.1941 -0.7638 0.6155
vn 0.1844 -0.7852 0.5911
vn -0.0315 -0.8489 0.5276
vn -0.0240 -0.8423 0.5385
vn -0.0480 -0.8462 0.5307
vn -0.2520 -0.8623 0.4393
vn -0.2385 -0.8660 0.4395
vn -0.2612 -0.8599 0.4387
vn -0.4020 -0.8456 0.3512
vn -0.3947 -0.8485 0.3526
vn -0.4155 -0.8392 0.3508
vn -0.5118 -0.8091 0.2887
vn -0.4973 -0.8207 0.2812
vn -0.5320 -0.7909 0.3024
vn -0.5860 -0.7688 0.2560
vn -0.5746 -0.7852 0.2308
vn -0.5976 -0.7509 0.2812
vn -0.6741 -0.7107 0.2010
vn -0.6604 -0.7325 0.1652
vn -0.6895 -0.6880 0.2265
vn -0.8192 -0.5661 0.0922
vn -0.7887 -0.6115 0.0631
vn -0.7071 -0.6677 0.2329
vn -0.8480 -0.5215 0.0951
vn -0.9533 -0.2727 -0.1300
vn -0.9375 -0.3270 -0.1187
vn -0.9184 0.0124 -0.3954
vn -0.9248 0.0051 -0.3805
vn -0.7569 0.2830 -0.5890
vn -0.5766 0.4790 -0.6618
vn -0.7563 0.2858 -0.5885
vn -0.9116 -0.0511 -0.4079
vn -0.7534 0.2491 -0.6086
vn -0.8839 -0.1193 -0.4522
vn -0.9045 -0.4000 -0.1482
vn -0.8630 -0.4630 -0.2019
vn -0.8557 -0.1765 -0.4865
vn -0.8307 -0.4990 -0.2467
vn -0.7601 -0.6496 0.0149
vn -0.7409 -0.6708 -0.0336
vn -0.8139 -0.5112 -0.2761
vn -0.7347 -0.6755 -0.0625
vn -0.6497 -0.7496 0.1264
vn -0.6465 -0.7565 0.0988
vn -0.7385 -0.6697 -0.0782
vn -0.6513 -0.7535 0.0899
vn -0.5674 -0.7960 0.2107
vn -0.5664 -0.7983 0.2046
vn -0.6561 -0.7492 0.0908
vn -0.5657 -0.7983 0.2066
vn -0.4897 -0.8257 0.2800
vn -0.4839 -0.8281 0.2830
vn -0.5596 -0.8028 0.2059
vn -0.4766 -0.8319 0.2843
vn -0.3870 -0.8516 0.3536
vn -0.3816 -0.8526 0.3570
vn -0.4706 -0.8382 0.2755
vn -0.3850 -0.8515 0.3559
vn -0.2325 -0.8631 0.4483
vn -0.2410 -0.8551 0.4590
vn -0.4043 -0.8461 0.3475
vn -0.2638 -0.8468 0.4619
vn -0.0279 -0.8282 0.5597
vn -0.0401 -0.8171 0.5751
vn -0.2969 -0.8375 0.4588
vn -0.0550 -0.8128 0.5800
vn 0.1959 -0.7471 0.6352
vn 0.1961 -0.7397 0.6438
vn -0.0727 -0.8133 0.5773
vn 0.1902 -0.7421 0.6428
vn 0.3850 -0.6525 0.6526
vn 0.3881 -0.6540 0.6493
vn 0.1759 -0.7599 0.6258
vn 0.3905 -0.6751 0.6258
vn 0.5367 -0.5716 0.6207
vn 0.5527 -0.5913 0.5872
vn 0.3854 -0.7386 0.5531
vn 0.5625 -0.6552 0.5043
vn 0.6927 -0.4978 0.5218
vn 0.7076 -0.5571 0.4347
vn 0.5416 -0.7581 0.3633
vn 0.8378 -0.3498 0.4193
vn 0.9727 0.1621 0.1660
vn 0.9711 0.1734 0.1642
vn 0.9538 0.2514 0.1645
vn 0.9566 0.2375 0.1687
vn 0.9677 0.1987 0.1550
vn 0.9474 0.2814 0.1522
vn 0.9599 0.2481 0.1306
vn 0.9354 0.3299 0.1270
vn 0.9731 0.1823 0.1410
vn 0.9605 0.2639 0.0880
vn 0.9414 0.3267 0.0839
vn 0.9643 0.2405 0.1110
vn 0.9374 0.3481 -0.0052
vn 0.9279 0.3729 0.0004
vn 0.9301 0.3673 -0.0042
vn 0.8842 0.4441 -0.1450
vn 0.8836 0.4494 -0.1317
vn 0.8667 0.4775 -0.1443
vn 0.8146 0.5163 -0.2643
vn 0.8194 0.5105 -0.2609
vn 0.7883 0.5575 -0.2603
vn 0.7219 0.5731 -0.3878
vn 0.7350 0.5603 -0.3820
vn 0.6778 0.6285 -0.3815
vn 0.6182 0.5906 -0.5187
vn 0.6185 0.6023 -0.5047
vn 0.4624 0.6280 -0.6259
vn 0.4413 0.6707 -0.5962
vn 0.6027 0.6356 -0.4824
vn 0.2624 0.6704 -0.6940
vn 0.2396 0.7165 -0.6552
vn 0.4162 0.7145 -0.5624
vn 0.0755 0.6872 -0.7225
vn 0.0563 0.7290 -0.6821
vn 0.2181 0.7572 -0.6157
vn -0.0880 0.6832 -0.7249
vn -0.1090 0.7217 -0.6836
vn 0.0373 0.7665 -0.6412
vn -0.2461 0.6648 -0.7053
vn -0.2708 0.7033 -0.6573
vn -0.1336 0.7567 -0.6400
vn -0.3969 0.6362 -0.6616
vn -0.4079 0.6716 -0.6186
vn -0.2945 0.7331 -0.6130
vn -0.5070 0.6001 -0.6187
vn -0.5018 0.6272 -0.5956
vn -0.4134 0.6939 -0.5896
vn -0.5713 0.5643 -0.5959
vn -0.4962 0.6486 -0.5771
vn -0.4153 0.7088 -0.5701
vn -0.4963 0.6651 -0.5580
vn -0.4174 0.7198 -0.5547
vn -0.4989 0.6792 -0.5384
vn -0.4216 0.7273 -0.5415
vn -0.5047 0.6837 -0.5271
vn -0.4272 0.7299 -0.5336
vn -0.5820 0.6277 -0.5170
vn -0.6402 0.5693 -0.5157
vn -0.3393 0.7755 -0.5324
vn -0.3348 0.7726 -0.5395
vn -0.2253 0.8268 -0.5154
vn -0.2206 0.8240 -0.5218
vn -0.0781 0.8789 -0.4705
vn -0.0729 0.8761 -0.4765
vn 0.9368 0.3113 0.1598
vn 0.9326 0.3269 0.1527
vn 0.9106 0.3901 0.1369
vn 0.9158 0.3758 0.1416
vn 0.9241 0.3555 0.1400
vn 0.8989 0.4199 0.1252
vn 0.9096 0.3997 0.1132
vn 0.8818 0.4607 0.1004
vn 0.8858 0.4580 0.0741
vn 0.8577 0.5099 0.0660
vn 0.9131 0.3990 0.0837
vn 0.8755 0.4828 0.0217
vn 0.8497 0.5268 0.0227
vn 0.9040 0.4274 0.0120
vn 0.8435 0.5312 -0.0800
vn 0.8173 0.5731 -0.0598
vn 0.8679 0.4851 -0.1073
vn 0.7864 0.5792 -0.2145
vn 0.7624 0.6212 -0.1814
vn 0.8075 0.5372 -0.2436
vn 0.7088 0.6141 -0.3470
vn 0.6850 0.6556 -0.3176
vn 0.7282 0.5773 -0.3693
vn 0.5791 0.6768 -0.4545
vn 0.5526 0.7179 -0.4235
vn 0.3902 0.7551 -0.5268
vn 0.3639 0.7923 -0.4897
vn 0.5244 0.7571 -0.3895
vn 0.1970 0.7938 -0.5754
vn 0.1753 0.8256 -0.5363
vn 0.3376 0.8245 -0.4541
vn 0.0164 0.7997 -0.6002
vn -0.0077 0.8288 -0.5594
vn 0.1507 0.8543 -0.4975
vn -0.1607 0.7856 -0.5974
vn -0.1840 0.8047 -0.5645
vn -0.0306 0.8500 -0.5258
vn -0.3116 0.7522 -0.5805
vn -0.3224 0.7629 -0.5604
vn -0.2007 0.8154 -0.5430
vn -0.3289 0.7679 -0.5497
vn -0.2113 0.8201 -0.5318
vn -0.0620 0.8707 -0.4879
vn -0.0486 0.8632 -0.5026
vn 0.0905 0.9025 -0.4212
vn 0.1066 0.8924 -0.4386
vn 0.0792 0.9093 -0.4085
vn 0.2134 0.9179 -0.3346
vn 0.2303 0.9095 -0.3461
vn 0.0722 0.9120 -0.4038
vn 0.2051 0.9213 -0.3304
vn 0.3263 0.9109 -0.2527
vn 0.3394 0.9047 -0.2573
vn 0.8886 0.4370 0.1392
vn 0.8830 0.4503 0.1324
vn 0.8559 0.4991 0.1355
vn 0.8603 0.4885 0.1457
vn 0.8703 0.4786 0.1164
vn 0.8445 0.5227 0.1164
vn 0.8531 0.5129 0.0950
vn 0.8281 0.5526 0.0941
vn 0.8289 0.5558 0.0635
vn 0.8034 0.5922 0.0619
vn 0.7920 0.6101 0.0207
vn 0.7663 0.6422 0.0195
vn 0.8222 0.5688 0.0210
vn 0.7653 0.6421 -0.0449
vn 0.7357 0.6762 -0.0392
vn 0.7926 0.6077 -0.0508
vn 0.7131 0.6879 -0.1353
vn 0.6842 0.7187 -0.1236
vn 0.7378 0.6575 -0.1528
vn 0.6327 0.7318 -0.2535
vn 0.6050 0.7624 -0.2295
vn 0.6592 0.6961 -0.2844
vn 0.4957 0.7915 -0.3575
vn 0.4647 0.8223 -0.3286
vn 0.3087 0.8537 -0.4194
vn 0.2789 0.8785 -0.3879
vn 0.4306 0.8501 -0.3032
vn 0.1263 0.8770 -0.4636
vn 0.2526 0.8965 -0.3639
vn 0.3981 0.8716 -0.2861
vn 0.3665 0.8900 -0.2712
vn 0.5045 0.8425 -0.1891
vn 0.5390 0.8182 -0.2002
vn 0.4701 0.8647 -0.1768
vn 0.5913 0.7999 -0.1030
vn 0.6219 0.7756 -0.1079
vn 0.4515 0.8754 -0.1728
vn 0.5724 0.8135 -0.1026
vn 0.6645 0.7462 -0.0413
vn 0.6820 0.7304 -0.0379
vn 0.8371 0.5256 0.1521
vn 0.8334 0.5344 0.1410
vn 0.8229 0.5495 0.1443
vn 0.8265 0.5409 0.1559
vn 0.8225 0.5560 0.1198
vn 0.8121 0.5710 0.1204
vn 0.8057 0.5847 0.0950
vn 0.7936 0.6010 0.0944
vn 0.7796 0.6234 0.0599
vn 0.7667 0.6393 0.0596
vn 0.7416 0.6706 0.0173
vn 0.7270 0.6864 0.0152
vn 0.7074 0.7058 -0.0380
vn 0.6529 0.7488 -0.1145
vn 0.5724 0.7923 -0.2114
vn 0.1432 -0.9119 0.3846
vn 0.1921 -0.9444 0.2667
vn 0.0844 -0.8536 0.5141
vn 0.3322 -0.7424 0.5818
vn 0.3521 -0.8297 0.4331
vn -0.0078 -0.7350 0.6780
vn 0.2010 -0.5838 0.7866
vn -0.1464 -0.5477 0.8238
vn -0.1150 -0.4155 0.9023
vn -0.3346 -0.2778 0.9005
vn -0.3831 -0.2384 0.8924
vn -0.4895 0.0272 0.8716
vn -0.5580 -0.0165 0.8297
vn -0.5707 0.2707 0.7753
vn -0.6602 0.1997 0.7240
vn -0.6093 0.4597 0.6461
vn -0.7107 0.3812 0.5913
vn -0.6158 0.6121 0.4961
vn -0.7208 0.5308 0.4458
vn -0.5901 0.7599 0.2727
vn -0.6773 0.7004 0.2252
vn -0.5401 0.8405 0.0432
vn -0.3966 0.8887 -0.2299
vn -0.5096 0.8559 -0.0879
vn -0.5367 0.8435 -0.0209
vn -0.4926 0.8677 -0.0663
vn -0.5252 0.8508 -0.0180
vn -0.5790 0.8147 0.0327
vn 0.3548 -0.8848 0.3019
vn 0.3630 -0.9198 0.1487
vn 0.3884 -0.9214 -0.0162
vn 0.2450 -0.9608 0.1298
vn 0.4370 -0.8806 -0.1831
vn 0.4740 -0.8651 -0.1641
vn 0.5302 -0.7775 -0.3380
vn 0.4942 -0.7848 -0.3740
vn 0.5275 -0.6219 -0.5788
vn 0.5927 -0.5977 -0.5399
vn 0.5210 -0.4195 -0.7434
vn 0.6067 -0.3746 -0.7011
vn 0.5708 -0.1356 -0.8098
vn 0.4811 -0.1909 -0.8556
vn 0.4775 0.1513 -0.8655
vn -0.4142 0.8960 -0.1602
vn -0.2523 0.9057 -0.3407
vn -0.2223 0.8868 -0.4051
vn -0.0310 0.7977 -0.6022
vn -0.0380 0.8263 -0.5619
vn 0.1247 0.6401 -0.7581
vn 0.3990 0.1009 -0.9114
vn 0.2705 0.4071 -0.8724
vn 0.3252 0.4485 -0.8325
vn 0.1499 0.6750 -0.7224
vn -0.5140 0.8578 0.0038
vn -0.5140 0.8578 0.0037
vn -0.5140 0.8578 0.0035
vn -0.6194 0.7850 -0.0081
vn -0.7653 -0.4633 -0.4468
vn 0.7092 0.5841 0.3947
vn -0.5119 0.8590 0.0046
vn -0.5140 0.8578 0.0047
vn -0.5121 0.8589 0.0042
vn -0.5121 0.8589 0.0048
vn -0.5123 0.8588 0.0050
vn -0.5137 0.8580 0.0044
vn -0.5130 0.8584 0.0054
vn -0.5135 0.8581 0.0048
vn -0.5130 0.8584 0.0025
vn -0.5129 0.8584 0.0050
vn -0.5258 0.8506 0.0007
vn -0.5256 0.8507 0.0009
vn -0.5201 0.8541 0.0010
vn -0.5188 0.8549 0.0010
vn -0.5139 0.8579 0.0018
vn -0.6619 0.7454 -0.0791
vn -0.6342 0.7699 -0.0718
vn -0.5139 0.8578 0.0042
vn -0.5139 0.8578 0.0046
vn -0.5139 0.8578 0.0043
vn -0.5139 0.8578 0.0047
vn -0.5096 -0.3248 0.7968
vn -0.7689 -0.4841 0.4177
vn -0.2100 -0.1604 0.9644
vn 0.1679 0.0638 0.9837
vn 0.7733 0.5528 -0.3104
vn 0.5751 0.3193 -0.7532
vn -0.2410 -0.1281 -0.9620
vn 0.1533 0.1117 -0.9818
vn -0.1521 -0.1165 -0.9815
vn 0.2983 0.2053 -0.9321
vn 0.7615 0.4984 -0.4144
vn 0.5186 0.3166 -0.7943
vn 0.2020 0.1771 0.9633
vn -0.1827 -0.0762 0.9802
vn -0.7685 -0.5687 0.2932
vn -0.6378 -0.3334 0.6943
vn -0.5242 0.8516 -0.0029
vn -0.5491 0.8353 0.0274
vn 0.4522 0.3346 0.8268
vn -0.5363 0.8431 0.0396
vn -0.3972 -0.1408 0.9069
vn -0.6602 0.7491 -0.0537
vn -0.7700 -0.6379 0.0126
vn 0.3326 0.2047 -0.9206
vn 0.8344 0.5445 -0.0853
vn -0.5065 -0.3826 -0.7728
vn -0.5620 0.8271 -0.0026
vn 0.3679 0.1956 -0.9090
vn -0.4867 -0.2793 -0.8278
vn 0.7794 0.6266 0.0026
vn 0.4909 0.3328 0.8052
vn -0.6815 0.7299 -0.0534
vn -0.8441 -0.5272 0.0975
vn -0.6450 0.7595 -0.0848
vn -0.5381 0.8421 0.0364
vn -0.4907 0.8681 -0.0743
vn -0.5137 0.8579 0.0035
vn -0.5137 0.8579 0.0037
vn -0.5137 0.8580 0.0042
vn 0.7420 0.5050 0.4410
vn -0.3174 -0.2053 0.9258
vn -0.7245 -0.5819 -0.3696
vn -0.5291 0.8468 0.0548
vn -0.5275 0.8493 0.0201
vn -0.5290 0.8481 -0.0304
vt 0.044796 0.013780
vt 0.043255 0.042254
vt 0.036776 0.041972
vt 0.038125 0.015296
vt 0.114923 0.130030
vt 0.040482 0.129208
vt 0.041231 0.100025
vt 0.115638 0.103810
vt 0.040685 0.070890
vt 0.034212 0.070414
vt 0.038458 0.099905
vt 0.031979 0.099648
vt 0.037750 0.129182
vt 0.031268 0.129237
vt 0.041014 0.158376
vt 0.042694 0.187296
vt 0.039941 0.187494
vt 0.038181 0.158482
vt 0.047637 0.012746
vt 0.046018 0.042390
vt 0.044711 0.216036
vt 0.042004 0.216066
vt 0.033321 0.187917
vt 0.031873 0.158708
vt 0.045377 0.245320
vt 0.042523 0.244253
vt 0.043453 0.071092
vt 0.116994 0.077393
vt 0.138674 0.130028
vt 0.139024 0.105287
vt 0.365557 0.106675
vt 0.365392 0.130011
vt 0.535058 0.102998
vt 0.509098 0.102998
vt 0.522078 0.071661
vt 0.490741 0.084641
vt 0.490741 0.058681
vt 0.553414 0.058681
vt 0.553414 0.084641
vt 0.535058 0.040325
vt 0.509098 0.040325
vt 0.122205 0.237892
vt 0.117906 0.209609
vt 0.118736 0.050343
vt 0.123442 0.021897
vt 0.116591 0.182534
vt 0.114667 0.156192
vt 0.139549 0.179415
vt 0.138919 0.154781
vt 0.139852 0.080703
vt 0.142711 0.227649
vt 0.140926 0.203775
vt 0.365901 0.083308
vt 0.141411 0.056419
vt 0.391384 0.082941
vt 0.391384 0.059410
vt 0.408023 0.099580
vt 0.143245 0.032691
vt 0.365446 0.153336
vt 0.365713 0.176675
vt 0.366159 0.200044
vt 0.366721 0.223478
vt 0.366721 0.036358
vt 0.366345 0.059875
vt 0.408023 0.042771
vt 0.431554 0.099580
vt 0.448194 0.059410
vt 0.448194 0.082941
vt 0.431555 0.042771
vt 0.035595 0.216253
vt 0.036057 0.242487
vt 0.744697 0.108859
vt 0.748886 0.108004
vt 0.748497 0.107370
vt 0.746574 0.108051
vt 0.935156 0.136580
vt 0.931639 0.130534
vt 0.924970 0.130792
vt 0.926242 0.136506
vt 0.941932 0.136826
vt 0.937064 0.130054
vt 0.742871 0.109803
vt 0.750241 0.108892
vt 0.927479 0.141638
vt 0.934645 0.141787
vt 0.881101 0.170088
vt 0.888482 0.171906
vt 0.891280 0.166573
vt 0.886497 0.165335
vt 0.883368 0.179158
vt 0.890010 0.178674
vt 0.872010 0.172517
vt 0.874530 0.179842
vt 0.877781 0.163463
vt 0.870463 0.165202
vt 0.883545 0.161031
vt 0.713706 0.141751
vt 0.710875 0.143768
vt 0.713411 0.145918
vt 0.716034 0.142438
vt 0.713096 0.139296
vt 0.709563 0.140625
vt 0.716716 0.138878
vt 0.895761 0.133661
vt 0.906931 0.135351
vt 0.907714 0.129935
vt 0.899221 0.127499
vt 0.889051 0.128310
vt 0.881736 0.132967
vt 0.884839 0.139812
vt 0.893716 0.124027
vt 0.897179 0.144989
vt 0.908366 0.142595
vt 0.789223 0.186261
vt 0.802506 0.187135
vt 0.803559 0.179185
vt 0.794618 0.177071
vt 0.790314 0.199960
vt 0.802788 0.198032
vt 0.778659 0.192298
vt 0.779942 0.204664
vt 0.787432 0.172954
vt 0.781624 0.177923
vt 0.774453 0.182868
vt 0.745216 0.122546
vt 0.751894 0.123513
vt 0.737912 0.113777
vt 0.736581 0.114824
vt 0.735240 0.115475
vt 0.733905 0.116113
vt 0.772469 0.140953
vt 0.771336 0.135865
vt 0.731245 0.117343
vt 0.771927 0.144811
vt 0.732575 0.116737
vt 0.944022 0.339815
vt 0.947316 0.337091
vt 0.945149 0.333957
vt 0.941720 0.338414
vt 0.944233 0.342501
vt 0.949040 0.340116
vt 0.940323 0.342326
vt 0.871882 0.332597
vt 0.861658 0.328510
vt 0.853194 0.333157
vt 0.858598 0.338888
vt 0.875517 0.325689
vt 0.866740 0.324046
vt 0.861868 0.343400
vt 0.875440 0.336813
vt 0.884338 0.328458
vt 0.884689 0.324048
vt 0.884656 0.332104
vt 0.951242 0.223429
vt 0.935654 0.213337
vt 0.926595 0.218014
vt 0.939607 0.227098
vt 0.949381 0.235768
vt 0.956300 0.232695
vt 0.962545 0.232266
vt 0.962786 0.226562
vt 0.691916 0.145066
vt 0.696986 0.152776
vt 0.701709 0.149286
vt 0.699285 0.143390
vt 0.700028 0.135792
vt 0.693742 0.133239
vt 0.866173 0.314018
vt 0.871464 0.315084
vt 0.872332 0.310156
vt 0.865688 0.310381
vt 0.863424 0.316207
vt 0.869742 0.319650
vt 0.861012 0.311557
vt 0.913590 0.209804
vt 0.923550 0.203772
vt 0.913694 0.195598
vt 0.906428 0.200413
vt 0.899758 0.208543
vt 0.903767 0.216918
vt 0.912292 0.217319
vt 0.896177 0.201322
vt 0.920126 0.222662
vt 0.777110 0.220811
vt 0.763670 0.239209
vt 0.769807 0.245321
vt 0.782235 0.231714
vt 0.791147 0.211915
vt 0.769995 0.208652
vt 0.765313 0.221826
vt 0.756103 0.237496
vt 0.793876 0.222282
vt 0.792747 0.135130
vt 0.794953 0.143907
vt 0.801393 0.145562
vt 0.802531 0.139316
vt 0.781484 0.135407
vt 0.785171 0.141619
vt 0.783690 0.126109
vt 0.776047 0.128620
vt 0.797427 0.126931
vt 0.790131 0.119889
vt 0.804528 0.132136
vt 0.922151 0.120217
vt 0.921760 0.116560
vt 0.918798 0.114615
vt 0.916789 0.119269
vt 0.974170 0.282838
vt 0.973602 0.279068
vt 0.969583 0.283667
vt 0.973697 0.286142
vt 0.981133 0.280248
vt 0.979719 0.277077
vt 0.923640 0.122903
vt 0.929709 0.119718
vt 0.928121 0.115705
vt 0.916614 0.123142
vt 0.708735 0.137790
vt 0.711720 0.136073
vt 0.708722 0.132912
vt 0.705369 0.136968
vt 0.704883 0.141896
vt 0.979714 0.270560
vt 0.980346 0.268691
vt 0.977199 0.268464
vt 0.976799 0.271163
vt 0.981586 0.271739
vt 0.982903 0.269172
vt 0.977824 0.274240
vt 0.947036 0.355099
vt 0.951145 0.354059
vt 0.949121 0.350714
vt 0.944171 0.353030
vt 0.902475 0.067792
vt 0.898569 0.069435
vt 0.900030 0.073411
vt 0.904236 0.070936
vt 0.902381 0.064541
vt 0.897234 0.065832
vt 0.678706 0.830594
vt 0.685149 0.817359
vt 0.666348 0.823390
vt 0.662305 0.834435
vt 0.657218 0.845911
vt 0.671064 0.843780
vt 0.972624 0.275737
vt 0.967459 0.276998
vt 0.966471 0.286668
vt 0.969310 0.294243
vt 0.973362 0.292606
vt 0.963786 0.278320
vt 0.977082 0.291220
vt 0.984386 0.317718
vt 0.983193 0.315088
vt 0.980265 0.318368
vt 0.982656 0.321240
vt 0.986134 0.324315
vt 0.987769 0.318596
vt 0.987144 0.312683
vt 0.287711 0.760084
vt 0.304795 0.788346
vt 0.322211 0.802257
vt 0.317284 0.781961
vt 0.316540 0.764752
vt 0.291467 0.742390
vt 0.264865 0.717653
vt 0.264229 0.731848
vt 0.911259 0.227323
vt 0.986970 0.264378
vt 0.984883 0.265368
vt 0.985602 0.269532
vt 0.989445 0.268375
vt 0.985213 0.259092
vt 0.981919 0.259530
vt 0.989394 0.258923
vt 0.974593 0.312238
vt 0.976688 0.313522
vt 0.978574 0.309664
vt 0.974697 0.309395
vt 0.971431 0.314782
vt 0.973333 0.317556
vt 0.969911 0.311548
vt 0.951241 0.259786
vt 0.940889 0.248178
vt 0.935956 0.254838
vt 0.945115 0.265391
vt 0.951383 0.275651
vt 0.955946 0.271600
vt 0.953506 0.250548
vt 0.944580 0.241454
vt 0.960123 0.263267
vt 0.961495 0.256924
vt 0.960817 0.270400
vt 0.977428 0.266305
vt 0.979921 0.266072
vt 0.973886 0.264352
vt 0.972302 0.267519
vt 0.976321 0.261915
vt 0.943111 0.320932
vt 0.950494 0.316043
vt 0.949458 0.310469
vt 0.943065 0.314462
vt 0.946753 0.325469
vt 0.952526 0.320861
vt 0.935558 0.320935
vt 0.933179 0.325693
vt 0.938792 0.327815
vt 0.936586 0.316064
vt 0.942383 0.330659
vt 0.930667 0.307694
vt 0.926428 0.305398
vt 0.924477 0.309967
vt 0.930518 0.311728
vt 0.934633 0.305418
vt 0.929844 0.299844
vt 0.936464 0.310956
vt 0.891022 0.215366
vt 0.893989 0.224802
vt 0.910222 0.238039
vt 0.924529 0.245592
vt 0.928705 0.238081
vt 0.895678 0.235730
vt 0.933505 0.232215
vt 0.815905 0.122976
vt 0.823712 0.122199
vt 0.823193 0.114057
vt 0.813303 0.118338
vt 0.807369 0.125016
vt 0.813404 0.128445
vt 0.822766 0.129542
vt 0.810452 0.081534
vt 0.823142 0.076278
vt 0.822663 0.063294
vt 0.812074 0.063775
vt 0.800816 0.064239
vt 0.798834 0.077921
vt 0.793769 0.091468
vt 0.801014 0.096285
vt 0.816312 0.094423
vt 0.825938 0.088394
vt 0.806512 0.103209
vt 0.813603 0.044508
vt 0.824419 0.049255
vt 0.828711 0.039083
vt 0.820876 0.031795
vt 0.811999 0.022926
vt 0.806015 0.030252
vt 0.797017 0.036568
vt 0.800337 0.049191
vt 0.514270 0.687021
vt 0.526020 0.673006
vt 0.513568 0.665857
vt 0.501862 0.687036
vt 0.497617 0.703743
vt 0.513946 0.698004
vt 0.529640 0.684098
vt 0.484681 0.670675
vt 0.480258 0.686488
vt 0.512362 0.650411
vt 0.485622 0.657392
vt 0.338734 0.895136
vt 0.336662 0.891332
vt 0.330108 0.894862
vt 0.335574 0.898677
vt 0.348451 0.894125
vt 0.347931 0.889545
vt 0.347612 0.898298
vt 0.664951 0.857081
vt 0.652769 0.857910
vt 0.649187 0.870641
vt 0.660084 0.870844
vt 0.639610 0.859185
vt 0.637279 0.871014
vt 0.642465 0.848146
vt 0.645551 0.837690
vt 0.626499 0.850448
vt 0.624927 0.860733
vt 0.628217 0.840697
vt 0.648110 0.827557
vt 0.629753 0.831196
vt 0.610225 0.843605
vt 0.609417 0.852773
vt 0.611058 0.834647
vt 0.630973 0.821569
vt 0.611853 0.825603
vt 0.591960 0.838048
vt 0.591590 0.846487
vt 0.592446 0.829558
vt 0.612666 0.816190
vt 0.593054 0.820794
vt 0.572760 0.833531
vt 0.572458 0.841478
vt 0.573251 0.825381
vt 0.593804 0.811588
vt 0.573916 0.816877
vt 0.553285 0.830034
vt 0.552823 0.837592
vt 0.553936 0.822196
vt 0.574735 0.807914
vt 0.554744 0.813978
vt 0.533917 0.827603
vt 0.533221 0.834809
vt 0.534750 0.820094
vt 0.535699 0.812207
vt 0.515844 0.818799
vt 0.514891 0.825981
vt 0.555682 0.805305
vt 0.514028 0.832878
vt 0.495151 0.830346
vt 0.494229 0.836764
vt 0.513268 0.839565
vt 0.493386 0.843036
vt 0.474419 0.838099
vt 0.473419 0.844105
vt 0.492648 0.849232
vt 0.512645 0.846125
vt 0.472502 0.850036
vt 0.453423 0.842618
vt 0.452232 0.848472
vt 0.471713 0.855956
vt 0.492068 0.855437
vt 0.451141 0.854259
vt 0.431998 0.844813
vt 0.430516 0.850725
vt 0.450220 0.860029
vt 0.471124 0.861939
vt 0.429176 0.856524
vt 0.410072 0.845721
vt 0.408249 0.851880
vt 0.428068 0.862245
vt 0.449544 0.865836
vt 0.406661 0.857831
vt 0.387767 0.846437
vt 0.385679 0.853008
vt 0.405423 0.863612
vt 0.427263 0.867935
vt 0.384031 0.859220
vt 0.365641 0.848132
vt 0.363662 0.855178
vt 0.382931 0.865159
vt 0.404582 0.869291
vt 0.362453 0.861685
vt 0.345261 0.851919
vt 0.344239 0.859316
vt 0.361972 0.867832
vt 0.382341 0.870939
vt 0.344150 0.866070
vt 0.329828 0.858295
vt 0.330478 0.865795
vt 0.344755 0.872428
vt 0.362049 0.873762
vt 0.331760 0.872757
vt 0.321157 0.866283
vt 0.323171 0.874000
vt 0.333564 0.879270
vt 0.345852 0.878471
vt 0.325432 0.881235
vt 0.316403 0.875455
vt 0.318960 0.883839
vt 0.327639 0.888243
vt 0.335313 0.885515
vt 0.322306 0.891693
vt 0.326898 0.898106
vt 0.314008 0.866829
vt 0.319616 0.858010
vt 0.311859 0.857618
vt 0.319005 0.848408
vt 0.310735 0.846785
vt 0.330170 0.849788
vt 0.332011 0.839677
vt 0.320433 0.836368
vt 0.347366 0.843569
vt 0.350255 0.834106
vt 0.334866 0.827644
vt 0.368199 0.840443
vt 0.371100 0.832035
vt 0.353463 0.823462
vt 0.390114 0.839475
vt 0.392583 0.832014
vt 0.373980 0.822828
vt 0.412009 0.839338
vt 0.413989 0.832624
vt 0.395005 0.823978
vt 0.433546 0.838759
vt 0.435117 0.832542
vt 0.415955 0.825480
vt 0.454673 0.836651
vt 0.455968 0.830541
vt 0.436710 0.826037
vt 0.475486 0.831961
vt 0.476623 0.825650
vt 0.457317 0.824266
vt 0.496153 0.823717
vt 0.497248 0.816824
vt 0.477852 0.819133
vt 0.516894 0.811266
vt 0.518056 0.803314
vt 0.498460 0.809619
vt 0.536754 0.803871
vt 0.537916 0.795023
vt 0.556728 0.796119
vt 0.557868 0.786371
vt 0.576732 0.788347
vt 0.577858 0.777649
vt 0.575683 0.798420
vt 0.595696 0.791457
vt 0.596778 0.780426
vt 0.594693 0.801829
vt 0.614613 0.795551
vt 0.615740 0.784173
vt 0.613578 0.806205
vt 0.633224 0.800476
vt 0.634515 0.788678
vt 0.632059 0.811419
vt 0.651172 0.806186
vt 0.652716 0.793798
vt 0.649811 0.817271
vt 0.668388 0.812239
vt 0.669858 0.799785
vt 0.687759 0.803212
vt 0.689882 0.787682
vt 0.713693 0.784528
vt 0.715153 0.769764
vt 0.712751 0.797443
vt 0.090588 0.705582
vt 0.122070 0.699331
vt 0.124096 0.688909
vt 0.096336 0.690353
vt 0.312008 0.832593
vt 0.322892 0.821123
vt 0.313556 0.813906
vt 0.337416 0.813665
vt 0.337935 0.798375
vt 0.356057 0.811712
vt 0.357811 0.799403
vt 0.338225 0.783506
vt 0.376468 0.812877
vt 0.378306 0.802374
vt 0.358773 0.787027
vt 0.397186 0.815331
vt 0.398969 0.806127
vt 0.379499 0.791583
vt 0.417838 0.817845
vt 0.419562 0.809694
vt 0.400319 0.796518
vt 0.438332 0.819151
vt 0.439970 0.811845
vt 0.421067 0.801073
vt 0.458741 0.817791
vt 0.460271 0.810989
vt 0.441590 0.804099
vt 0.479195 0.812389
vt 0.480675 0.805400
vt 0.461910 0.803820
vt 0.499814 0.802054
vt 0.501329 0.794069
vt 0.482304 0.798149
vt 0.519351 0.794873
vt 0.520796 0.785845
vt 0.539187 0.785607
vt 0.540568 0.775532
vt 0.559096 0.775999
vt 0.560404 0.764896
vt 0.579047 0.766252
vt 0.580287 0.754068
vt 0.599063 0.756131
vt 0.600219 0.742908
vt 0.597908 0.768680
vt 0.618075 0.758939
vt 0.619174 0.745261
vt 0.616910 0.772003
vt 0.637224 0.762102
vt 0.638437 0.747690
vt 0.635875 0.775939
vt 0.656241 0.765111
vt 0.657876 0.749221
vt 0.654466 0.779995
vt 0.674749 0.767150
vt 0.677135 0.749787
vt 0.672127 0.784262
vt 0.692965 0.769239
vt 0.696368 0.750226
vt 0.717742 0.753121
vt 0.720671 0.736670
vt 0.099995 0.668532
vt 0.123860 0.671856
vt 0.122075 0.665599
vt 0.098459 0.661415
vt 0.099407 0.677856
vt 0.124678 0.679644
vt 0.147782 0.680831
vt 0.146953 0.673400
vt 0.148032 0.689184
vt 0.170737 0.691484
vt 0.170415 0.683270
vt 0.147781 0.697831
vt 0.170975 0.699654
vt 0.216382 0.708495
vt 0.239400 0.716163
vt 0.239483 0.706532
vt 0.216095 0.699959
vt 0.193309 0.695110
vt 0.193686 0.703224
vt 0.215668 0.692151
vt 0.192887 0.687350
vt 0.239041 0.698033
vt 0.238199 0.690325
vt 0.215035 0.684657
vt 0.192362 0.679620
vt 0.214249 0.677364
vt 0.191698 0.671932
vt 0.169879 0.675288
vt 0.168926 0.668228
vt 0.190836 0.664533
vt 0.167573 0.662079
vt 0.145547 0.667073
vt 0.143682 0.661728
vt 0.165877 0.656736
vt 0.141531 0.657137
vt 0.119710 0.660401
vt 0.117213 0.655853
vt 0.139179 0.653038
vt 0.114756 0.651559
vt 0.093359 0.649653
vt 0.095856 0.655277
vt 0.091331 0.644134
vt 0.112249 0.647196
vt 0.090057 0.639130
vt 0.726460 0.693687
vt 0.701650 0.702096
vt 0.700722 0.716829
vt 0.725284 0.706415
vt 0.727468 0.682558
vt 0.702047 0.688497
vt 0.728787 0.672611
vt 0.702347 0.677274
vt 0.680542 0.699492
vt 0.680338 0.715029
vt 0.679758 0.685703
vt 0.703240 0.667492
vt 0.679509 0.673706
vt 0.660183 0.701360
vt 0.659923 0.716973
vt 0.660114 0.686166
vt 0.681422 0.663126
vt 0.660878 0.672647
vt 0.640813 0.701412
vt 0.640209 0.717082
vt 0.641475 0.685467
vt 0.643063 0.669968
vt 0.623286 0.682752
vt 0.622162 0.699739
vt 0.663330 0.659594
vt 0.621182 0.715796
vt 0.602563 0.713858
vt 0.601382 0.728904
vt 0.620201 0.730979
vt 0.639446 0.732631
vt 0.659161 0.732913
vt 0.679070 0.732276
vt 0.699035 0.732705
vt 0.723318 0.720874
vt 0.603705 0.697331
vt 0.584082 0.712170
vt 0.582839 0.727239
vt 0.581557 0.741117
vt 0.563154 0.740257
vt 0.561769 0.753004
vt 0.564498 0.726499
vt 0.545058 0.740476
vt 0.543561 0.753042
vt 0.542043 0.764690
vt 0.524082 0.765485
vt 0.522389 0.776087
vt 0.525789 0.753991
vt 0.506722 0.766430
vt 0.504823 0.776444
vt 0.503007 0.785576
vt 0.486005 0.782407
vt 0.484089 0.790528
vt 0.488004 0.773593
vt 0.469062 0.770748
vt 0.467252 0.779841
vt 0.465435 0.788300
vt 0.447393 0.769213
vt 0.446045 0.778455
vt 0.463642 0.796269
vt 0.444637 0.787360
vt 0.425245 0.763922
vt 0.424393 0.773460
vt 0.443152 0.795923
vt 0.423439 0.782855
vt 0.402843 0.756856
vt 0.402515 0.766812
vt 0.422347 0.792088
vt 0.402002 0.776743
vt 0.401299 0.786677
vt 0.380561 0.759392
vt 0.380487 0.769966
vt 0.380411 0.748990
vt 0.380104 0.738816
vt 0.357266 0.730150
vt 0.358016 0.740675
vt 0.356471 0.720081
vt 0.379742 0.728917
vt 0.355691 0.710462
vt 0.331920 0.700903
vt 0.333121 0.710657
vt 0.330781 0.691732
vt 0.354959 0.701277
vt 0.329724 0.683153
vt 0.304610 0.673416
vt 0.306062 0.681832
vt 0.303275 0.666274
vt 0.328771 0.675170
vt 0.302154 0.660214
vt 0.277810 0.658783
vt 0.278822 0.664590
vt 0.276751 0.653394
vt 0.301252 0.654981
vt 0.275658 0.648411
vt 0.252126 0.646665
vt 0.253502 0.652094
vt 0.250593 0.641419
vt 0.274525 0.643753
vt 0.248925 0.636330
vt 0.225870 0.633406
vt 0.227944 0.639224
vt 0.223557 0.627630
vt 0.247179 0.631389
vt 0.221020 0.622213
vt 0.196802 0.623858
vt 0.200404 0.628403
vt 0.192839 0.619596
vt 0.218415 0.617268
vt 0.188790 0.615570
vt 0.163210 0.621898
vt 0.168573 0.625918
vt 0.157686 0.617551
vt 0.185064 0.611733
vt 0.152737 0.612955
vt 0.129916 0.618752
vt 0.135117 0.623159
vt 0.125576 0.614751
vt 0.149389 0.608810
vt 0.122569 0.611116
vt 0.105153 0.612842
vt 0.108825 0.618398
vt 0.102584 0.606576
vt 0.121829 0.607698
vt 0.101608 0.600627
vt 0.083474 0.588151
vt 0.087847 0.600938
vt 0.080722 0.575588
vt 0.103035 0.596807
vt 0.080315 0.566513
vt 0.056400 0.522137
vt 0.059995 0.543040
vt 0.055903 0.508632
vt 0.082224 0.562138
vt 0.058008 0.501811
vt 0.765220 0.507278
vt 0.738238 0.533553
vt 0.737855 0.556899
vt 0.765422 0.536767
vt 0.763630 0.477757
vt 0.737121 0.510099
vt 0.734715 0.488115
vt 0.708053 0.515148
vt 0.710022 0.532619
vt 0.764828 0.459659
vt 0.710885 0.550593
vt 0.683069 0.550687
vt 0.683950 0.564642
vt 0.710334 0.568456
vt 0.683601 0.578544
vt 0.657885 0.576429
vt 0.657876 0.587940
vt 0.681875 0.592197
vt 0.708070 0.585248
vt 0.656743 0.599820
vt 0.633209 0.596661
vt 0.632650 0.607977
vt 0.654566 0.612483
vt 0.678868 0.605704
vt 0.631197 0.620742
vt 0.609515 0.617563
vt 0.608784 0.631122
vt 0.629206 0.634711
vt 0.651701 0.625871
vt 0.607607 0.646321
vt 0.587449 0.644557
vt 0.586840 0.660383
vt 0.606194 0.662526
vt 0.627071 0.650081
vt 0.585983 0.677485
vt 0.567073 0.677407
vt 0.566600 0.695025
vt 0.585151 0.695464
vt 0.604831 0.679647
vt 0.565702 0.711524
vt 0.547576 0.712137
vt 0.546439 0.726874
vt 0.548285 0.696206
vt 0.529911 0.713310
vt 0.528835 0.727910
vt 0.527410 0.741491
vt 0.510380 0.742250
vt 0.508613 0.755125
vt 0.511934 0.728068
vt 0.493900 0.738303
vt 0.491998 0.752205
vt 0.490020 0.763717
vt 0.472554 0.749181
vt 0.470848 0.760758
vt 0.473952 0.734652
vt 0.451653 0.723770
vt 0.450715 0.736815
vt 0.449756 0.748708
vt 0.427467 0.722326
vt 0.426954 0.733318
vt 0.448676 0.759492
vt 0.426449 0.743849
vt 0.403218 0.717172
vt 0.403131 0.727083
vt 0.425906 0.754031
vt 0.403068 0.736967
vt 0.402991 0.746882
vt 0.379381 0.719288
vt 0.379055 0.709900
vt 0.378784 0.700722
vt 0.354297 0.692510
vt 0.353716 0.684149
vt 0.378581 0.691728
vt 0.353212 0.676174
vt 0.327938 0.667799
vt 0.327205 0.660999
vt 0.352774 0.668570
vt 0.326525 0.654692
vt 0.300471 0.650286
vt 0.299715 0.645909
vt 0.325883 0.648842
vt 0.298964 0.641729
vt 0.273358 0.639329
vt 0.272199 0.635090
vt 0.298231 0.637695
vt 0.271111 0.631020
vt 0.245456 0.626624
vt 0.243879 0.622087
vt 0.270152 0.627110
vt 0.242565 0.617821
vt 0.215986 0.612802
vt 0.213992 0.608785
vt 0.241582 0.613808
vt 0.212611 0.605115
vt 0.182135 0.608051
vt 0.180356 0.604494
vt 0.211850 0.601590
vt 0.179698 0.600936
vt 0.147992 0.605106
vt 0.148205 0.601573
vt 0.179863 0.597079
vt 0.149405 0.597748
vt 0.123035 0.604457
vt 0.125085 0.600960
vt 0.151298 0.593051
vt 0.127925 0.596369
vt 0.105094 0.593481
vt 0.107922 0.589700
vt 0.131355 0.589891
vt 0.111264 0.584508
vt 0.085407 0.559826
vt 0.089141 0.557199
vt 0.114623 0.577468
vt 0.092620 0.552371
vt 0.066422 0.497944
vt 0.061938 0.499300
vt 0.070451 0.494570
vt 0.765173 0.442917
vt 0.759298 0.429040
vt 0.736097 0.460191
vt 0.734240 0.465502
vt 0.095536 0.544551
vt 0.073557 0.488265
vt 0.733622 0.473499
vt 0.766549 0.451021
vt 0.702486 0.483588
vt 0.705289 0.498528
vt 0.700769 0.472379
vt 0.671264 0.495041
vt 0.675215 0.509363
vt 0.678512 0.523162
vt 0.648948 0.531141
vt 0.652231 0.542715
vt 0.681181 0.536858
vt 0.654905 0.553941
vt 0.626892 0.557205
vt 0.629534 0.566827
vt 0.656845 0.565125
vt 0.631551 0.576432
vt 0.604986 0.576968
vt 0.607102 0.585902
vt 0.632817 0.586284
vt 0.608661 0.595312
vt 0.583248 0.596047
vt 0.585209 0.605947
vt 0.609521 0.605656
vt 0.586726 0.617280
vt 0.562359 0.621887
vt 0.565088 0.633058
vt 0.587490 0.630196
vt 0.566723 0.645856
vt 0.544777 0.651875
vt 0.547498 0.664672
vt 0.567228 0.660605
vt 0.548384 0.680037
vt 0.530362 0.698136
vt 0.513164 0.712742
vt 0.495567 0.721071
vt 0.477195 0.702229
vt 0.475312 0.718431
vt 0.455969 0.682562
vt 0.454107 0.696073
vt 0.452713 0.709955
vt 0.429600 0.687376
vt 0.428728 0.699096
vt 0.428037 0.710857
vt 0.403566 0.697110
vt 0.403355 0.707181
vt 0.403872 0.687055
vt 0.404275 0.677183
vt 0.378394 0.674342
vt 0.378451 0.682920
vt 0.378394 0.666068
vt 0.404725 0.667664
vt 0.378404 0.658168
vt 0.352051 0.654514
vt 0.352393 0.661345
vt 0.351714 0.648078
vt 0.378340 0.650683
vt 0.351328 0.642002
vt 0.324680 0.638381
vt 0.325274 0.643421
vt 0.324068 0.633644
vt 0.350829 0.636209
vt 0.323398 0.629107
vt 0.296871 0.629924
vt 0.297534 0.633775
vt 0.296218 0.626058
vt 0.322628 0.624619
vt 0.295529 0.622050
vt 0.268684 0.619538
vt 0.269349 0.623318
vt 0.268099 0.615598
vt 0.294740 0.617721
vt 0.267510 0.611269
vt 0.240489 0.605930
vt 0.240917 0.609921
vt 0.240183 0.601533
vt 0.266820 0.606275
vt 0.239870 0.596386
vt 0.211595 0.593727
vt 0.211572 0.597912
vt 0.211733 0.588650
vt 0.239430 0.590121
vt 0.211822 0.582258
vt 0.181532 0.586719
vt 0.180561 0.592503
vt 0.182559 0.579174
vt 0.211668 0.573903
vt 0.183384 0.568966
vt 0.156268 0.578766
vt 0.153651 0.586914
vt 0.158896 0.567872
vt 0.184048 0.555252
vt 0.161253 0.553127
vt 0.138560 0.569260
vt 0.135102 0.580988
vt 0.140793 0.554939
vt 0.163142 0.533983
vt 0.141912 0.539021
vt 0.118992 0.556391
vt 0.117325 0.568194
vt 0.119700 0.541471
vt 0.120120 0.523634
vt 0.098634 0.495311
vt 0.098686 0.516442
vt 0.142773 0.520942
vt 0.097580 0.532718
vt 0.075235 0.477954
vt 0.075394 0.464859
vt 0.735013 0.379169
vt 0.725779 0.364347
vt 0.716103 0.414897
vt 0.728929 0.440275
vt 0.074067 0.449846
vt 0.735573 0.453421
vt 0.749181 0.407390
vt 0.695157 0.454510
vt 0.698584 0.463135
vt 0.691277 0.444729
vt 0.656940 0.451084
vt 0.661955 0.466160
vt 0.666619 0.480188
vt 0.635906 0.489271
vt 0.640740 0.504994
vt 0.645113 0.518759
vt 0.616179 0.524215
vt 0.620142 0.536446
vt 0.623735 0.547230
vt 0.596315 0.549207
vt 0.599506 0.559026
vt 0.602423 0.568135
vt 0.575866 0.569833
vt 0.578491 0.578493
vt 0.580979 0.587074
vt 0.554891 0.593078
vt 0.557309 0.602036
vt 0.559785 0.611506
vt 0.534026 0.621572
vt 0.536528 0.630794
vt 0.539571 0.641564
vt 0.531795 0.613159
vt 0.509275 0.631252
vt 0.510848 0.640021
vt 0.529716 0.604157
vt 0.507898 0.622759
vt 0.552377 0.583579
vt 0.549793 0.572929
vt 0.527710 0.593525
vt 0.573104 0.560387
vt 0.570137 0.549198
vt 0.547244 0.560808
vt 0.592916 0.538110
vt 0.589375 0.524929
vt 0.567049 0.535783
vt 0.611932 0.509599
vt 0.607442 0.491450
vt 0.585709 0.508285
vt 0.630586 0.470690
vt 0.625606 0.450028
vt 0.603592 0.470395
vt 0.650886 0.432119
vt 0.644535 0.410322
vt 0.621131 0.432227
vt 0.683279 0.423186
vt 0.665495 0.379581
vt 0.697955 0.377780
vt 0.695129 0.371481
vt 0.725835 0.366901
vt 0.725726 0.364324
vt 0.072096 0.431822
vt 0.097877 0.472413
vt 0.096049 0.450773
vt 0.070530 0.412410
vt 0.120273 0.503291
vt 0.120069 0.479823
vt 0.143083 0.500997
vt 0.142543 0.479080
vt 0.164920 0.484842
vt 0.163242 0.463055
vt 0.164722 0.508844
vt 0.185621 0.514417
vt 0.185869 0.487574
vt 0.184830 0.536946
vt 0.210046 0.547241
vt 0.208737 0.526917
vt 0.211065 0.562575
vt 0.237678 0.572300
vt 0.235883 0.558884
vt 0.238767 0.582348
vt 0.264762 0.592938
vt 0.263242 0.583731
vt 0.265933 0.600293
vt 0.292558 0.607169
vt 0.291000 0.600297
vt 0.293777 0.612852
vt 0.320587 0.615006
vt 0.319192 0.609449
vt 0.321710 0.619989
vt 0.349299 0.624897
vt 0.348185 0.618962
vt 0.350166 0.630569
vt 0.377647 0.636827
vt 0.376944 0.630171
vt 0.378106 0.643601
vt 0.405178 0.650197
vt 0.404946 0.642292
vt 0.405085 0.658637
vt 0.431600 0.665224
vt 0.432071 0.655334
vt 0.430632 0.676002
vt 0.457990 0.669665
vt 0.458852 0.658190
vt 0.485287 0.646770
vt 0.458864 0.648225
vt 0.432034 0.646339
vt 0.458406 0.639261
vt 0.431621 0.637958
vt 0.404419 0.634711
vt 0.430970 0.629787
vt 0.403644 0.627142
vt 0.375990 0.623371
vt 0.402651 0.619204
vt 0.374766 0.616093
vt 0.346770 0.612491
vt 0.373220 0.607898
vt 0.344968 0.605110
vt 0.317437 0.603002
vt 0.342646 0.596237
vt 0.315209 0.595115
vt 0.289020 0.591685
vt 0.312357 0.584610
vt 0.286546 0.580496
vt 0.261157 0.571667
vt 0.283311 0.565076
vt 0.258006 0.554900
vt 0.233239 0.541147
vt 0.253440 0.531738
vt 0.229613 0.517895
vt 0.207098 0.500931
vt 0.224956 0.487179
vt 0.204484 0.470435
vt 0.183372 0.455665
vt 0.180145 0.429606
vt 0.160086 0.442499
vt 0.201369 0.427767
vt 0.195891 0.397797
vt 0.175321 0.408687
vt 0.220297 0.433965
vt 0.216073 0.390796
vt 0.239345 0.440785
vt 0.235370 0.387497
vt 0.247073 0.499374
vt 0.271248 0.508612
vt 0.260528 0.443765
vt 0.278461 0.542154
vt 0.304347 0.546203
vt 0.295980 0.503887
vt 0.308864 0.569700
vt 0.335901 0.569069
vt 0.331383 0.542895
vt 0.339624 0.584835
vt 0.368701 0.585765
vt 0.365284 0.568927
vt 0.371254 0.598136
vt 0.399829 0.599840
vt 0.397479 0.585749
vt 0.401433 0.610427
vt 0.429016 0.611340
vt 0.427381 0.598772
vt 0.430165 0.621345
vt 0.456910 0.621533
vt 0.455751 0.610465
vt 0.457749 0.630713
vt 0.483609 0.628956
vt 0.482640 0.619456
vt 0.484486 0.637599
vt 0.506612 0.613115
vt 0.505332 0.601494
vt 0.481520 0.608109
vt 0.525786 0.580856
vt 0.523894 0.565695
vt 0.504030 0.587474
vt 0.544767 0.546814
vt 0.542375 0.530415
vt 0.521939 0.547521
vt 0.563978 0.519537
vt 0.560854 0.498998
vt 0.539726 0.510042
vt 0.582181 0.486762
vt 0.580691 0.465182
vt 0.558828 0.474196
vt 0.600860 0.451453
vt 0.597980 0.431774
vt 0.579776 0.445778
vt 0.615861 0.409444
vt 0.610187 0.374822
vt 0.593004 0.399335
vt 0.634657 0.379026
vt 0.632552 0.358122
vt 0.660534 0.364720
vt 0.665560 0.355970
vt 0.699205 0.370707
vt 0.701343 0.358701
vt 0.721890 0.349922
vt 0.715781 0.328264
vt 0.069965 0.392566
vt 0.093989 0.427851
vt 0.092450 0.401914
vt 0.071059 0.373558
vt 0.118657 0.454702
vt 0.115775 0.427128
vt 0.140530 0.456486
vt 0.136741 0.431251
vt 0.155608 0.421126
vt 0.150199 0.397358
vt 0.132533 0.401277
vt 0.168260 0.388769
vt 0.161177 0.363759
vt 0.145649 0.369637
vt 0.186312 0.377140
vt 0.177347 0.354452
vt 0.204979 0.366021
vt 0.194363 0.344629
vt 0.224959 0.357347
vt 0.212904 0.336657
vt 0.245554 0.351947
vt 0.232974 0.331523
vt 0.256198 0.384309
vt 0.279165 0.380779
vt 0.267457 0.345658
vt 0.284703 0.438565
vt 0.312249 0.432540
vt 0.304471 0.375531
vt 0.322149 0.496484
vt 0.350892 0.496331
vt 0.341621 0.428072
vt 0.360152 0.542922
vt 0.388932 0.539931
vt 0.380144 0.499292
vt 0.394037 0.566520
vt 0.421901 0.561965
vt 0.417520 0.535888
vt 0.425095 0.582682
vt 0.452304 0.580020
vt 0.449717 0.558939
vt 0.454252 0.596890
vt 0.480259 0.594428
vt 0.478796 0.577774
vt 0.502625 0.570488
vt 0.500799 0.549113
vt 0.476967 0.557195
vt 0.519659 0.525705
vt 0.515912 0.496952
vt 0.497064 0.518484
vt 0.536995 0.484393
vt 0.536322 0.454932
vt 0.511637 0.460491
vt 0.559696 0.452536
vt 0.558083 0.429417
vt 0.537464 0.431029
vt 0.576003 0.418770
vt 0.571888 0.371430
vt 0.551878 0.381559
vt 0.591400 0.356508
vt 0.595444 0.323476
vt 0.571314 0.328888
vt 0.613500 0.346526
vt 0.621707 0.322345
vt 0.640355 0.340889
vt 0.648866 0.321666
vt 0.673244 0.343077
vt 0.674950 0.320313
vt 0.699074 0.335247
vt 0.691176 0.304548
vt 0.707570 0.302253
vt 0.695686 0.271224
vt 0.073068 0.352844
vt 0.092687 0.375096
vt 0.094551 0.346213
vt 0.075576 0.328865
vt 0.113331 0.394344
vt 0.113412 0.361164
vt 0.130130 0.369399
vt 0.129137 0.330330
vt 0.114392 0.324119
vt 0.143218 0.332677
vt 0.144734 0.295439
vt 0.131302 0.293694
vt 0.157714 0.331386
vt 0.158381 0.295367
vt 0.172770 0.326604
vt 0.172573 0.293877
vt 0.188860 0.319992
vt 0.187808 0.291132
vt 0.206064 0.314309
vt 0.204040 0.287279
vt 0.224981 0.309624
vt 0.221339 0.282243
vt 0.246392 0.304100
vt 0.241290 0.275862
vt 0.254735 0.325282
vt 0.279423 0.317679
vt 0.271288 0.297157
vt 0.291632 0.338253
vt 0.318240 0.333548
vt 0.306160 0.310750
vt 0.331356 0.369546
vt 0.361126 0.368416
vt 0.349137 0.334022
vt 0.371602 0.432204
vt 0.400918 0.451632
vt 0.394088 0.381551
vt 0.411250 0.504418
vt 0.440364 0.498707
vt 0.429204 0.447855
vt 0.446219 0.532759
vt 0.474314 0.530987
vt 0.467019 0.489094
vt 0.489147 0.472871
vt 0.484136 0.430868
vt 0.457179 0.438160
vt 0.512626 0.429698
vt 0.510535 0.388342
vt 0.484514 0.388716
vt 0.532278 0.387355
vt 0.518114 0.332241
vt 0.492806 0.329325
vt 0.546287 0.334803
vt 0.544847 0.295602
vt 0.515368 0.294436
vt 0.570146 0.290796
vt 0.559734 0.248012
vt 0.537524 0.252171
vt 0.596982 0.292141
vt 0.581820 0.247357
vt 0.622012 0.293469
vt 0.604028 0.249435
vt 0.645224 0.292802
vt 0.623901 0.247318
vt 0.664756 0.286930
vt 0.637851 0.233110
vt 0.675129 0.265322
vt 0.643178 0.202933
vt 0.674979 0.226254
vt 0.643237 0.167343
vt 0.079025 0.301120
vt 0.097344 0.314183
vt 0.102495 0.281188
vt 0.085836 0.267862
vt 0.117709 0.289416
vt 0.265882 0.268300
vt 0.299349 0.289296
vt 0.294035 0.259505
vt 0.331262 0.280487
vt 0.326557 0.248869
vt 0.336691 0.306486
vt 0.369073 0.303462
vt 0.365034 0.271243
vt 0.382396 0.337139
vt 0.414483 0.334125
vt 0.401510 0.296158
vt 0.424965 0.390339
vt 0.454964 0.391429
vt 0.443445 0.328354
vt 0.469123 0.328152
vt 0.485135 0.289217
vt 0.457746 0.287609
vt 0.431650 0.290540
vt 0.459599 0.255265
vt 0.429948 0.256858
vt 0.398155 0.262713
vt 0.422104 0.219024
vt 0.390392 0.226044
vt 0.359634 0.236939
vt 0.835586 0.819597
vt 0.847130 0.819597
vt 0.847130 0.799532
vt 0.835586 0.799532
vt 0.835586 0.752340
vt 0.847130 0.752340
vt 0.847130 0.728722
vt 0.835586 0.728722
vt 0.835586 0.483174
vt 0.847130 0.483174
vt 0.847130 0.467808
vt 0.835586 0.467808
vt 0.748600 0.289111
vt 0.760337 0.280581
vt 0.754958 0.273788
vt 0.744095 0.282966
vt 0.753399 0.297189
vt 0.765852 0.289368
vt 0.835586 0.597022
vt 0.847130 0.597498
vt 0.847130 0.583435
vt 0.835586 0.584162
vt 0.770897 0.299274
vt 0.782877 0.290693
vt 0.777568 0.280461
vt 0.758155 0.306857
vt 0.771765 0.271059
vt 0.788694 0.271169
vt 0.782856 0.261195
vt 0.765726 0.263523
vt 0.776503 0.252642
vt 0.787577 0.241394
vt 0.793712 0.251184
vt 0.759344 0.257600
vt 0.753193 0.253536
vt 0.749469 0.268495
vt 0.744340 0.264706
vt 0.747379 0.250879
vt 0.739236 0.261718
vt 0.735764 0.274714
vt 0.739747 0.278248
vt 0.731684 0.271651
vt 0.734027 0.259265
vt 0.727417 0.269125
vt 0.835586 0.756418
vt 0.847130 0.756418
vt 0.920799 0.451032
vt 0.909633 0.451032
vt 0.909633 0.467808
vt 0.920799 0.467808
vt 0.741354 0.248762
vt 0.735377 0.247193
vt 0.728664 0.257277
vt 0.722750 0.267038
vt 0.723035 0.255407
vt 0.717708 0.265218
vt 0.835586 0.912878
vt 0.847130 0.912878
vt 0.847130 0.894312
vt 0.835586 0.894312
vt 0.920799 0.819597
vt 0.909633 0.819597
vt 0.909633 0.838451
vt 0.920799 0.838451
vt 0.728962 0.245727
vt 0.722482 0.244107
vt 0.717099 0.253573
vt 0.712179 0.263404
vt 0.710447 0.251338
vt 0.705692 0.261132
vt 0.909633 0.483174
vt 0.920799 0.483174
vt 0.920799 0.516517
vt 0.909633 0.516517
vt 0.909633 0.535734
vt 0.920799 0.535734
vt 0.769287 0.045041
vt 0.772007 0.054899
vt 0.779873 0.052875
vt 0.777114 0.042600
vt 0.715542 0.242150
vt 0.774034 0.032023
vt 0.766174 0.034704
vt 0.786396 0.040103
vt 0.783016 0.028792
vt 0.909633 0.857115
vt 0.920799 0.857115
vt 0.835586 0.777976
vt 0.847130 0.777976
vt 0.835586 0.875891
vt 0.847130 0.875891
vt 0.847130 0.857115
vt 0.835586 0.857115
vt 0.920799 0.585795
vt 0.909633 0.584303
vt 0.909633 0.598487
vt 0.920799 0.598772
vt 0.847130 0.687877
vt 0.835586 0.687877
vt 0.835586 0.983939
vt 0.841594 0.982229
vt 0.847130 0.965733
vt 0.835586 0.961113
vt 0.909633 0.558387
vt 0.920799 0.558387
vt 0.607720 0.147073
vt 0.598302 0.167812
vt 0.835586 0.432631
vt 0.847130 0.432631
vt 0.847130 0.411819
vt 0.835586 0.411819
vt 0.909633 0.875891
vt 0.920799 0.875891
vt 0.847130 0.639703
vt 0.835586 0.639703
vt 0.920799 0.432631
vt 0.909633 0.432631
vt 0.586776 0.185152
vt 0.572465 0.196908
vt 0.920799 0.777976
vt 0.909633 0.777976
vt 0.909633 0.799532
vt 0.920799 0.799532
vt 0.835586 1.006897
vt 0.848696 1.002084
vt 0.847130 0.558387
vt 0.835586 0.558387
vt 0.835586 0.451032
vt 0.847130 0.451032
vt 0.920799 0.931809
vt 0.909633 0.931809
vt 0.909633 0.940563
vt 0.920799 0.941289
vt 0.788740 0.363021
vt 0.792817 0.369142
vt 0.802858 0.363131
vt 0.799117 0.356900
vt 0.909633 0.894312
vt 0.920799 0.894312
vt 0.795640 0.350736
vt 0.784671 0.357199
vt 0.809987 0.351786
vt 0.806864 0.345517
vt 0.792342 0.344614
vt 0.780681 0.351636
vt 0.804150 0.339153
vt 0.818726 0.341084
vt 0.815876 0.334538
vt 0.801440 0.332705
vt 0.789227 0.338660
vt 0.813085 0.327668
vt 0.826849 0.329957
vt 0.823652 0.322882
vt 0.810192 0.320431
vt 0.798631 0.326044
vt 0.820429 0.315155
vt 0.832922 0.318026
vt 0.829764 0.310224
vt 0.817150 0.306751
vt 0.806930 0.312540
vt 0.826696 0.301253
vt 0.838177 0.305867
vt 0.835571 0.296513
vt 0.823242 0.290252
vt 0.813426 0.296643
vt 0.832762 0.284756
vt 0.843705 0.292999
vt 0.841665 0.281196
vt 0.829516 0.272406
vt 0.819304 0.278356
vt 0.839473 0.268390
vt 0.849762 0.279081
vt 0.848347 0.266364
vt 0.836263 0.256226
vt 0.825744 0.260618
vt 0.845611 0.253614
vt 0.856495 0.264713
vt 0.854216 0.251720
vt 0.842365 0.241020
vt 0.832093 0.244433
vt 0.851598 0.238426
vt 0.863348 0.250007
vt 0.861106 0.237190
vt 0.847789 0.226973
vt 0.837605 0.229249
vt 0.858308 0.225506
vt 0.871033 0.237013
vt 0.869038 0.225200
vt 0.855629 0.215433
vt 0.844531 0.217038
vt 0.866737 0.214712
vt 0.880575 0.225008
vt 0.877972 0.214571
vt 0.863855 0.206449
vt 0.852893 0.207580
vt 0.875094 0.206214
vt 0.887384 0.207030
vt 0.872221 0.199201
vt 0.860802 0.200076
vt 0.884374 0.200286
vt 0.881177 0.193420
vt 0.869508 0.193202
vt 0.891362 0.193802
vt 0.900130 0.192680
vt 0.887031 0.186644
vt 0.877863 0.186948
vt 0.894581 0.185616
vt 0.906067 0.188716
vt 0.900115 0.182725
vt 0.895632 0.177010
vt 0.723996 0.119711
vt 0.721677 0.119790
vt 0.725174 0.126689
vt 0.730054 0.128973
vt 0.894077 0.170915
vt 0.735718 0.132902
vt 0.725737 0.119435
vt 0.732211 0.135490
vt 0.738170 0.140240
vt 0.746515 0.142092
vt 0.741745 0.133287
vt 0.746820 0.147384
vt 0.737880 0.145168
vt 0.745191 0.151075
vt 0.757348 0.156114
vt 0.761775 0.154801
vt 0.753362 0.157684
vt 0.742699 0.154071
vt 0.749591 0.159682
vt 0.759973 0.166437
vt 0.764257 0.164754
vt 0.755791 0.168126
vt 0.746027 0.161661
vt 0.751771 0.169701
vt 0.760435 0.178171
vt 0.765210 0.176195
vt 0.755620 0.179839
vt 0.747853 0.171362
vt 0.750741 0.181245
vt 0.756824 0.190686
vt 0.762796 0.188909
vt 0.750779 0.191854
vt 0.745714 0.182409
vt 0.744665 0.192536
vt 0.748495 0.202227
vt 0.755513 0.201556
vt 0.741574 0.202348
vt 0.738632 0.192915
vt 0.734511 0.201641
vt 0.737543 0.212284
vt 0.744848 0.212527
vt 0.730075 0.211311
vt 0.773581 0.083392
vt 0.770671 0.090810
vt 0.776183 0.094582
vt 0.780290 0.085210
vt 0.725434 0.221989
vt 0.732979 0.223090
vt 0.781629 0.074318
vt 0.773887 0.074129
vt 0.787040 0.087876
vt 0.789761 0.075533
vt 0.781491 0.063406
vt 0.773439 0.064474
vt 0.790566 0.063385
vt 0.789144 0.051389
vt 0.720409 0.232558
vt 0.727855 0.234116
vt 0.734900 0.235139
vt 0.740278 0.223516
vt 0.741857 0.235776
vt 0.747719 0.223468
vt 0.748943 0.236425
vt 0.755937 0.222981
vt 0.760767 0.211101
vt 0.752427 0.212201
vt 0.762844 0.200120
vt 0.770522 0.197270
vt 0.768517 0.186414
vt 0.770062 0.173896
vt 0.774964 0.170939
vt 0.768424 0.163043
vt 0.780211 0.167380
vt 0.773717 0.161048
vt 0.786121 0.163433
vt 0.779287 0.158533
vt 0.792522 0.167150
vt 0.796870 0.160245
vt 0.790814 0.157990
vt 0.798988 0.169663
vt 0.803002 0.161933
vt 0.806553 0.171522
vt 0.809820 0.163471
vt 0.815196 0.172625
vt 0.817223 0.164724
vt 0.812859 0.155522
vt 0.805926 0.154070
vt 0.819986 0.156810
vt 0.825714 0.165711
vt 0.827926 0.157951
vt 0.823156 0.149756
vt 0.815691 0.148544
vt 0.831051 0.150706
vt 0.836286 0.158730
vt 0.838934 0.151396
vt 0.834277 0.143917
vt 0.826734 0.143213
vt 0.841644 0.144446
vt 0.847068 0.151769
vt 0.849326 0.144810
vt 0.843854 0.137213
vt 0.837017 0.136865
vt 0.850684 0.137470
vt 0.857139 0.144741
vt 0.857852 0.137499
vt 0.851104 0.128886
vt 0.844930 0.128789
vt 0.857526 0.129093
vt 0.865469 0.136942
vt 0.864085 0.128908
vt 0.856871 0.119281
vt 0.851087 0.119088
vt 0.862673 0.119457
vt 0.870965 0.128022
vt 0.868497 0.119225
vt 0.861874 0.109012
vt 0.856580 0.108530
vt 0.866923 0.109136
vt 0.874316 0.118147
vt 0.871824 0.108757
vt 0.865980 0.099135
vt 0.861408 0.098754
vt 0.870203 0.099154
vt 0.876631 0.107734
vt 0.874450 0.098784
vt 0.869272 0.090713
vt 0.865291 0.090307
vt 0.873145 0.090814
vt 0.878534 0.097976
vt 0.876953 0.090443
vt 0.872449 0.083590
vt 0.868824 0.083144
vt 0.876018 0.083590
vt 0.880720 0.089543
vt 0.879514 0.083091
vt 0.875648 0.077630
vt 0.872384 0.077427
vt 0.878800 0.077393
vt 0.883091 0.082026
vt 0.882130 0.076637
vt 0.878443 0.072589
vt 0.875721 0.072766
vt 0.881386 0.071956
vt 0.885710 0.075328
vt 0.884665 0.070869
vt 0.880431 0.068022
vt 0.878015 0.068501
vt 0.883420 0.066995
vt 0.888405 0.069482
vt 0.886886 0.065666
vt 0.918158 0.336097
vt 0.920186 0.332703
vt 0.914980 0.330017
vt 0.913425 0.333469
vt 0.922833 0.339501
vt 0.925265 0.336310
vt 0.927890 0.343418
vt 0.930110 0.340235
vt 0.927883 0.333176
vt 0.922478 0.329586
vt 0.932593 0.336915
vt 0.934961 0.343800
vt 0.936567 0.340071
vt 0.935423 0.332943
vt 0.930558 0.329805
vt 0.938971 0.335674
vt 0.924735 0.326579
vt 0.926870 0.323203
vt 0.920245 0.320203
vt 0.918648 0.323356
vt 0.928691 0.319612
vt 0.921602 0.317154
vt 0.929885 0.315917
vt 0.923015 0.313833
vt 0.916204 0.311137
vt 0.914619 0.314694
vt 0.917838 0.306992
vt 0.910734 0.304438
vt 0.909337 0.309061
vt 0.919975 0.301905
vt 0.912647 0.298645
vt 0.923311 0.295328
vt 0.915543 0.291354
vt 0.927962 0.287347
vt 0.919841 0.281914
vt 0.934869 0.293986
vt 0.939610 0.301404
vt 0.940670 0.287268
vt 0.933660 0.278868
vt 0.945633 0.296025
vt 0.942068 0.308286
vt 0.948327 0.303911
vt 0.951213 0.290395
vt 0.946451 0.280920
vt 0.954156 0.298830
vt 0.955614 0.305782
vt 0.958827 0.293867
vt 0.956010 0.285435
vt 0.960913 0.300982
vt 0.956703 0.311351
vt 0.962284 0.306713
vt 0.965107 0.297058
vt 0.962724 0.289961
vt 0.967250 0.302855
vt 0.963615 0.311538
vt 0.968667 0.307611
vt 0.971729 0.300252
vt 0.973647 0.305366
vt 0.978504 0.304899
vt 0.976251 0.298827
vt 0.983518 0.305956
vt 0.980240 0.297517
vt 0.981495 0.311660
vt 0.978659 0.315945
vt 0.975248 0.320091
vt 0.977366 0.322898
vt 0.971278 0.324550
vt 0.973554 0.327467
vt 0.969207 0.321859
vt 0.967140 0.318909
vt 0.964355 0.326617
vt 0.966595 0.329493
vt 0.962176 0.323589
vt 0.965208 0.315505
vt 0.960074 0.320118
vt 0.956979 0.328501
vt 0.959182 0.331662
vt 0.954723 0.324937
vt 0.958169 0.316104
vt 0.949517 0.329502
vt 0.951824 0.333124
vt 0.953962 0.336309
vt 0.955973 0.339158
vt 0.961368 0.334514
vt 0.950576 0.342839
vt 0.952306 0.345464
vt 0.957857 0.341703
vt 0.945275 0.345320
vt 0.946931 0.348277
vt 0.940192 0.345942
vt 0.940773 0.349921
vt 0.933551 0.347162
vt 0.895895 0.062386
vt 0.901224 0.061319
vt 0.891056 0.063969
vt 0.892519 0.067629
vt 0.894012 0.071664
vt 0.889726 0.073683
vt 0.891061 0.078176
vt 0.895556 0.075892
vt 0.886947 0.080319
vt 0.888542 0.085807
vt 0.892752 0.083130
vt 0.884523 0.088044
vt 0.886659 0.094355
vt 0.890697 0.091571
vt 0.882621 0.096451
vt 0.885498 0.103732
vt 0.889708 0.100934
vt 0.881205 0.106016
vt 0.884800 0.113598
vt 0.889168 0.110573
vt 0.879779 0.116222
vt 0.883859 0.123157
vt 0.889144 0.119601
vt 0.877738 0.126107
vt 0.873572 0.135649
vt 0.874981 0.142520
vt 0.865788 0.144079
vt 0.864261 0.151105
vt 0.873383 0.149913
vt 0.855378 0.151716
vt 0.853292 0.159074
vt 0.862013 0.158572
vt 0.844628 0.159123
vt 0.843304 0.166780
vt 0.852200 0.166757
vt 0.834727 0.166443
vt 0.834746 0.174188
vt 0.843518 0.174302
vt 0.825014 0.173470
vt 0.825349 0.181093
vt 0.835333 0.181784
vt 0.814446 0.180225
vt 0.814724 0.188322
vt 0.826248 0.188900
vt 0.815459 0.196738
vt 0.827375 0.196078
vt 0.816799 0.204636
vt 0.828856 0.203273
vt 0.803816 0.207442
vt 0.806315 0.216498
vt 0.818975 0.212823
vt 0.810200 0.225841
vt 0.822156 0.221624
vt 0.798422 0.232380
vt 0.804228 0.242806
vt 0.815473 0.236421
vt 0.810107 0.254708
vt 0.821130 0.248779
vt 0.799479 0.262222
vt 0.804588 0.273706
vt 0.814989 0.266544
vt 0.793992 0.281969
vt 0.798827 0.292933
vt 0.809217 0.285289
vt 0.787718 0.301119
vt 0.791981 0.310640
vt 0.803193 0.303397
vt 0.775544 0.309393
vt 0.779567 0.318279
vt 0.762489 0.316971
vt 0.766261 0.326009
vt 0.835586 0.838451
vt 0.847130 0.838451
vt 0.920799 0.912878
vt 0.909633 0.912878
vt 0.835586 0.535734
vt 0.847130 0.535734
vt 0.847130 0.516517
vt 0.835586 0.516517
vt 0.835586 0.931809
vt 0.847130 0.931809
vt 0.835586 0.498806
vt 0.847130 0.498806
vt 0.909633 0.639703
vt 0.920799 0.639703
vt 0.909633 0.687877
vt 0.920799 0.687877
vt 0.450718 0.215610
vt 0.486672 0.255034
vt 0.475526 0.214509
vt 0.512749 0.253986
vt 0.498028 0.213669
vt 0.518931 0.211844
vt 0.538336 0.208809
vt 0.920799 0.411819
vt 0.909633 0.411819
vt 0.920799 0.498806
vt 0.909633 0.498806
vt 0.920799 0.957864
vt 0.891518 0.953964
vt 0.900439 0.979641
vt 0.920799 0.971973
vt 0.920799 0.752340
vt 0.909633 0.752340
vt 0.909633 0.756418
vt 0.920799 0.756418
vt 0.773201 0.339959
vt 0.776927 0.345965
vt 0.786231 0.332384
vt 0.909633 0.728722
vt 0.920799 0.728722
vt 0.783072 0.325687
vt 0.769626 0.333472
vt 0.795547 0.318740
vt 0.556218 0.204193
vt 0.826798 0.232215
vt 0.833420 0.219044
vt 0.830774 0.210683
vt 0.841797 0.208903
vt 0.839758 0.202210
vt 0.850239 0.201189
vt 0.847923 0.194951
vt 0.838088 0.195772
vt 0.858147 0.193863
vt 0.855879 0.187820
vt 0.846121 0.188636
vt 0.866981 0.187121
vt 0.864414 0.180645
vt 0.854114 0.181463
vt 0.862397 0.173579
vt 0.852705 0.174138
vt 0.861505 0.166229
vt 0.870462 0.157512
vt 0.877477 0.156417
vt 0.884065 0.148509
vt 0.844584 0.181967
vt 0.836740 0.188990
vt 0.897545 0.120178
vt 0.893219 0.116157
vt 0.902279 0.123115
vt 0.905410 0.118915
vt 0.901307 0.115956
vt 0.897350 0.112148
vt 0.905148 0.111603
vt 0.901349 0.107920
vt 0.893349 0.107094
vt 0.897423 0.103195
vt 0.905402 0.103582
vt 0.901516 0.099119
vt 0.893750 0.097679
vt 0.897981 0.094046
vt 0.905631 0.095362
vt 0.902324 0.090484
vt 0.895137 0.088534
vt 0.899627 0.085546
vt 0.906433 0.087582
vt 0.903894 0.082847
vt 0.897367 0.080462
vt 0.901838 0.077979
vt 0.907771 0.080478
vt 0.905857 0.075662
vt 0.962375 0.348313
vt 0.967995 0.344252
vt 0.965749 0.340503
vt 0.960075 0.344753
vt 0.910165 0.085018
vt 0.954524 0.348296
vt 0.956806 0.351844
vt 0.973506 0.339712
vt 0.971165 0.335769
vt 0.909382 0.092034
vt 0.912993 0.089115
vt 0.912735 0.095826
vt 0.915934 0.092522
vt 0.909137 0.099414
vt 0.912884 0.102542
vt 0.916318 0.098860
vt 0.909120 0.106931
vt 0.912390 0.109688
vt 0.916356 0.105295
vt 0.908688 0.114413
vt 0.912495 0.117068
vt 0.915569 0.112346
vt 0.910457 0.121333
vt 0.908866 0.125327
vt 0.916555 0.126525
vt 0.916812 0.130619
vt 0.924458 0.126069
vt 0.917322 0.135954
vt 0.918519 0.141424
vt 0.739432 0.112203
vt 0.753097 0.121484
vt 0.752832 0.117891
vt 0.741107 0.110904
vt 0.768495 0.130317
vt 0.764443 0.125150
vt 0.771502 0.123280
vt 0.767471 0.118531
vt 0.761137 0.117862
vt 0.778135 0.119932
vt 0.773521 0.114815
vt 0.784927 0.114397
vt 0.779895 0.109692
vt 0.792578 0.107101
vt 0.787194 0.102417
vt 0.797361 0.112789
vt 0.802128 0.118840
vt 0.810794 0.111399
vt 0.820645 0.104966
vt 0.831922 0.111150
vt 0.829658 0.100339
vt 0.832434 0.121002
vt 0.839291 0.119791
vt 0.838931 0.109031
vt 0.837521 0.097232
vt 0.845041 0.107986
vt 0.844386 0.096201
vt 0.835283 0.085404
vt 0.843413 0.084867
vt 0.850680 0.096912
vt 0.850417 0.086316
vt 0.842963 0.074569
vt 0.833865 0.073968
vt 0.850728 0.076954
vt 0.856074 0.088220
vt 0.856318 0.079223
vt 0.851519 0.068924
vt 0.843302 0.065709
vt 0.857574 0.071642
vt 0.860947 0.081091
vt 0.861731 0.073741
vt 0.859407 0.064806
vt 0.852948 0.061701
vt 0.863405 0.067346
vt 0.865441 0.075531
vt 0.866729 0.069834
vt 0.866534 0.062109
vt 0.861281 0.058791
vt 0.868632 0.065799
vt 0.869779 0.071514
vt 0.871229 0.067288
vt 0.886079 0.336202
vt 0.880095 0.340210
vt 0.892696 0.333816
vt 0.892294 0.329728
vt 0.898880 0.332285
vt 0.898895 0.328255
vt 0.892355 0.325926
vt 0.899465 0.324409
vt 0.904746 0.327796
vt 0.905594 0.324091
vt 0.900116 0.320881
vt 0.892842 0.322001
vt 0.906501 0.320561
vt 0.911119 0.324728
vt 0.912423 0.321344
vt 0.907307 0.316967
vt 0.900783 0.316951
vt 0.913489 0.317850
vt 0.908232 0.313137
vt 0.901511 0.312799
vt 0.902339 0.308193
vt 0.894710 0.308549
vt 0.894051 0.313435
vt 0.903260 0.302960
vt 0.895470 0.302882
vt 0.904656 0.296772
vt 0.896500 0.296116
vt 0.907091 0.288273
vt 0.898473 0.286506
vt 0.911212 0.277591
vt 0.902015 0.274405
vt 0.916193 0.265733
vt 0.905765 0.261636
vt 0.925341 0.271672
vt 0.930836 0.262381
vt 0.920307 0.254771
vt 0.939534 0.271194
vt 0.908205 0.249632
vt 0.895829 0.247773
vt 0.894352 0.259618
vt 0.883319 0.247796
vt 0.882870 0.259700
vt 0.882730 0.236843
vt 0.872318 0.248813
vt 0.872917 0.260942
vt 0.864538 0.262781
vt 0.865666 0.275696
vt 0.873693 0.274092
vt 0.857791 0.277366
vt 0.858736 0.288988
vt 0.866103 0.287783
vt 0.851298 0.290523
vt 0.852523 0.300078
vt 0.859117 0.298414
vt 0.845626 0.302515
vt 0.847792 0.310407
vt 0.854166 0.307863
vt 0.840904 0.313734
vt 0.844229 0.320900
vt 0.850692 0.317153
vt 0.836466 0.325254
vt 0.840303 0.331907
vt 0.848439 0.327421
vt 0.830110 0.336638
vt 0.833330 0.343031
vt 0.844087 0.338034
vt 0.821587 0.347457
vt 0.824622 0.354036
vt 0.836465 0.349286
vt 0.813349 0.358244
vt 0.816900 0.365172
vt 0.827810 0.360952
vt 0.807100 0.369669
vt 0.825685 0.024258
vt 0.833276 0.031744
vt 0.817543 0.015858
vt 0.797392 0.375698
vt 0.837224 0.045579
vt 0.841045 0.038382
vt 0.834702 0.053791
vt 0.844508 0.058050
vt 0.846292 0.051037
vt 0.848958 0.044455
vt 0.854485 0.055295
vt 0.856359 0.049195
vt 0.839615 0.355603
vt 0.850774 0.349324
vt 0.847606 0.343906
vt 0.863015 0.053042
vt 0.833456 0.063188
vt 0.855076 0.323144
vt 0.860070 0.319474
vt 0.856152 0.313856
vt 0.859961 0.305966
vt 0.865882 0.304860
vt 0.865857 0.297481
vt 0.872782 0.304358
vt 0.873063 0.296997
vt 0.873501 0.286824
vt 0.880436 0.296597
vt 0.881229 0.286238
vt 0.882263 0.273088
vt 0.889725 0.285871
vt 0.892040 0.272953
vt 0.888270 0.296197
vt 0.887537 0.303467
vt 0.879935 0.304077
vt 0.879376 0.309893
vt 0.886868 0.309170
vt 0.878533 0.315270
vt 0.885982 0.314496
vt 0.877299 0.320516
vt 0.885259 0.319395
vt 0.893476 0.317720
vt 0.909922 0.328348
vt 0.916717 0.326513
vt 0.908827 0.332022
vt 0.904114 0.331605
vt 0.875874 0.068300
vt 0.873691 0.068206
vt 0.872822 0.072395
vt 0.868961 0.076777
vt 0.865041 0.082352
vt 0.860968 0.089532
vt 0.856394 0.098025
vt 0.850895 0.107968
vt 0.845263 0.119127
vt 0.838735 0.129021
vt 0.831349 0.129434
vt 0.829539 0.136595
vt 0.820675 0.136224
vt 0.818288 0.142350
vt 0.811878 0.134905
vt 0.809813 0.141051
vt 0.808015 0.147054
vt 0.799708 0.152607
vt 0.793804 0.150929
vt 0.786058 0.148394
vt 0.784073 0.155060
vt 0.770757 0.147416
vt 0.729911 0.117928
vt 0.728565 0.118483
vt 0.768387 0.149313
vt 0.766180 0.153154
vt 0.869758 0.057708
vt 0.781729 0.098265
vt 0.774982 0.105176
vt 0.769775 0.101127
vt 0.765206 0.105422
vt 0.769453 0.110060
vt 0.732640 0.192595
vt 0.740677 0.183353
vt 0.735535 0.183821
vt 0.764881 0.096623
vt 0.739725 0.174788
vt 0.735300 0.176627
vt 0.743816 0.173073
vt 0.739255 0.165756
vt 0.735955 0.168268
vt 0.742596 0.163524
vt 0.736629 0.158796
vt 0.733525 0.160914
vt 0.739779 0.156612
vt 0.733759 0.151940
vt 0.730625 0.154392
vt 0.736231 0.148919
vt 0.730587 0.144505
vt 0.728401 0.147876
vt 0.731916 0.140437
vt 0.726810 0.136790
vt 0.725686 0.141174
vt 0.727016 0.132116
vt 0.720236 0.130651
vt 0.720966 0.135288
vt 0.718315 0.125158
vt 0.710574 0.126087
vt 0.713853 0.130860
vt 0.715602 0.119059
vt 0.706426 0.121039
vt 0.704045 0.129774
vt 0.698915 0.125347
vt 0.715905 0.135131
vt 0.720789 0.139537
vt 0.719465 0.143666
vt 0.723743 0.145477
vt 0.716862 0.147596
vt 0.721024 0.149568
vt 0.725569 0.151781
vt 0.718006 0.153441
vt 0.722706 0.155626
vt 0.727784 0.157935
vt 0.720099 0.159507
vt 0.725189 0.161715
vt 0.730676 0.164223
vt 0.723101 0.166020
vt 0.728311 0.168040
vt 0.732607 0.171242
vt 0.759018 0.107837
vt 0.756660 0.107460
vt 0.754879 0.110693
vt 0.759782 0.112511
vt 0.764426 0.112682
vt 0.761644 0.108152
vt 0.752911 0.114037
vt 0.754392 0.107215
vt 0.752185 0.107099
vt 0.718219 0.164188
vt 0.750027 0.107111
vt 0.715122 0.157593
vt 0.713401 0.162517
vt 0.710329 0.155842
vt 0.708222 0.160947
vt 0.713602 0.151349
vt 0.709712 0.149341
vt 0.705811 0.153426
vt 0.706464 0.146218
vt 0.702308 0.157452
vt 0.969449 0.227621
vt 0.968415 0.232826
vt 0.973151 0.233636
vt 0.974276 0.228995
vt 0.969882 0.239468
vt 0.974529 0.239053
vt 0.748959 0.107145
vt 0.749469 0.107059
vt 0.950493 0.135576
vt 0.945107 0.133642
vt 0.948229 0.139321
vt 0.965019 0.240176
vt 0.970238 0.247879
vt 0.974476 0.246534
vt 0.979107 0.245468
vt 0.980480 0.252807
vt 0.984910 0.251905
vt 0.941168 0.129264
vt 0.939374 0.123792
vt 0.935138 0.124255
vt 0.934254 0.118490
vt 0.930465 0.124815
vt 0.938186 0.118300
vt 0.933081 0.113202
vt 0.937135 0.112479
vt 0.987415 0.276004
vt 0.983937 0.273609
vt 0.976675 0.254080
vt 0.973458 0.255762
vt 0.978987 0.260432
vt 0.966682 0.249811
vt 0.963773 0.252701
vt 0.970690 0.258094
vt 0.960591 0.241570
vt 0.956464 0.244965
vt 0.968315 0.261428
vt 0.966848 0.265791
vt 0.966397 0.271054
vt 0.971622 0.271647
vt 0.982416 0.265545
vt 0.922933 0.109831
vt 0.919616 0.107713
vt 0.926469 0.111530
vt 0.930134 0.106073
vt 0.926443 0.104832
vt 0.922996 0.103264
vt 0.928329 0.100087
vt 0.925368 0.098985
vt 0.919681 0.101252
vt 0.922400 0.097226
vt 0.919206 0.095030
vt 0.982544 0.329706
vt 0.979873 0.326177
vt 0.975950 0.330921
vt 0.978321 0.334860
vt 0.968876 0.332413
vt 0.963512 0.337311
vt 0.931799 0.100860
vt 0.959862 0.281436
vt 0.727189 0.118996
vt 0.793360 0.024339
vt 0.847130 0.389426
vt 0.835586 0.389426
vt 0.920799 0.389426
vt 0.909633 0.389426
vt 0.624991 0.666108
vt 0.645613 0.654910
vt 0.648584 0.640032
vt 0.666878 0.646342
vt 0.670904 0.632710
vt 0.689261 0.640929
vt 0.694197 0.628118
vt 0.684801 0.652446
vt 0.708959 0.649058
vt 0.713753 0.638804
vt 0.705419 0.658292
vt 0.733383 0.654173
vt 0.737033 0.644884
vt 0.730634 0.663321
vt 0.088356 0.630404
vt 0.107373 0.638269
vt 0.105049 0.633878
vt 0.087180 0.626005
vt 0.089201 0.634647
vt 0.109705 0.642668
vt 0.133629 0.645402
vt 0.130164 0.641403
vt 0.136584 0.649197
vt 0.161511 0.647824
vt 0.158713 0.643934
vt 0.163869 0.652040
vt 0.188112 0.652120
vt 0.186218 0.646900
vt 0.189641 0.657953
vt 0.212310 0.663362
vt 0.211155 0.656686
vt 0.213337 0.670254
vt 0.236131 0.676073
vt 0.235002 0.669430
vt 0.237211 0.683058
vt 0.260944 0.689891
vt 0.259521 0.682424
vt 0.262285 0.697699
vt 0.289407 0.713973
vt 0.286986 0.701322
vt 0.263730 0.706214
vt 0.291149 0.727493
vt 0.315760 0.749622
vt 0.314486 0.735820
vt 0.338112 0.769472
vt 0.337557 0.756240
vt 0.359112 0.774858
vt 0.380176 0.780728
vt 0.359005 0.763034
vt 0.336657 0.743749
vt 0.358611 0.751636
vt 0.335556 0.732011
vt 0.312834 0.723025
vt 0.311005 0.711325
vt 0.334356 0.721006
vt 0.309212 0.700754
vt 0.284302 0.690831
vt 0.282235 0.683440
vt 0.307577 0.691000
vt 0.280852 0.677009
vt 0.258152 0.675703
vt 0.256948 0.669486
vt 0.279799 0.670734
vt 0.255846 0.663517
vt 0.233851 0.663089
vt 0.232641 0.656957
vt 0.254728 0.657715
vt 0.231299 0.650965
vt 0.209829 0.650184
vt 0.208181 0.644092
vt 0.229749 0.645067
vt 0.206096 0.638476
vt 0.183891 0.642168
vt 0.181037 0.637810
vt 0.203513 0.633264
vt 0.177563 0.633724
vt 0.155352 0.640211
vt 0.151297 0.636469
vt 0.173406 0.629803
vt 0.146446 0.632457
vt 0.126139 0.636957
vt 0.122009 0.632388
vt 0.140801 0.627858
vt 0.117769 0.627795
vt 0.102627 0.629368
vt 0.100004 0.624576
vt 0.113287 0.623201
vt 0.096584 0.618926
vt 0.083199 0.614761
vt 0.085491 0.620998
vt 0.079541 0.605679
vt 0.092569 0.611462
vt 0.073724 0.590881
vt 0.745962 0.620030
vt 0.718940 0.626351
vt 0.741313 0.634053
vt 0.751731 0.603950
vt 0.724546 0.611009
vt 0.757748 0.585991
vt 0.730623 0.595344
vt 0.699292 0.614274
vt 0.704185 0.600181
vt 0.735386 0.578017
vt 0.675045 0.619125
vt 0.762723 0.564251
vt 0.066399 0.568536
vt 0.656082 0.885166
vt 0.646313 0.884184
vt 0.643941 0.898444
vt 0.652661 0.899950
vt 0.635473 0.883721
vt 0.634075 0.897225
vt 0.622851 0.883614
vt 0.622320 0.896227
vt 0.623699 0.871759
vt 0.608410 0.872697
vt 0.608334 0.883713
vt 0.608778 0.862409
vt 0.591364 0.864152
vt 0.591607 0.873748
vt 0.591371 0.855117
vt 0.572495 0.857510
vt 0.572886 0.865973
vt 0.572361 0.849405
vt 0.552601 0.852426
vt 0.552908 0.860024
vt 0.552583 0.845004
vt 0.532408 0.848718
vt 0.532399 0.855664
vt 0.532702 0.841810
vt 0.512215 0.852653
vt 0.512052 0.859250
vt 0.491720 0.861740
vt 0.491682 0.868229
vt 0.512223 0.866015
vt 0.470811 0.868055
vt 0.470823 0.874354
vt 0.492001 0.874966
vt 0.449167 0.871725
vt 0.449072 0.877715
vt 0.471136 0.880845
vt 0.426769 0.873637
vt 0.426498 0.879386
vt 0.449146 0.883796
vt 0.404079 0.874942
vt 0.403768 0.880622
vt 0.426283 0.885201
vt 0.382117 0.876651
vt 0.382063 0.882317
vt 0.403466 0.886351
vt 0.362469 0.879515
vt 0.362954 0.885046
vt 0.381980 0.887884
vt 0.347037 0.884220
vt 0.363248 0.890229
vt 0.381724 0.893243
vt 0.363232 0.894974
vt 0.381275 0.898330
vt 0.362877 0.899512
vt 0.380806 0.903303
vt 0.363115 0.904504
vt 0.380944 0.908713
vt 0.347451 0.902264
vt 0.334756 0.901444
vt 0.400444 0.914245
vt 0.400719 0.908789
vt 0.421315 0.920196
vt 0.422088 0.914820
vt 0.443368 0.925447
vt 0.444533 0.920107
vt 0.649621 0.914939
vt 0.641877 0.913153
vt 0.639934 0.927830
vt 0.646820 0.929711
vt 0.632921 0.911263
vt 0.631813 0.925345
vt 0.621973 0.909355
vt 0.621616 0.922547
vt 0.608782 0.907516
vt 0.609005 0.919689
vt 0.608497 0.895393
vt 0.592749 0.894733
vt 0.593463 0.905857
vt 0.592090 0.883963
vt 0.574376 0.884388
vt 0.575342 0.894313
vt 0.573528 0.874919
vt 0.554380 0.876291
vt 0.555433 0.885082
vt 0.553511 0.867945
vt 0.533392 0.870198
vt 0.534353 0.877999
vt 0.532723 0.862782
vt 0.512766 0.873031
vt 0.513650 0.880336
vt 0.492652 0.881967
vt 0.493500 0.889181
vt 0.514740 0.887923
vt 0.471618 0.887479
vt 0.472022 0.894155
vt 0.494284 0.896513
vt 0.449182 0.889927
vt 0.448945 0.896055
vt 0.472051 0.900717
vt 0.425930 0.891086
vt 0.425299 0.897028
vt 0.448283 0.902125
vt 0.403017 0.892098
vt 0.402351 0.897792
vt 0.424368 0.903006
vt 0.401517 0.903357
vt 0.423233 0.908978
vt 0.445898 0.914139
vt 0.447213 0.908134
vt 0.469044 0.918130
vt 0.470409 0.912737
vt 0.467680 0.923407
vt 0.491011 0.926601
vt 0.492378 0.922121
vt 0.466402 0.928699
vt 0.489816 0.931042
vt 0.513090 0.935207
vt 0.514716 0.930014
vt 0.644151 0.943627
vt 0.637936 0.941689
vt 0.635766 0.953689
vt 0.641513 0.955801
vt 0.630523 0.938691
vt 0.628863 0.950333
vt 0.621004 0.935122
vt 0.619875 0.946275
vt 0.608921 0.931351
vt 0.608227 0.941877
vt 0.594300 0.927706
vt 0.593887 0.937515
vt 0.594059 0.916998
vt 0.577067 0.914669
vt 0.577447 0.924438
vt 0.576296 0.904506
vt 0.557578 0.903599
vt 0.558355 0.912863
vt 0.556549 0.894246
vt 0.536624 0.894675
vt 0.537583 0.903284
vt 0.535486 0.886185
vt 0.515807 0.895751
vt 0.516583 0.903667
vt 0.494691 0.903816
vt 0.494486 0.910774
vt 0.516857 0.911312
vt 0.471500 0.906956
vt 0.493646 0.916958
vt 0.516591 0.918316
vt 0.515846 0.924508
vt 0.537947 0.926927
vt 0.538351 0.919668
vt 0.536871 0.933507
vt 0.557297 0.937373
vt 0.558439 0.929910
vt 0.534823 0.939699
vt 0.554882 0.944356
vt 0.573135 0.949101
vt 0.575892 0.941615
vt 0.638742 0.965218
vt 0.633388 0.963141
vt 0.630549 0.970104
vt 0.635415 0.970626
vt 0.626733 0.959679
vt 0.623820 0.967037
vt 0.617977 0.955480
vt 0.614846 0.963012
vt 0.606560 0.950864
vt 0.603355 0.958544
vt 0.592429 0.946159
vt 0.589377 0.953861
vt 0.577171 0.933470
vt 0.558706 0.921718
vt 0.538200 0.911718
vt 0.866369 0.432631
vt 0.866369 0.411819
vt 0.866369 0.451032
vt 0.891518 0.451032
vt 0.891518 0.432631
vt 0.866369 0.467808
vt 0.891518 0.467808
vt 0.866369 0.483174
vt 0.891518 0.483174
vt 0.866369 0.498806
vt 0.891518 0.498806
vt 0.866369 0.516517
vt 0.891518 0.516517
vt 0.866369 0.535734
vt 0.891518 0.535734
vt 0.866369 0.558387
vt 0.891518 0.558387
vt 0.866369 0.583534
vt 0.891518 0.583873
vt 0.866369 0.598010
vt 0.891518 0.598354
vt 0.866369 0.639703
vt 0.866369 0.752340
vt 0.866369 0.728722
vt 0.866369 0.687877
vt 0.891518 0.728722
vt 0.891518 0.687877
vt 0.891518 0.639703
vt 0.891518 0.411819
vt 0.891518 0.389426
vt 0.866369 0.983745
vt 0.866369 0.959527
vt 0.866369 0.389426
vt 0.866291 0.989777
vt 0.866369 0.931809
vt 0.891518 0.931809
vt 0.891518 0.912878
vt 0.866369 0.912878
vt 0.866369 0.894312
vt 0.891518 0.894312
vt 0.866369 0.875891
vt 0.891518 0.875891
vt 0.891518 0.857115
vt 0.866369 0.857115
vt 0.891518 0.838451
vt 0.891518 0.752340
vt 0.891518 0.756418
vt 0.866369 0.756418
vt 0.866369 0.777976
vt 0.891518 0.777976
vt 0.866369 0.799532
vt 0.866369 0.838451
vt 0.866369 0.819597
vt 0.891518 0.819597
vt 0.891518 0.799532
vt 0.046406 0.893502
vt 0.057119 0.888745
vt 0.057834 0.830608
vt 0.045085 0.825734
vt 0.237953 0.825290
vt 0.228708 0.830004
vt 0.225709 0.896623
vt 0.236908 0.897749
vt 0.062226 0.887670
vt 0.062887 0.831629
vt 0.223631 0.831765
vt 0.220641 0.897345
vt 0.088131 0.931101
vt 0.194609 0.934590
vt 0.079293 0.927043
vt 0.082535 0.930292
vt 0.071129 0.944568
vt 0.076895 0.947215
vt 0.082008 0.935180
vt 0.076102 0.930641
vt 0.083219 0.947831
vt 0.089992 0.936790
vt 0.203278 0.936684
vt 0.198561 0.940611
vt 0.204990 0.946344
vt 0.208904 0.942692
vt 0.193893 0.940850
vt 0.200384 0.948613
vt 0.215694 0.780519
vt 0.212010 0.778868
vt 0.209110 0.788283
vt 0.213205 0.791544
vt 0.206852 0.777585
vt 0.199803 0.786149
vt 0.071027 0.791428
vt 0.075510 0.786947
vt 0.071644 0.775877
vt 0.065866 0.779415
vt 0.086362 0.783864
vt 0.079477 0.773502
vt 0.198077 0.935438
vt 0.200510 0.932236
vt 0.202868 0.794725
vt 0.205051 0.797564
vt 0.197180 0.793381
vt 0.073658 0.795336
vt 0.074990 0.792421
vt 0.081149 0.790868
vt 0.217181 0.970272
vt 0.227124 0.964316
vt 0.205532 0.976170
vt 0.055889 0.963948
vt 0.065902 0.970037
vt 0.076462 0.975283
vt 0.063198 0.745866
vt 0.053806 0.751977
vt 0.074496 0.740187
vt 0.223612 0.748308
vt 0.214052 0.742611
vt 0.203383 0.737677
vt 0.013250 0.815713
vt 0.268575 0.813533
vt 0.014285 0.899477
vt 0.272049 0.901047
s 1
usemtl Material.012
f 5/1/1 7/2/2 20/3/3 19/4/4
f 31/5/5 12/6/6 10/7/7 30/8/8
f 7/2/2 9/9/9 21/10/10 20/3/3
f 9/9/9 11/11/11 22/12/12 21/10/10
f 11/11/11 13/13/13 23/14/13 22/12/12
f 15/15/14 49/16/15 1/17/15 14/18/14
f 4/19/16 6/20/17 7/2/18 5/1/16
f 49/16/15 2/21/19 3/22/19 1/17/15
f 1/17/20 17/23/21 24/24/22 14/18/23
f 2/21/19 4/25/16 5/26/16 3/22/19
f 13/13/13 14/18/23 24/24/22 23/14/13
f 30/8/8 10/7/7 8/27/24 29/28/25
f 45/29/6 43/30/7 44/31/26 46/32/27
f 24/33/28 17/34/29 16/35/30
f 10/7/31 12/6/32 13/13/33 11/11/34
f 6/20/17 8/27/35 9/9/36 7/2/18
f 18/36/37 19/37/38 16/35/30
f 22/38/39 23/39/40 16/35/30
f 17/34/29 18/36/37 16/35/30
f 21/40/41 22/38/39 16/35/30
f 21/40/41 16/35/30 20/41/42
f 19/37/38 20/41/42 16/35/30
f 27/42/43 4/25/44 2/21/45 26/43/46
f 8/27/35 10/7/31 11/11/34 9/9/36
f 6/20/47 28/44/48 29/28/25 8/27/24
f 28/44/48 6/20/47 4/19/44 27/45/43
f 25/46/49 49/16/50 15/15/51 32/47/52
f 26/43/46 2/21/45 49/16/50 25/46/49
f 12/6/6 31/5/5 32/47/52 15/15/51
f 12/6/32 15/15/14 14/18/14 13/13/33
f 24/33/28 16/35/30 23/39/40
f 33/48/53 25/46/49 32/47/52 47/49/54
f 41/50/55 43/30/56 30/8/8 29/28/25
f 37/51/57 27/42/43 26/43/46 35/52/58
f 45/29/59 47/49/54 32/47/52 31/5/5
f 43/30/7 41/50/24 42/53/60 44/31/26
f 39/54/61 41/50/55 29/28/25 28/44/48
f 46/55/62 44/56/62 48/57/62
f 43/30/56 45/29/59 31/5/5 30/8/8
f 35/52/58 26/43/46 25/46/49 33/48/53
f 37/58/57 39/54/61 28/44/48 27/45/43
f 33/48/50 47/49/51 48/59/63 34/60/64
f 35/52/45 33/48/50 34/60/64 36/61/65
f 37/51/44 35/52/45 36/61/65 38/62/66
f 39/54/47 37/58/44 38/63/66 40/64/67
f 41/50/24 39/54/47 40/64/67 42/53/60
f 47/49/51 45/29/6 46/32/27 48/59/63
f 44/56/62 42/65/62 34/66/62
f 44/56/62 34/66/62 48/57/62
f 42/65/62 38/67/62 36/68/62
f 40/69/62 38/67/62 42/65/62
f 1/17/20 3/22/68 18/70/69 17/23/21
f 42/65/62 36/68/62 34/66/62
f 3/22/68 5/26/1 19/71/4 18/70/69
f 50/72/70 87/73/71 86/74/72 85/75/73
f 50/76/70 90/77/74 89/78/75 88/79/76
f 50/76/70 85/80/73 91/81/77 90/77/74
f 50/72/70 93/82/78 92/83/79 87/73/71
f 50/76/70 88/79/76 94/84/80 93/85/78
f 51/86/81 97/87/82 96/88/83 95/89/84
f 51/86/81 99/90/85 98/91/86 97/87/82
f 51/86/81 101/92/87 100/93/88 99/90/85
f 51/86/81 103/94/89 102/95/90 101/92/87
f 51/86/81 95/89/84 104/96/91 103/94/89
f 52/97/92 107/98/93 106/99/94 105/100/95
f 52/97/92 109/101/96 108/102/97 107/98/93
f 52/97/92 105/100/95 110/103/98 109/101/96
f 53/104/99 113/105/100 112/106/101 111/107/102
f 53/104/99 116/108/103 115/109/104 114/110/105
f 53/104/99 111/107/102 117/111/106 116/108/103
f 53/104/99 119/112/107 118/113/108 113/105/100
f 54/114/109 122/115/110 121/116/111 120/117/112
f 54/114/109 124/118/113 123/119/114 122/115/110
f 54/114/109 126/120/115 125/121/116 124/118/113
f 54/114/109 120/117/112 128/122/117 127/123/118
f 54/114/109 127/123/118 129/124/119 126/120/115
f 55/125/120 130/126/121 118/127/108 119/128/107
f 55/125/120 119/128/107 132/129/122 131/130/123
f 55/125/120 134/131/124 133/132/125 130/126/121
f 55/125/120 104/133/91 135/134/126 134/131/124
f 55/125/120 131/130/123 103/135/89 104/133/91
f 56/136/127 138/137/128 137/138/129 136/139/130
f 56/136/127 140/140/131 139/141/132 138/137/128
f 56/136/127 136/139/130 141/142/133 140/140/131
f 57/143/134 144/144/135 143/145/136 142/146/137
f 57/143/134 146/147/138 145/148/139 144/144/135
f 57/143/134 142/146/137 148/149/140 147/150/141
f 57/143/134 150/151/142 149/152/143 146/147/138
f 57/143/134 147/150/141 151/153/144 150/151/142
f 58/154/145 154/155/146 153/156/147 152/157/148
f 58/154/145 152/157/148 156/158/149 155/159/150
f 58/154/145 155/159/150 158/160/151 157/161/152
f 58/162/145 157/163/152 160/164/153 159/165/154
f 58/162/145 159/165/154 161/166/155 154/167/146
f 59/168/156 164/169/157 163/170/158 162/171/159
f 59/168/156 166/172/160 165/173/161 164/169/157
f 59/168/156 162/171/159 167/174/162 166/172/160
f 60/175/163 170/176/164 169/177/165 168/178/166
f 60/175/163 153/156/147 154/155/146 170/176/164
f 60/175/163 172/179/167 171/180/168 71/181/169
f 60/175/163 168/178/166 173/182/170 172/179/167
f 60/175/163 71/181/169 174/183/171 153/156/147
f 61/184/172 177/185/173 176/186/174 175/187/175
f 61/184/172 178/188/176 124/118/113 125/121/116
f 61/184/172 125/121/116 180/189/177 179/190/178
f 61/184/172 179/190/178 181/191/179 177/185/173
f 61/184/172 175/187/175 182/192/180 178/188/176
f 62/193/181 185/194/182 184/195/183 183/196/184
f 62/193/181 187/197/185 186/198/186 185/194/182
f 62/193/181 189/199/187 188/200/188 187/197/185
f 62/193/181 191/201/189 190/202/190 189/199/187
f 62/193/181 183/196/184 192/203/191 191/201/189
f 63/204/192 195/205/193 194/206/194 193/207/195
f 63/208/192 196/209/196 68/210/197 195/211/193
f 63/208/192 198/212/198 197/213/199 196/209/196
f 63/204/192 200/214/200 199/215/201 198/216/198
f 63/204/192 193/207/195 201/217/202 200/214/200
f 64/218/203 108/102/97 109/101/96 202/219/204
f 64/218/203 202/219/204 204/220/205 203/221/206
f 64/218/203 203/221/206 205/222/207 108/102/97
f 65/223/208 208/224/209 207/225/210 206/226/211
f 65/223/208 210/227/212 209/228/213 208/224/209
f 65/223/208 206/226/211 211/229/214 210/227/212
f 66/230/215 214/231/216 213/232/217 212/233/218
f 66/234/215 216/235/219 215/236/220 214/237/216
f 66/234/215 212/238/218 217/239/221 216/235/219
f 67/240/222 221/241/223 220/242/224 219/243/225
f 67/240/222 219/243/225 222/244/226 218/245/227
f 68/210/197 196/209/196 224/246/228 223/247/229
f 68/210/197 227/248/230 226/249/231 225/250/232
f 68/210/197 223/247/229 228/251/233 227/248/230
f 68/210/197 225/250/232 229/252/234 195/211/193
f 69/253/235 232/254/236 231/255/237 230/256/238
f 69/253/235 230/256/238 234/257/239 233/258/240
f 69/253/235 233/258/240 235/259/241 232/254/236
f 70/260/242 236/261/243 239/262/244 238/263/245
f 70/260/242 238/263/245 241/264/246 240/265/247
f 70/260/242 240/265/247 242/266/248 237/267/249
f 71/181/169 171/180/168 78/268/250 174/183/171
f 72/269/251 245/270/252 244/271/253 243/272/254
f 72/269/251 247/273/255 246/274/256 245/270/252
f 72/269/251 243/272/254 248/275/257 247/273/255
f 73/276/258 251/277/259 250/278/260 249/279/261
f 73/276/258 253/280/262 252/281/263 251/277/259
f 73/276/258 249/279/261 254/282/264 253/280/262
f 74/283/265 257/284/266 256/285/267 255/286/268
f 74/283/265 255/286/268 259/287/269 258/288/270
f 74/283/265 261/289/271 260/290/272 257/284/266
f 74/283/265 263/291/273 262/292/274 261/289/271
f 74/283/265 258/288/270 264/293/275 263/291/273
f 75/294/276 207/225/210 208/224/209 265/295/277
f 75/294/276 267/296/278 266/297/279 207/225/210
f 75/294/276 265/295/277 268/298/280 267/296/278
f 76/299/281 271/300/282 270/301/283 269/302/284
f 76/299/281 273/303/285 272/304/286 271/300/282
f 76/299/281 276/305/287 275/306/288 274/307/289
f 76/299/281 269/302/284 277/308/290 276/305/287
f 76/299/281 274/307/289 278/309/291 273/303/285
f 77/310/292 281/311/293 280/312/294 279/313/295
f 77/310/292 283/314/296 282/315/297 281/311/293
f 77/310/292 279/313/295 284/316/298 283/314/296
f 78/268/250 171/180/168 286/317/299 285/318/300
f 78/268/250 289/319/301 288/320/302 287/321/303
f 78/268/250 285/318/300 290/322/304 289/319/301
f 78/268/250 287/321/303 291/323/305 174/183/171
f 79/324/306 294/325/307 293/326/308 292/327/309
f 79/324/306 292/327/309 296/328/310 295/329/311
f 79/324/306 295/329/311 297/330/312 294/325/307
f 80/331/313 300/332/314 299/333/315 298/334/316
f 80/331/313 298/334/316 302/335/317 301/336/318
f 80/331/313 301/336/318 304/337/319 303/338/320
f 80/331/313 306/339/321 305/340/322 300/332/314
f 80/331/313 303/338/320 307/341/323 306/339/321
f 81/342/324 310/343/325 309/344/326 308/345/327
f 81/342/324 298/334/316 299/333/315 310/343/325
f 81/342/324 308/345/327 312/346/328 311/347/329
f 81/342/324 311/347/329 314/348/330 313/349/331
f 81/342/324 313/349/331 302/335/317 298/334/316
f 82/350/332 316/351/333 83/352/334 315/353/335
f 82/350/332 315/353/335 318/354/336 317/355/337
f 82/350/332 317/355/337 319/356/338 316/351/333
f 83/352/334 321/357/339 320/358/340 315/353/335
f 83/352/334 323/359/341 322/360/342 321/357/339
f 84/361/343 326/362/344 325/363/345 324/364/346
f 84/361/343 328/365/347 327/366/348 326/362/344
f 84/361/343 324/364/346 329/367/349 328/365/347
f 331/368/350 333/369/351 332/370/352 330/371/353
f 331/368/350 218/245/227 222/244/226 333/369/351
f 333/369/351 335/372/354 334/373/355 332/370/352
f 333/369/351 222/244/226 336/374/356 335/372/354
f 336/374/356 222/244/226 219/243/225 337/375/357
f 336/374/356 339/376/358 338/377/359 335/372/354
f 336/374/356 337/375/357 340/378/360 339/376/358
f 340/378/360 337/375/357 342/379/361 341/380/362
f 340/378/360 344/381/363 343/382/364 339/376/358
f 340/378/360 341/380/362 345/383/365 344/381/363
f 345/383/365 341/380/362 347/384/366 346/385/367
f 345/383/365 349/386/368 348/387/369 344/381/363
f 345/383/365 346/385/367 350/388/370 349/386/368
f 350/388/370 346/385/367 352/389/371 351/390/372
f 350/388/370 354/391/373 353/392/374 349/386/368
f 350/388/370 351/390/372 355/393/375 354/391/373
f 355/393/375 351/390/372 357/394/376 356/395/377
f 355/393/375 359/396/378 358/397/379 354/391/373
f 355/393/375 356/395/377 360/398/380 359/396/378
f 360/398/380 356/395/377 362/399/381 361/400/382
f 360/398/380 364/401/383 363/402/384 359/396/378
f 360/398/380 361/400/382 365/403/385 364/401/383
f 365/403/385 368/404/386 367/405/387 366/406/388
f 365/403/385 361/400/382 369/407/389 368/404/386
f 365/403/385 366/406/388 370/408/390 364/401/383
f 370/408/390 366/406/388 372/409/391 371/410/392
f 370/408/390 373/411/393 363/402/384 364/401/383
f 370/408/390 371/410/392 374/412/394 373/411/393
f 374/412/394 371/410/392 376/413/395 375/414/396
f 374/412/394 378/415/397 377/416/398 373/411/393
f 374/412/394 375/414/396 379/417/399 378/415/397
f 379/417/399 375/414/396 381/418/400 380/419/401
f 379/417/399 383/420/402 382/421/403 378/415/397
f 379/417/399 380/419/401 384/422/404 383/420/402
f 384/422/404 380/419/401 386/423/405 385/424/406
f 384/422/404 388/425/407 387/426/408 383/420/402
f 384/422/404 385/424/406 389/427/409 388/425/407
f 389/427/409 385/424/406 391/428/410 390/429/411
f 389/427/409 393/430/412 392/431/413 388/425/407
f 389/427/409 390/429/411 394/432/414 393/430/412
f 394/432/414 390/429/411 396/433/415 395/434/416
f 394/432/414 398/435/417 397/436/418 393/430/412
f 394/432/414 395/434/416 399/437/419 398/435/417
f 399/437/419 395/434/416 401/438/420 400/439/421
f 399/437/419 403/440/422 402/441/423 398/435/417
f 399/437/419 400/439/421 404/442/424 403/440/422
f 404/442/424 400/439/421 406/443/425 405/444/426
f 404/442/424 408/445/427 407/446/428 403/440/422
f 404/442/424 405/444/426 409/447/429 408/445/427
f 409/447/429 405/444/426 411/448/430 410/449/431
f 409/447/429 413/450/432 412/451/433 408/445/427
f 409/447/429 410/449/431 414/452/434 413/450/432
f 414/452/434 410/449/431 416/453/435 415/454/436
f 414/452/434 418/455/437 417/456/438 413/450/432
f 414/452/434 415/454/436 419/457/439 418/455/437
f 419/457/439 415/454/436 421/458/440 420/459/441
f 419/457/439 423/460/442 422/461/443 418/455/437
f 419/457/439 420/459/441 424/462/444 423/460/442
f 424/462/444 425/463/445 325/363/345 423/460/442
f 427/464/446 416/453/435 429/465/447 428/466/448
f 427/464/446 421/458/440 415/454/436 416/453/435
f 429/465/447 431/467/449 430/468/450 428/466/448
f 429/465/447 411/448/430 432/469/451 431/467/449
f 429/465/447 416/453/435 410/449/431 411/448/430
f 432/469/451 434/470/452 433/471/453 431/467/449
f 432/469/451 406/443/425 435/472/454 434/470/452
f 432/469/451 411/448/430 405/444/426 406/443/425
f 435/472/454 437/473/455 436/474/456 434/470/452
f 435/472/454 401/438/420 438/475/457 437/473/455
f 435/472/454 406/443/425 400/439/421 401/438/420
f 438/475/457 440/476/458 439/477/459 437/473/455
f 438/475/457 396/433/415 441/478/460 440/476/458
f 438/475/457 401/438/420 395/434/416 396/433/415
f 441/478/460 443/479/461 442/480/462 440/476/458
f 441/478/460 391/428/410 444/481/463 443/479/461
f 441/478/460 396/433/415 390/429/411 391/428/410
f 444/481/463 446/482/464 445/483/465 443/479/461
f 444/481/463 386/423/405 447/484/466 446/482/464
f 444/481/463 391/428/410 385/424/406 386/423/405
f 447/484/466 449/485/467 448/486/468 446/482/464
f 447/484/466 381/418/400 450/487/469 449/485/467
f 447/484/466 386/423/405 380/419/401 381/418/400
f 450/487/469 452/488/470 451/489/471 449/485/467
f 450/487/469 376/413/395 453/490/472 452/488/470
f 450/487/469 381/418/400 375/414/396 376/413/395
f 453/490/472 455/491/473 454/492/474 452/488/470
f 453/490/472 372/409/391 456/493/475 455/491/473
f 453/490/472 376/413/395 371/410/392 372/409/391
f 456/493/475 458/494/476 457/495/477 455/491/473
f 456/493/475 367/405/387 459/496/478 458/494/476
f 456/493/475 372/409/391 366/406/388 367/405/387
f 459/496/478 461/497/479 460/498/480 458/494/476
f 459/496/478 463/499/481 462/500/482 461/497/479
f 459/496/478 367/405/387 368/404/386 463/499/481
f 463/499/481 465/501/483 464/502/484 462/500/482
f 463/499/481 368/404/386 369/407/389 465/501/483
f 465/501/483 467/503/485 466/504/486 464/502/484
f 465/501/483 369/407/389 468/505/487 467/503/485
f 468/505/487 470/506/488 469/507/489 467/503/485
f 468/505/487 362/399/381 471/508/490 470/506/488
f 468/505/487 369/407/389 361/400/382 362/399/381
f 471/508/490 473/509/491 472/510/492 470/506/488
f 471/508/490 357/394/376 474/511/493 473/509/491
f 471/508/490 362/399/381 356/395/377 357/394/376
f 474/511/493 476/512/494 475/513/495 473/509/491
f 474/511/493 352/389/371 477/514/496 476/512/494
f 474/511/493 357/394/376 351/390/372 352/389/371
f 477/514/496 479/515/497 478/516/498 476/512/494
f 477/514/496 347/384/366 480/517/499 479/515/497
f 477/514/496 352/389/371 346/385/367 347/384/366
f 480/517/499 482/518/500 481/519/501 479/515/497
f 480/517/499 342/379/361 220/242/224 482/518/500
f 480/517/499 347/384/366 341/380/362 342/379/361
f 482/518/500 484/520/502 483/521/503 481/519/501
f 482/518/500 220/242/224 221/241/223 484/520/502
f 484/520/502 486/522/504 485/523/505 483/521/503
f 484/520/502 221/241/223 487/524/506 486/522/504
f 487/525/506 489/526/507 488/527/508 486/528/504
f 490/529/509 433/471/453 492/530/510 491/531/511
f 490/529/509 430/468/450 431/467/449 433/471/453
f 492/530/510 239/262/244 236/261/243 491/531/511
f 492/530/510 436/474/456 493/532/512 239/262/244
f 492/530/510 433/471/453 434/470/452 436/474/456
f 493/532/512 494/533/513 238/263/245 239/262/244
f 493/532/512 439/477/459 495/534/514 494/533/513
f 493/532/512 436/474/456 437/473/455 439/477/459
f 495/534/514 497/535/515 496/536/516 494/533/513
f 495/534/514 442/480/462 498/537/517 497/535/515
f 495/534/514 439/477/459 440/476/458 442/480/462
f 498/537/517 500/538/518 499/539/519 497/535/515
f 498/537/517 445/483/465 501/540/520 500/538/518
f 498/537/517 442/480/462 443/479/461 445/483/465
f 501/540/520 503/541/521 502/542/522 500/538/518
f 501/540/520 448/486/468 504/543/523 503/541/521
f 501/540/520 445/483/465 446/482/464 448/486/468
f 504/543/523 506/544/524 505/545/525 503/541/521
f 504/543/523 451/489/471 507/546/526 506/544/524
f 504/543/523 448/486/468 449/485/467 451/489/471
f 507/546/526 509/547/527 508/548/528 506/544/524
f 507/546/526 454/492/474 510/549/529 509/547/527
f 507/546/526 451/489/471 452/488/470 454/492/474
f 510/549/529 512/550/530 511/551/531 509/547/527
f 510/549/529 457/495/477 513/552/532 512/550/530
f 510/549/529 454/492/474 455/491/473 457/495/477
f 513/552/532 515/553/533 514/554/534 512/550/530
f 513/552/532 460/498/480 516/555/535 515/553/533
f 513/552/532 457/495/477 458/494/476 460/498/480
f 516/555/535 518/556/536 517/557/537 515/553/533
f 516/555/535 520/558/538 519/559/539 518/556/536
f 516/555/535 460/498/480 461/497/479 520/558/538
f 520/558/538 522/560/540 521/561/541 519/559/539
f 520/558/538 461/497/479 462/500/482 522/560/540
f 522/560/540 524/562/542 523/563/543 521/561/541
f 522/560/540 462/500/482 464/502/484 524/562/542
f 524/562/542 526/564/544 525/565/545 523/563/543
f 524/562/542 464/502/484 466/504/486 526/564/544
f 526/564/544 528/566/546 527/567/547 525/565/545
f 526/564/544 466/504/486 529/568/548 528/566/546
f 529/568/548 531/569/549 530/570/550 528/566/546
f 529/568/548 469/507/489 532/571/551 531/569/549
f 529/568/548 466/504/486 467/503/485 469/507/489
f 532/571/551 534/572/552 533/573/553 531/569/549
f 532/571/551 472/510/492 535/574/554 534/572/552
f 532/571/551 469/507/489 470/506/488 472/510/492
f 535/574/554 537/575/555 536/576/556 534/572/552
f 535/574/554 475/513/495 538/577/557 537/575/555
f 535/574/554 472/510/492 473/509/491 475/513/495
f 538/577/557 540/578/558 539/579/559 537/575/555
f 538/577/557 478/516/498 541/580/560 540/578/558
f 538/577/557 475/513/495 476/512/494 478/516/498
f 541/580/560 543/581/561 542/582/562 540/578/558
f 541/580/560 481/519/501 483/521/503 543/581/561
f 541/580/560 478/516/498 479/515/497 481/519/501
f 543/581/561 545/583/563 544/584/564 542/582/562
f 543/581/561 483/521/503 485/523/505 545/583/563
f 545/585/563 547/586/565 546/587/566 544/588/564
f 545/585/563 485/589/505 548/590/567 547/586/565
f 548/590/567 550/591/568 549/592/569 547/586/565
f 548/590/567 488/527/508 551/593/570 550/591/568
f 548/590/567 485/589/505 486/528/504 488/527/508
f 551/593/570 553/594/571 552/595/572 550/591/568
f 551/593/570 555/596/573 554/597/574 553/594/571
f 551/593/570 488/527/508 489/526/507 555/596/573
f 557/598/575 556/599/576 559/600/577 558/601/578
f 557/598/575 558/601/578 561/602/579 560/603/580
f 561/602/579 558/601/578 563/604/581 562/605/582
f 561/602/579 553/594/571 554/597/574 560/603/580
f 561/602/579 562/605/582 552/595/572 553/594/571
f 563/604/581 566/606/583 565/607/584 564/608/585
f 563/604/581 558/601/578 559/600/577 566/606/583
f 563/604/581 564/608/585 567/609/586 562/605/582
f 567/609/586 564/608/585 569/610/587 568/611/588
f 567/609/586 570/612/589 552/595/572 562/605/582
f 567/609/586 568/611/588 571/613/590 570/612/589
f 571/613/590 568/611/588 573/614/591 572/615/592
f 571/613/590 574/616/593 549/592/569 570/612/589
f 571/613/590 572/615/592 575/617/594 574/616/593
f 575/617/594 572/615/592 577/618/595 576/619/596
f 575/617/594 578/620/597 546/587/566 574/616/593
f 575/617/594 576/619/596 579/621/598 578/620/597
f 579/621/598 576/619/596 581/622/599 580/623/600
f 579/621/598 583/624/601 582/625/602 578/620/597
f 579/621/598 580/623/600 584/626/603 583/624/601
f 584/626/603 580/623/600 586/627/604 585/628/605
f 584/629/603 588/630/606 587/631/607 583/632/601
f 584/629/603 585/633/605 589/634/608 588/630/606
f 589/634/608 585/633/605 591/635/609 590/636/610
f 589/634/608 593/637/611 592/638/612 588/630/606
f 589/634/608 590/636/610 594/639/613 593/637/611
f 594/639/613 590/636/610 596/640/614 595/641/615
f 594/639/613 598/642/616 597/643/617 593/637/611
f 594/639/613 595/641/615 599/644/618 598/642/616
f 599/644/618 595/641/615 601/645/619 600/646/620
f 599/644/618 603/647/621 602/648/622 598/642/616
f 599/644/618 600/646/620 604/649/623 603/647/621
f 604/649/623 607/650/624 606/651/625 605/652/626
f 604/649/623 600/646/620 608/653/627 607/650/624
f 604/649/623 605/652/626 609/654/628 603/647/621
f 609/654/628 605/652/626 611/655/629 610/656/630
f 609/654/628 612/657/631 602/648/622 603/647/621
f 609/654/628 610/656/630 527/567/547 612/657/631
f 612/657/631 530/570/550 613/658/632 602/648/622
f 612/657/631 527/567/547 528/566/546 530/570/550
f 613/658/632 597/643/617 598/642/616 602/648/622
f 613/658/632 533/573/553 614/659/633 597/643/617
f 613/658/632 530/570/550 531/569/549 533/573/553
f 614/659/633 592/638/612 593/637/611 597/643/617
f 614/659/633 536/576/556 615/660/634 592/638/612
f 614/659/633 533/573/553 534/572/552 536/576/556
f 615/660/634 587/631/607 588/630/606 592/638/612
f 615/660/634 539/579/559 616/661/635 587/631/607
f 615/660/634 536/576/556 537/575/555 539/579/559
f 616/661/635 582/662/602 583/632/601 587/631/607
f 616/661/635 542/582/562 544/584/564 582/662/602
f 616/661/635 539/579/559 540/578/558 542/582/562
f 611/655/629 619/663/636 618/664/637 617/665/638
f 611/655/629 605/652/626 606/651/625 619/663/636
f 611/655/629 617/665/638 620/666/639 610/656/630
f 620/666/639 617/665/638 622/667/640 621/668/641
f 620/666/639 525/565/545 527/567/547 610/656/630
f 620/666/639 621/668/641 523/563/543 525/565/545
f 622/667/640 625/669/642 624/670/643 623/671/644
f 622/667/640 617/665/638 618/664/637 625/669/642
f 622/667/640 623/671/644 626/672/645 621/668/641
f 626/672/645 623/671/644 628/673/646 627/674/647
f 626/672/645 521/561/541 523/563/543 621/668/641
f 626/672/645 627/674/647 519/559/539 521/561/541
f 628/673/646 631/675/648 630/676/649 629/677/650
f 628/673/646 623/671/644 624/670/643 631/675/648
f 628/673/646 629/677/650 632/678/651 627/674/647
f 632/678/651 629/677/650 634/679/652 633/680/653
f 632/678/651 518/556/536 519/559/539 627/674/647
f 632/678/651 633/680/653 517/557/537 518/556/536
f 634/679/652 637/681/654 636/682/655 635/683/656
f 634/679/652 629/677/650 630/676/649 637/681/654
f 634/679/652 635/683/656 638/684/657 633/680/653
f 638/684/657 635/683/656 640/685/658 639/686/659
f 638/684/657 641/687/660 517/557/537 633/680/653
f 638/684/657 639/686/659 642/688/661 641/687/660
f 642/688/661 639/686/659 644/689/662 643/690/663
f 642/688/661 645/691/664 514/554/534 641/687/660
f 642/688/661 643/690/663 646/692/665 645/691/664
f 646/692/665 643/690/663 648/693/666 647/694/667
f 646/692/665 649/695/668 511/551/531 645/691/664
f 646/692/665 647/694/667 650/696/669 649/695/668
f 650/696/669 651/697/670 508/548/528 649/695/668
f 650/696/669 653/698/671 652/699/672 651/697/670
f 650/696/669 647/694/667 654/700/673 653/698/671
f 654/700/673 647/694/667 648/693/666 655/701/674
f 654/700/673 657/702/675 656/703/676 653/698/671
f 654/700/673 655/701/674 658/704/677 657/702/675
f 658/704/677 655/701/674 660/705/678 659/706/679
f 658/704/677 662/707/680 661/708/681 657/702/675
f 658/704/677 659/706/679 663/709/682 662/707/680
f 663/709/682 659/706/679 665/710/683 664/711/684
f 663/709/682 667/712/685 666/713/686 662/707/680
f 663/709/682 664/711/684 668/714/687 667/712/685
f 668/714/687 664/711/684 670/715/688 669/716/689
f 668/714/687 672/717/690 671/718/691 667/712/685
f 668/714/687 669/716/689 673/719/692 672/717/690
f 673/719/692 669/716/689 675/720/693 674/721/694
f 673/719/692 677/722/695 676/723/696 672/717/690
f 673/719/692 674/721/694 678/724/697 677/722/695
f 678/724/697 674/721/694 680/725/698 679/726/699
f 678/724/697 682/727/700 681/728/701 677/722/695
f 678/724/697 679/726/699 683/729/702 682/727/700
f 683/729/702 679/726/699 685/730/703 684/731/704
f 683/729/702 687/732/705 686/733/706 682/727/700
f 683/729/702 684/731/704 688/734/707 687/732/705
f 688/734/707 684/731/704 690/735/708 689/736/709
f 688/734/707 692/737/710 691/738/711 687/732/705
f 688/734/707 689/736/709 693/739/712 692/737/710
f 693/739/712 689/736/709 695/740/713 694/741/714
f 693/739/712 697/742/715 696/743/716 692/737/710
f 693/739/712 694/741/714 698/744/717 697/742/715
f 698/744/717 694/741/714 700/745/718 699/746/719
f 698/744/717 702/747/720 701/748/721 697/742/715
f 698/744/717 699/746/719 703/749/722 702/747/720
f 703/749/722 699/746/719 705/750/723 704/751/724
f 703/749/722 707/752/725 706/753/726 702/747/720
f 703/749/722 704/751/724 708/754/727 707/752/725
f 708/754/727 704/751/724 710/755/728 709/756/729
f 708/754/727 712/757/730 711/758/731 707/752/725
f 708/754/727 709/756/729 713/759/732 712/757/730
f 713/759/732 709/756/729 715/760/733 714/761/734
f 713/762/732 717/763/735 716/764/736 712/765/730
f 713/762/732 714/766/734 718/767/737 717/763/735
f 718/767/737 721/768/738 720/769/739 719/770/740
f 718/767/737 714/766/734 722/771/741 721/768/738
f 718/767/737 719/770/740 723/772/742 717/763/735
f 723/772/742 719/770/740 725/773/743 724/774/744
f 723/772/742 726/775/745 716/764/736 717/763/735
f 723/772/742 724/774/744 727/776/746 726/775/745
f 727/776/746 724/774/744 729/777/747 728/778/748
f 727/776/746 731/779/749 730/780/750 726/775/745
f 727/776/746 728/778/748 732/781/751 731/779/749
f 732/781/751 728/778/748 734/782/752 733/783/753
f 732/781/751 736/784/754 735/785/755 731/779/749
f 732/781/751 733/783/753 737/786/756 736/784/754
f 737/786/756 733/783/753 739/787/757 738/788/758
f 737/786/756 741/789/759 740/790/760 736/784/754
f 737/786/756 738/788/758 742/791/761 741/789/759
f 742/791/761 738/788/758 744/792/762 743/793/763
f 742/791/761 746/794/764 745/795/765 741/789/759
f 742/791/761 743/793/763 747/796/766 746/794/764
f 747/796/766 743/793/763 749/797/767 748/798/768
f 747/796/766 751/799/769 750/800/770 746/794/764
f 747/796/766 748/798/768 752/801/771 751/799/769
f 752/801/771 748/798/768 754/802/772 753/803/773
f 752/801/771 625/669/642 618/664/637 751/799/769
f 752/801/771 753/803/773 624/670/643 625/669/642
f 754/802/772 757/804/774 756/805/775 755/806/776
f 754/802/772 748/798/768 749/797/767 757/804/774
f 754/802/772 755/806/776 758/807/777 753/803/773
f 758/807/777 755/806/776 760/808/778 759/809/779
f 758/807/777 631/675/648 624/670/643 753/803/773
f 758/807/777 759/809/779 630/676/649 631/675/648
f 760/808/778 763/810/780 762/811/781 761/812/782
f 760/808/778 755/806/776 756/805/775 763/810/780
f 760/808/778 761/812/782 764/813/783 759/809/779
f 764/813/783 761/812/782 766/814/784 765/815/785
f 764/813/783 637/681/654 630/676/649 759/809/779
f 764/813/783 765/815/785 636/682/655 637/681/654
f 766/814/784 769/816/786 768/817/787 767/818/788
f 766/814/784 761/812/782 762/811/781 769/816/786
f 766/814/784 767/818/788 770/819/789 765/815/785
f 770/819/789 767/818/788 772/820/790 771/821/791
f 770/819/789 773/822/792 636/682/655 765/815/785
f 770/819/789 771/821/791 774/823/793 773/822/792
f 774/823/793 771/821/791 776/824/794 775/825/795
f 774/823/793 777/826/796 640/685/658 773/822/792
f 774/823/793 775/825/795 778/827/797 777/826/796
f 778/827/797 779/828/798 644/689/662 777/826/796
f 778/827/797 780/829/799 660/705/678 779/828/798
f 778/827/797 775/825/795 781/830/800 780/829/799
f 781/830/800 775/825/795 776/824/794 782/831/801
f 781/830/800 783/832/802 665/710/683 780/829/799
f 781/830/800 782/831/801 784/833/803 783/832/802
f 784/833/803 782/831/801 786/834/804 785/835/805
f 784/833/803 787/836/806 670/715/688 783/832/802
f 784/833/803 785/835/805 788/837/807 787/836/806
f 788/837/807 785/835/805 790/838/808 789/839/809
f 788/837/807 791/840/810 675/720/693 787/836/806
f 788/837/807 789/839/809 792/841/811 791/840/810
f 792/841/811 789/839/809 794/842/812 793/843/813
f 792/841/811 795/844/814 680/725/698 791/840/810
f 792/841/811 793/843/813 796/845/815 795/844/814
f 796/845/815 793/843/813 798/846/816 797/847/817
f 796/845/815 799/848/818 685/730/703 795/844/814
f 796/845/815 797/847/817 800/849/819 799/848/818
f 800/849/819 797/847/817 802/850/820 801/851/821
f 800/849/819 803/852/822 690/735/708 799/848/818
f 800/849/819 801/851/821 804/853/823 803/852/822
f 804/853/823 801/851/821 806/854/824 805/855/825
f 804/853/823 807/856/826 695/740/713 803/852/822
f 804/853/823 805/855/825 808/857/827 807/856/826
f 808/857/827 805/855/825 810/858/828 809/859/829
f 808/857/827 811/860/830 700/745/718 807/856/826
f 808/857/827 809/859/829 812/861/831 811/860/830
f 812/861/831 809/859/829 814/862/832 813/863/833
f 812/861/831 815/864/834 705/750/723 811/860/830
f 812/861/831 813/863/833 816/865/835 815/864/834
f 816/865/835 813/863/833 818/866/836 817/867/837
f 816/865/835 819/868/838 710/755/728 815/864/834
f 816/865/835 817/867/837 820/869/839 819/868/838
f 820/869/839 817/867/837 822/870/840 821/871/841
f 820/869/839 823/872/842 715/760/733 819/868/838
f 820/869/839 821/871/841 824/873/843 823/872/842
f 824/873/843 821/871/841 826/874/844 825/875/845
f 824/873/843 827/876/846 722/877/741 823/872/842
f 824/873/843 825/875/845 828/878/847 827/876/846
f 828/879/847 831/880/848 830/881/849 829/882/850
f 828/878/847 825/875/845 832/883/851 831/884/848
f 828/879/847 829/882/850 833/885/852 827/886/846
f 833/885/852 829/882/850 835/887/853 834/888/854
f 833/885/852 721/768/738 722/771/741 827/886/846
f 833/885/852 834/888/854 720/769/739 721/768/738
f 835/887/853 838/889/855 837/890/856 836/891/857
f 835/887/853 829/882/850 830/881/849 838/889/855
f 835/887/853 836/891/857 839/892/858 834/888/854
f 839/892/858 836/891/857 841/893/859 840/894/860
f 839/892/858 842/895/861 720/769/739 834/888/854
f 839/892/858 840/894/860 843/896/862 842/895/861
f 843/896/862 840/894/860 845/897/863 844/898/864
f 843/896/862 846/899/865 725/773/743 842/895/861
f 843/896/862 844/898/864 847/900/866 846/899/865
f 847/900/866 844/898/864 849/901/867 848/902/868
f 847/900/866 850/903/869 729/777/747 846/899/865
f 847/900/866 848/902/868 851/904/870 850/903/869
f 851/904/870 848/902/868 853/905/871 852/906/872
f 851/904/870 854/907/873 734/782/752 850/903/869
f 851/904/870 852/906/872 855/908/874 854/907/873
f 855/908/874 852/906/872 857/909/875 856/910/876
f 855/908/874 858/911/877 739/787/757 854/907/873
f 855/908/874 856/910/876 859/912/878 858/911/877
f 859/912/878 856/910/876 861/913/879 860/914/880
f 859/912/878 862/915/881 744/792/762 858/911/877
f 859/912/878 860/914/880 863/916/882 862/915/881
f 863/916/882 860/914/880 319/356/338 864/917/883
f 863/916/882 757/804/774 749/797/767 862/915/881
f 863/916/882 864/917/883 756/805/775 757/804/774
f 864/917/883 319/356/338 317/355/337 865/918/884
f 864/917/883 865/918/884 763/810/780 756/805/775
f 865/918/884 317/355/337 318/354/336 866/919/885
f 865/918/884 866/919/885 762/811/781 763/810/780
f 866/919/885 318/354/336 868/920/886 867/921/887
f 866/919/885 867/921/887 769/816/786 762/811/781
f 868/920/886 320/358/340 870/922/888 869/923/889
f 868/920/886 318/354/336 315/353/335 320/358/340
f 868/920/886 869/923/889 871/924/890 867/921/887
f 871/924/890 869/923/889 873/925/891 872/926/892
f 871/924/890 768/817/787 769/816/786 867/921/887
f 871/924/890 872/926/892 874/927/893 768/817/787
f 874/927/893 772/820/790 767/818/788 768/817/787
f 874/927/893 876/928/894 875/929/895 772/820/790
f 874/927/893 872/926/892 877/930/896 876/928/894
f 877/930/896 872/926/892 873/925/891 878/931/897
f 877/930/896 880/932/898 879/933/899 876/928/894
f 877/930/896 878/931/897 881/934/900 880/932/898
f 881/934/900 878/931/897 883/935/901 882/936/902
f 881/934/900 885/937/903 884/938/904 880/932/898
f 881/934/900 882/936/902 886/939/905 885/937/903
f 886/939/905 882/936/902 888/940/906 887/941/907
f 886/939/905 890/942/908 889/943/909 885/937/903
f 886/939/905 887/941/907 891/944/910 890/942/908
f 891/944/910 887/941/907 893/945/911 892/946/912
f 891/944/910 895/947/913 894/948/914 890/942/908
f 891/944/910 892/946/912 896/949/915 895/947/913
f 896/949/915 892/946/912 898/950/916 897/951/917
f 896/949/915 900/952/918 899/953/919 895/947/913
f 896/949/915 897/951/917 901/954/920 900/952/918
f 901/954/920 897/951/917 903/955/921 902/956/922
f 901/954/920 905/957/923 904/958/924 900/952/918
f 901/954/920 902/956/922 906/959/925 905/957/923
f 906/959/925 902/956/922 908/960/926 907/961/927
f 906/959/925 910/962/928 909/963/929 905/957/923
f 906/959/925 907/961/927 911/964/930 910/962/928
f 911/964/930 907/961/927 913/965/931 912/966/932
f 911/964/930 915/967/933 914/968/934 910/962/928
f 911/964/930 912/966/932 916/969/935 915/967/933
f 916/969/935 912/966/932 918/970/936 917/971/937
f 916/969/935 920/972/938 919/973/939 915/967/933
f 916/969/935 917/971/937 921/974/940 920/972/938
f 921/974/940 917/971/937 923/975/941 922/976/942
f 921/974/940 925/977/943 924/978/944 920/972/938
f 921/974/940 922/976/942 926/979/945 925/977/943
f 926/979/945 922/976/942 928/980/946 927/981/947
f 926/979/945 930/982/948 929/983/949 925/977/943
f 926/979/945 927/981/947 931/984/950 930/982/948
f 931/984/950 934/985/951 933/986/952 932/987/953
f 931/984/950 927/981/947 935/988/954 934/985/951
f 931/984/950 932/987/953 936/989/955 930/982/948
f 936/989/955 832/883/851 929/983/949 930/982/948
f 936/989/955 937/990/956 831/884/848 832/883/851
f 936/989/955 932/987/953 938/991/957 937/990/956
f 938/992/957 941/993/958 940/994/959 939/995/960
f 938/991/957 932/987/953 933/986/952 941/996/958
f 938/992/957 939/995/960 942/997/961 937/998/956
f 942/997/961 939/995/960 944/999/962 943/1000/963
f 942/997/961 830/881/849 831/880/848 937/998/956
f 942/997/961 943/1000/963 838/889/855 830/881/849
f 944/999/962 947/1001/964 946/1002/965 945/1003/966
f 944/999/962 939/995/960 940/994/959 947/1001/964
f 944/999/962 945/1003/966 948/1004/967 943/1000/963
f 948/1004/967 945/1003/966 950/1005/968 949/1006/969
f 948/1004/967 837/890/856 838/889/855 943/1000/963
f 948/1004/967 949/1006/969 951/1007/970 837/890/856
f 951/1007/970 949/1006/969 953/1008/971 952/1009/972
f 951/1007/970 841/893/859 836/891/857 837/890/856
f 951/1007/970 952/1009/972 954/1010/973 841/893/859
f 954/1010/973 952/1009/972 956/1011/974 955/1012/975
f 954/1010/973 845/897/863 840/894/860 841/893/859
f 954/1010/973 955/1012/975 957/1013/976 845/897/863
f 957/1013/976 955/1012/975 959/1014/977 958/1015/978
f 957/1013/976 849/901/867 844/898/864 845/897/863
f 957/1013/976 958/1015/978 960/1016/979 849/901/867
f 960/1016/979 958/1015/978 962/1017/980 961/1018/981
f 960/1016/979 853/905/871 848/902/868 849/901/867
f 960/1016/979 961/1018/981 963/1019/982 853/905/871
f 963/1019/982 961/1018/981 965/1020/983 964/1021/984
f 963/1019/982 857/909/875 852/906/872 853/905/871
f 963/1019/982 964/1021/984 966/1022/985 857/909/875
f 966/1022/985 964/1021/984 323/359/341 83/352/334
f 966/1022/985 861/913/879 856/910/876 857/909/875
f 966/1022/985 83/352/334 316/351/333 861/913/879
f 965/1020/983 969/1023/986 968/1024/987 967/1025/988
f 965/1020/983 961/1018/981 962/1017/980 969/1023/986
f 965/1020/983 967/1025/988 323/359/341 964/1021/984
f 969/1023/986 971/1026/989 970/1027/990 968/1024/987
f 969/1023/986 962/1017/980 972/1028/991 971/1026/989
f 972/1028/991 974/1029/992 973/1030/993 971/1026/989
f 972/1028/991 959/1014/977 975/1031/994 974/1029/992
f 972/1028/991 962/1017/980 958/1015/978 959/1014/977
f 975/1031/994 977/1032/995 976/1033/996 974/1029/992
f 975/1031/994 956/1011/974 978/1034/997 977/1032/995
f 975/1031/994 959/1014/977 955/1012/975 956/1011/974
f 978/1034/997 980/1035/998 979/1036/999 977/1032/995
f 978/1034/997 953/1008/971 981/1037/1000 980/1035/998
f 978/1034/997 956/1011/974 952/1009/972 953/1008/971
f 981/1037/1000 983/1038/1001 982/1039/1002 980/1035/998
f 981/1037/1000 950/1005/968 984/1040/1003 983/1038/1001
f 981/1037/1000 953/1008/971 949/1006/969 950/1005/968
f 984/1040/1003 986/1041/1004 985/1042/1005 983/1038/1001
f 984/1040/1003 946/1002/965 987/1043/1006 986/1041/1004
f 984/1040/1003 950/1005/968 945/1003/966 946/1002/965
f 987/1043/1006 989/1044/1007 988/1045/1008 986/1041/1004
f 987/1043/1006 991/1046/1009 990/1047/1010 989/1044/1007
f 987/1043/1006 946/1002/965 947/1001/964 991/1046/1009
f 991/1046/1009 993/1048/1011 992/1049/1012 990/1047/1010
f 991/1046/1009 947/1001/964 940/994/959 993/1048/1011
f 993/1048/1011 995/1050/1013 994/1051/1014 992/1049/1012
f 993/1048/1011 940/994/959 941/993/958 995/1050/1013
f 995/1052/1013 997/1053/1015 996/1054/1016 994/1055/1014
f 995/1052/1013 941/996/958 933/986/952 997/1053/1015
f 997/1053/1015 999/1056/1017 998/1057/1018 996/1054/1016
f 997/1053/1015 933/986/952 934/985/951 999/1056/1017
f 999/1056/1017 1001/1058/1019 1000/1059/1020 998/1057/1018
f 999/1056/1017 934/985/951 935/988/954 1001/1058/1019
f 1001/1058/1019 1003/1060/1021 1002/1061/1022 1000/1059/1020
f 1001/1058/1019 935/988/954 1004/1062/1023 1003/1060/1021
f 1004/1062/1023 1006/1063/1024 1005/1064/1025 1003/1060/1021
f 1004/1062/1023 928/980/946 1007/1065/1026 1006/1063/1024
f 1004/1062/1023 935/988/954 927/981/947 928/980/946
f 1007/1065/1026 1009/1066/1027 1008/1067/1028 1006/1063/1024
f 1007/1065/1026 923/975/941 1010/1068/1029 1009/1066/1027
f 1007/1065/1026 928/980/946 922/976/942 923/975/941
f 1010/1068/1029 1012/1069/1030 1011/1070/1031 1009/1066/1027
f 1010/1068/1029 918/970/936 1013/1071/1032 1012/1069/1030
f 1010/1068/1029 923/975/941 917/971/937 918/970/936
f 1013/1071/1032 1015/1072/1033 1014/1073/1034 1012/1069/1030
f 1013/1071/1032 913/965/931 1016/1074/1035 1015/1072/1033
f 1013/1071/1032 918/970/936 912/966/932 913/965/931
f 1016/1074/1035 1018/1075/1036 1017/1076/1037 1015/1072/1033
f 1016/1074/1035 908/960/926 1019/1077/1038 1018/1075/1036
f 1016/1074/1035 913/965/931 907/961/927 908/960/926
f 1019/1077/1038 1021/1078/1039 1020/1079/1040 1018/1075/1036
f 1019/1077/1038 903/955/921 1022/1080/1041 1021/1078/1039
f 1019/1077/1038 908/960/926 902/956/922 903/955/921
f 1022/1080/1041 1024/1081/1042 1023/1082/1043 1021/1078/1039
f 1022/1080/1041 898/950/916 1025/1083/1044 1024/1081/1042
f 1022/1080/1041 903/955/921 897/951/917 898/950/916
f 1025/1083/1044 1027/1084/1045 1026/1085/1046 1024/1081/1042
f 1025/1083/1044 893/945/911 1028/1086/1047 1027/1084/1045
f 1025/1083/1044 898/950/916 892/946/912 893/945/911
f 1028/1086/1047 1030/1087/1048 1029/1088/1049 1027/1084/1045
f 1028/1086/1047 888/940/906 1031/1089/1050 1030/1087/1048
f 1028/1086/1047 893/945/911 887/941/907 888/940/906
f 1031/1089/1050 1033/1090/1051 1032/1091/1052 1030/1087/1048
f 1031/1089/1050 883/935/901 1034/1092/1053 1033/1090/1051
f 1031/1089/1050 888/940/906 882/936/902 883/935/901
f 1034/1092/1053 870/922/888 1035/1093/1054 1033/1090/1051
f 1034/1092/1053 873/925/891 869/923/889 870/922/888
f 1034/1092/1053 883/935/901 878/931/897 873/925/891
f 1035/1093/1054 321/357/339 322/360/342 1036/1094/1055
f 1035/1093/1054 870/922/888 320/358/340 321/357/339
f 1035/1093/1054 1036/1094/1055 1032/1091/1052 1033/1090/1051
f 1036/1094/1055 322/360/342 1038/1095/1056 1037/1096/1057
f 1036/1094/1055 1037/1096/1057 1039/1097/1058 1032/1091/1052
f 1039/1097/1058 1037/1096/1057 1041/1098/1059 1040/1099/1060
f 1039/1097/1058 1029/1088/1049 1030/1087/1048 1032/1091/1052
f 1039/1097/1058 1040/1099/1060 1042/1100/1061 1029/1088/1049
f 1042/1100/1061 1040/1099/1060 1044/1101/1062 1043/1102/1063
f 1042/1100/1061 1026/1085/1046 1027/1084/1045 1029/1088/1049
f 1042/1100/1061 1043/1102/1063 1045/1103/1064 1026/1085/1046
f 1045/1103/1064 1043/1102/1063 1047/1104/1065 1046/1105/1066
f 1045/1103/1064 1023/1082/1043 1024/1081/1042 1026/1085/1046
f 1045/1103/1064 1046/1105/1066 1048/1106/1067 1023/1082/1043
f 1048/1106/1067 1046/1105/1066 1050/1107/1068 1049/1108/1069
f 1048/1106/1067 1020/1079/1040 1021/1078/1039 1023/1082/1043
f 1048/1106/1067 1049/1108/1069 1051/1109/1070 1020/1079/1040
f 1051/1109/1070 1049/1108/1069 1053/1110/1071 1052/1111/1072
f 1051/1109/1070 1017/1076/1037 1018/1075/1036 1020/1079/1040
f 1051/1109/1070 1052/1111/1072 1054/1112/1073 1017/1076/1037
f 1054/1112/1073 1052/1111/1072 1056/1113/1074 1055/1114/1075
f 1054/1112/1073 1014/1073/1034 1015/1072/1033 1017/1076/1037
f 1054/1112/1073 1055/1114/1075 1057/1115/1076 1014/1073/1034
f 1057/1115/1076 1055/1114/1075 1059/1116/1077 1058/1117/1078
f 1057/1115/1076 1011/1070/1031 1012/1069/1030 1014/1073/1034
f 1057/1115/1076 1058/1117/1078 1060/1118/1079 1011/1070/1031
f 1060/1118/1079 1058/1117/1078 1062/1119/1080 1061/1120/1081
f 1060/1118/1079 1008/1067/1028 1009/1066/1027 1011/1070/1031
f 1060/1118/1079 1061/1120/1081 1063/1121/1082 1008/1067/1028
f 1063/1121/1082 1061/1120/1081 1065/1122/1083 1064/1123/1084
f 1063/1121/1082 1005/1064/1025 1006/1063/1024 1008/1067/1028
f 1063/1121/1082 1064/1123/1084 1066/1124/1085 1005/1064/1025
f 1066/1124/1085 1068/1125/1086 1067/1126/1087 1002/1061/1022
f 1066/1124/1085 1064/1123/1084 1069/1127/1088 1068/1125/1086
f 1066/1124/1085 1002/1061/1022 1003/1060/1021 1005/1064/1025
f 1069/1127/1088 1071/1128/1089 1070/1129/1090 1068/1125/1086
f 1069/1127/1088 1073/1130/1091 1072/1131/1092 1071/1128/1089
f 1069/1127/1088 1064/1123/1084 1065/1122/1083 1073/1130/1091
f 1073/1130/1091 1075/1132/1093 1074/1133/1094 1072/1131/1092
f 1073/1130/1091 1065/1122/1083 1076/1134/1095 1075/1132/1093
f 1076/1134/1095 1078/1135/1096 1077/1136/1097 1075/1132/1093
f 1076/1134/1095 1062/1119/1080 1079/1137/1098 1078/1135/1096
f 1076/1134/1095 1065/1122/1083 1061/1120/1081 1062/1119/1080
f 1079/1137/1098 1081/1138/1099 1080/1139/1100 1078/1135/1096
f 1079/1137/1098 1059/1116/1077 1082/1140/1101 1081/1138/1099
f 1079/1137/1098 1062/1119/1080 1058/1117/1078 1059/1116/1077
f 1082/1140/1101 1084/1141/1102 1083/1142/1103 1081/1138/1099
f 1082/1140/1101 1056/1113/1074 1085/1143/1104 1084/1141/1102
f 1082/1140/1101 1059/1116/1077 1055/1114/1075 1056/1113/1074
f 1085/1143/1104 1087/1144/1105 1086/1145/1106 1084/1141/1102
f 1085/1143/1104 1053/1110/1071 1088/1146/1107 1087/1144/1105
f 1085/1143/1104 1056/1113/1074 1052/1111/1072 1053/1110/1071
f 1088/1146/1107 1090/1147/1108 1089/1148/1109 1087/1144/1105
f 1088/1146/1107 1050/1107/1068 1091/1149/1110 1090/1147/1108
f 1088/1146/1107 1053/1110/1071 1049/1108/1069 1050/1107/1068
f 1091/1149/1110 1093/1150/1111 1092/1151/1112 1090/1147/1108
f 1091/1149/1110 1047/1104/1065 1094/1152/1113 1093/1150/1111
f 1091/1149/1110 1050/1107/1068 1046/1105/1066 1047/1104/1065
f 1094/1152/1113 1096/1153/1114 1095/1154/1115 1093/1150/1111
f 1094/1152/1113 1044/1101/1062 1097/1155/1116 1096/1153/1114
f 1094/1152/1113 1047/1104/1065 1043/1102/1063 1044/1101/1062
f 1097/1155/1116 1099/1156/1117 1098/1157/1118 1096/1153/1114
f 1097/1155/1116 1041/1098/1059 1100/1158/1119 1099/1156/1117
f 1097/1155/1116 1044/1101/1062 1040/1099/1060 1041/1098/1059
f 1100/1158/1119 968/1024/987 970/1027/990 1099/1156/1117
f 1100/1158/1119 1038/1095/1056 967/1025/988 968/1024/987
f 1100/1158/1119 1041/1098/1059 1037/1096/1057 1038/1095/1056
f 1099/1156/1117 970/1027/990 1101/1159/1120 1098/1157/1118
f 1101/1159/1120 1103/1160/1121 1102/1161/1122 1098/1157/1118
f 1101/1159/1120 973/1030/993 1104/1162/1123 1103/1160/1121
f 1101/1159/1120 970/1027/990 971/1026/989 973/1030/993
f 1104/1162/1123 1106/1163/1124 1105/1164/1125 1103/1160/1121
f 1104/1162/1123 976/1033/996 1107/1165/1126 1106/1163/1124
f 1104/1162/1123 973/1030/993 974/1029/992 976/1033/996
f 1107/1165/1126 1109/1166/1127 1108/1167/1128 1106/1163/1124
f 1107/1165/1126 979/1036/999 1110/1168/1129 1109/1166/1127
f 1107/1165/1126 976/1033/996 977/1032/995 979/1036/999
f 1110/1168/1129 1112/1169/1130 1111/1170/1131 1109/1166/1127
f 1110/1168/1129 982/1039/1002 1113/1171/1132 1112/1169/1130
f 1110/1168/1129 979/1036/999 980/1035/998 982/1039/1002
f 1113/1171/1132 1115/1172/1133 1114/1173/1134 1112/1169/1130
f 1113/1171/1132 985/1042/1005 1116/1174/1135 1115/1172/1133
f 1113/1171/1132 982/1039/1002 983/1038/1001 985/1042/1005
f 1116/1174/1135 1118/1175/1136 1117/1176/1137 1115/1172/1133
f 1116/1174/1135 988/1045/1008 1119/1177/1138 1118/1175/1136
f 1116/1174/1135 985/1042/1005 986/1041/1004 988/1045/1008
f 1119/1177/1138 1121/1178/1139 1120/1179/1140 1118/1175/1136
f 1119/1177/1138 1123/1180/1141 1122/1181/1142 1121/1178/1139
f 1119/1177/1138 988/1045/1008 989/1044/1007 1123/1180/1141
f 1123/1180/1141 1125/1182/1143 1124/1183/1144 1122/1181/1142
f 1123/1180/1141 989/1044/1007 990/1047/1010 1125/1182/1143
f 1125/1182/1143 1127/1184/1145 1126/1185/1146 1124/1183/1144
f 1125/1182/1143 990/1047/1010 992/1049/1012 1127/1184/1145
f 1127/1184/1145 1129/1186/1147 1128/1187/1148 1126/1185/1146
f 1127/1184/1145 992/1049/1012 994/1051/1014 1129/1186/1147
f 1129/1188/1147 1131/1189/1149 1130/1190/1150 1128/1191/1148
f 1129/1188/1147 994/1055/1014 996/1054/1016 1131/1189/1149
f 1131/1189/1149 1133/1192/1151 1132/1193/1152 1130/1190/1150
f 1131/1189/1149 996/1054/1016 998/1057/1018 1133/1192/1151
f 1133/1192/1151 1135/1194/1153 1134/1195/1154 1132/1193/1152
f 1133/1192/1151 998/1057/1018 1000/1059/1020 1135/1194/1153
f 1135/1194/1153 1067/1126/1087 1136/1196/1155 1134/1195/1154
f 1135/1194/1153 1000/1059/1020 1002/1061/1022 1067/1126/1087
f 1136/1196/1155 1138/1197/1156 1137/1198/1157 1134/1195/1154
f 1136/1196/1155 1070/1129/1090 1139/1199/1158 1138/1197/1156
f 1136/1196/1155 1067/1126/1087 1068/1125/1086 1070/1129/1090
f 1139/1199/1158 1141/1200/1159 1140/1201/1160 1138/1197/1156
f 1139/1199/1158 1143/1202/1161 1142/1203/1162 1141/1200/1159
f 1139/1199/1158 1070/1129/1090 1071/1128/1089 1143/1202/1161
f 1143/1202/1161 1145/1204/1163 1144/1205/1164 1142/1203/1162
f 1143/1202/1161 1071/1128/1089 1072/1131/1092 1145/1204/1163
f 1145/1204/1163 1147/1206/1165 1146/1207/1166 1144/1205/1164
f 1145/1204/1163 1072/1131/1092 1074/1133/1094 1147/1206/1165
f 1147/1206/1165 1149/1208/1167 1148/1209/1168 1146/1207/1166
f 1147/1206/1165 1074/1133/1094 1150/1210/1169 1149/1208/1167
f 1150/1210/1169 1152/1211/1170 1151/1212/1171 1149/1208/1167
f 1150/1210/1169 1077/1136/1097 1153/1213/1172 1152/1211/1170
f 1150/1210/1169 1074/1133/1094 1075/1132/1093 1077/1136/1097
f 1153/1213/1172 1155/1214/1173 1154/1215/1174 1152/1211/1170
f 1153/1213/1172 1080/1139/1100 1156/1216/1175 1155/1214/1173
f 1153/1213/1172 1077/1136/1097 1078/1135/1096 1080/1139/1100
f 1156/1216/1175 1158/1217/1176 1157/1218/1177 1155/1214/1173
f 1156/1216/1175 1083/1142/1103 1159/1219/1178 1158/1217/1176
f 1156/1216/1175 1080/1139/1100 1081/1138/1099 1083/1142/1103
f 1159/1219/1178 1161/1220/1179 1160/1221/1180 1158/1217/1176
f 1159/1219/1178 1086/1145/1106 1162/1222/1181 1161/1220/1179
f 1159/1219/1178 1083/1142/1103 1084/1141/1102 1086/1145/1106
f 1162/1222/1181 1164/1223/1182 1163/1224/1183 1161/1220/1179
f 1162/1222/1181 1089/1148/1109 1165/1225/1184 1164/1223/1182
f 1162/1222/1181 1086/1145/1106 1087/1144/1105 1089/1148/1109
f 1165/1225/1184 1167/1226/1185 1166/1227/1186 1164/1223/1182
f 1165/1225/1184 1092/1151/1112 1168/1228/1187 1167/1226/1185
f 1165/1225/1184 1089/1148/1109 1090/1147/1108 1092/1151/1112
f 1168/1228/1187 1170/1229/1188 1169/1230/1189 1167/1226/1185
f 1168/1228/1187 1095/1154/1115 1102/1161/1122 1170/1229/1188
f 1168/1228/1187 1092/1151/1112 1093/1150/1111 1095/1154/1115
f 1170/1229/1188 1105/1164/1125 1171/1231/1190 1169/1230/1189
f 1170/1229/1188 1102/1161/1122 1103/1160/1121 1105/1164/1125
f 1171/1231/1190 1173/1232/1191 1172/1233/1192 1169/1230/1189
f 1171/1231/1190 1108/1167/1128 1174/1234/1193 1173/1232/1191
f 1171/1231/1190 1105/1164/1125 1106/1163/1124 1108/1167/1128
f 1174/1234/1193 1176/1235/1194 1175/1236/1195 1173/1232/1191
f 1174/1234/1193 1111/1170/1131 1177/1237/1196 1176/1235/1194
f 1174/1234/1193 1108/1167/1128 1109/1166/1127 1111/1170/1131
f 1177/1237/1196 1179/1238/1197 1178/1239/1198 1176/1235/1194
f 1177/1237/1196 1114/1173/1134 1180/1240/1199 1179/1238/1197
f 1177/1237/1196 1111/1170/1131 1112/1169/1130 1114/1173/1134
f 1180/1240/1199 1182/1241/1200 1181/1242/1201 1179/1238/1197
f 1180/1240/1199 1117/1176/1137 1183/1243/1202 1182/1241/1200
f 1180/1240/1199 1114/1173/1134 1115/1172/1133 1117/1176/1137
f 1183/1243/1202 1185/1244/1203 1184/1245/1204 1182/1241/1200
f 1183/1243/1202 1120/1179/1140 1186/1246/1205 1185/1244/1203
f 1183/1243/1202 1117/1176/1137 1118/1175/1136 1120/1179/1140
f 1186/1246/1205 1188/1247/1206 1187/1248/1207 1185/1244/1203
f 1186/1246/1205 1190/1249/1208 1189/1250/1209 1188/1247/1206
f 1186/1246/1205 1120/1179/1140 1121/1178/1139 1190/1249/1208
f 1190/1249/1208 1192/1251/1210 1191/1252/1211 1189/1250/1209
f 1190/1249/1208 1121/1178/1139 1122/1181/1142 1192/1251/1210
f 1192/1251/1210 1194/1253/1212 1193/1254/1213 1191/1252/1211
f 1192/1251/1210 1122/1181/1142 1124/1183/1144 1194/1253/1212
f 1194/1253/1212 1196/1255/1214 1195/1256/1215 1193/1254/1213
f 1194/1253/1212 1124/1183/1144 1126/1185/1146 1196/1255/1214
f 1196/1255/1214 1198/1257/1216 1197/1258/1217 1195/1256/1215
f 1196/1255/1214 1126/1185/1146 1128/1187/1148 1198/1257/1216
f 1198/1259/1216 1200/1260/1218 1199/1261/1219 1197/1262/1217
f 1198/1259/1216 1128/1191/1148 1130/1190/1150 1200/1260/1218
f 1200/1260/1218 1202/1263/1220 1201/1264/1221 1199/1261/1219
f 1200/1260/1218 1130/1190/1150 1132/1193/1152 1202/1263/1220
f 1202/1263/1220 1137/1198/1157 1203/1265/1222 1201/1264/1221
f 1202/1263/1220 1132/1193/1152 1134/1195/1154 1137/1198/1157
f 1203/1265/1222 1205/1266/1223 1204/1267/1224 1201/1264/1221
f 1203/1265/1222 1140/1201/1160 1206/1268/1225 1205/1266/1223
f 1203/1265/1222 1137/1198/1157 1138/1197/1156 1140/1201/1160
f 1206/1268/1225 1208/1269/1226 1207/1270/1227 1205/1266/1223
f 1206/1268/1225 1210/1271/1228 1209/1272/1229 1208/1269/1226
f 1206/1268/1225 1140/1201/1160 1141/1200/1159 1210/1271/1228
f 1210/1271/1228 1212/1273/1230 1211/1274/1231 1209/1272/1229
f 1210/1271/1228 1141/1200/1159 1142/1203/1162 1212/1273/1230
f 1212/1273/1230 1214/1275/1232 1213/1276/1233 1211/1274/1231
f 1212/1273/1230 1142/1203/1162 1144/1205/1164 1214/1275/1232
f 1214/1275/1232 1216/1277/1234 1215/1278/1235 1213/1276/1233
f 1214/1275/1232 1144/1205/1164 1146/1207/1166 1216/1277/1234
f 1216/1277/1234 1218/1279/1236 1217/1280/1237 1215/1278/1235
f 1216/1277/1234 1146/1207/1166 1148/1209/1168 1218/1279/1236
f 1218/1279/1236 1220/1281/1238 1219/1282/1239 1217/1280/1237
f 1218/1279/1236 1148/1209/1168 1221/1283/1240 1220/1281/1238
f 1221/1283/1240 1223/1284/1241 1222/1285/1242 1220/1281/1238
f 1221/1283/1240 1151/1212/1171 1224/1286/1243 1223/1284/1241
f 1221/1283/1240 1148/1209/1168 1149/1208/1167 1151/1212/1171
f 1224/1286/1243 1226/1287/1244 1225/1288/1245 1223/1284/1241
f 1224/1286/1243 1154/1215/1174 1227/1289/1246 1226/1287/1244
f 1224/1286/1243 1151/1212/1171 1152/1211/1170 1154/1215/1174
f 1227/1289/1246 1229/1290/1247 1228/1291/1248 1226/1287/1244
f 1227/1289/1246 1157/1218/1177 1230/1292/1249 1229/1290/1247
f 1227/1289/1246 1154/1215/1174 1155/1214/1173 1157/1218/1177
f 1230/1292/1249 1232/1293/1250 1231/1294/1251 1229/1290/1247
f 1230/1292/1249 1160/1221/1180 1233/1295/1252 1232/1293/1250
f 1230/1292/1249 1157/1218/1177 1158/1217/1176 1160/1221/1180
f 1233/1295/1252 1235/1296/1253 1234/1297/1254 1232/1293/1250
f 1233/1295/1252 1163/1224/1183 1236/1298/1255 1235/1296/1253
f 1233/1295/1252 1160/1221/1180 1161/1220/1179 1163/1224/1183
f 1236/1298/1255 1238/1299/1256 1237/1300/1257 1235/1296/1253
f 1236/1298/1255 1166/1227/1186 1172/1233/1192 1238/1299/1256
f 1236/1298/1255 1163/1224/1183 1164/1223/1182 1166/1227/1186
f 1238/1299/1256 1175/1236/1195 1239/1301/1258 1237/1300/1257
f 1238/1299/1256 1172/1233/1192 1173/1232/1191 1175/1236/1195
f 1239/1301/1258 1241/1302/1259 1240/1303/1260 1237/1300/1257
f 1239/1301/1258 1178/1239/1198 1242/1304/1261 1241/1302/1259
f 1239/1301/1258 1175/1236/1195 1176/1235/1194 1178/1239/1198
f 1242/1304/1261 1244/1305/1262 1243/1306/1263 1241/1302/1259
f 1242/1304/1261 1181/1242/1201 1245/1307/1264 1244/1305/1262
f 1242/1304/1261 1178/1239/1198 1179/1238/1197 1181/1242/1201
f 1245/1307/1264 1247/1308/1265 1246/1309/1266 1244/1305/1262
f 1245/1307/1264 1184/1245/1204 1248/1310/1267 1247/1308/1265
f 1245/1307/1264 1181/1242/1201 1182/1241/1200 1184/1245/1204
f 1248/1310/1267 1250/1311/1268 1249/1312/1269 1247/1308/1265
f 1248/1310/1267 1187/1248/1207 1251/1313/1270 1250/1311/1268
f 1248/1310/1267 1184/1245/1204 1185/1244/1203 1187/1248/1207
f 1251/1313/1270 1253/1314/1271 1252/1315/1272 1250/1311/1268
f 1251/1313/1270 1255/1316/1273 1254/1317/1274 1253/1314/1271
f 1251/1313/1270 1187/1248/1207 1188/1247/1206 1255/1316/1273
f 1255/1316/1273 1257/1318/1275 1256/1319/1276 1254/1317/1274
f 1255/1316/1273 1188/1247/1206 1189/1250/1209 1257/1318/1275
f 1257/1318/1275 1259/1320/1277 1258/1321/1278 1256/1319/1276
f 1257/1318/1275 1189/1250/1209 1191/1252/1211 1259/1320/1277
f 1259/1320/1277 1261/1322/1279 1260/1323/1280 1258/1321/1278
f 1259/1320/1277 1191/1252/1211 1193/1254/1213 1261/1322/1279
f 1261/1322/1279 1263/1324/1281 1262/1325/1282 1260/1323/1280
f 1261/1322/1279 1193/1254/1213 1195/1256/1215 1263/1324/1281
f 1263/1324/1281 1265/1326/1283 1264/1327/1284 1262/1325/1282
f 1263/1324/1281 1195/1256/1215 1197/1258/1217 1265/1326/1283
f 1265/1328/1283 1267/1329/1285 1266/1330/1286 1264/1331/1284
f 1265/1328/1283 1197/1262/1217 1199/1261/1219 1267/1329/1285
f 1267/1329/1285 1204/1267/1224 1268/1332/1287 1266/1330/1286
f 1267/1329/1285 1199/1261/1219 1201/1264/1221 1204/1267/1224
f 1268/1332/1287 1204/1267/1224 1205/1266/1223 1207/1270/1227
f 1269/1333/1288 1222/1285/1242 1271/1334/1289 1270/1335/1290
f 1269/1333/1288 1219/1282/1239 1220/1281/1238 1222/1285/1242
f 1271/1334/1289 1273/1336/1291 1272/1337/1292 1270/1335/1290
f 1271/1334/1289 1225/1288/1245 1274/1338/1293 1273/1336/1291
f 1271/1334/1289 1222/1285/1242 1223/1284/1241 1225/1288/1245
f 1274/1338/1293 1276/1339/1294 1275/1340/1295 1273/1336/1291
f 1274/1338/1293 1228/1291/1248 1277/1341/1296 1276/1339/1294
f 1274/1338/1293 1225/1288/1245 1226/1287/1244 1228/1291/1248
f 1277/1341/1296 1279/1342/1297 1278/1343/1298 1276/1339/1294
f 1277/1341/1296 1231/1294/1251 1280/1344/1299 1279/1342/1297
f 1277/1341/1296 1228/1291/1248 1229/1290/1247 1231/1294/1251
f 1280/1344/1299 1282/1345/1300 1281/1346/1301 1279/1342/1297
f 1280/1344/1299 1234/1297/1254 1240/1303/1260 1282/1345/1300
f 1280/1344/1299 1231/1294/1251 1232/1293/1250 1234/1297/1254
f 1282/1345/1300 1243/1306/1263 1283/1347/1302 1281/1346/1301
f 1282/1345/1300 1240/1303/1260 1241/1302/1259 1243/1306/1263
f 1283/1347/1302 1246/1309/1266 1285/1348/1303 1284/1349/1304
f 1283/1347/1302 1243/1306/1263 1244/1305/1262 1246/1309/1266
f 1283/1347/1302 1284/1349/1304 1286/1350/1305 1281/1346/1301
f 1286/1350/1305 1284/1349/1304 1288/1351/1306 1287/1352/1307
f 1286/1350/1305 1278/1343/1298 1279/1342/1297 1281/1346/1301
f 1286/1350/1305 1287/1352/1307 1289/1353/1308 1278/1343/1298
f 1289/1353/1308 1287/1352/1307 1291/1354/1309 1290/1355/1310
f 1289/1353/1308 1275/1340/1295 1276/1339/1294 1278/1343/1298
f 1289/1353/1308 1290/1355/1310 1292/1356/1311 1275/1340/1295
f 1292/1356/1311 1272/1337/1292 1273/1336/1291 1275/1340/1295
f 1725/1357/1312 2402/1358/1313 2401/1359/1314 1723/1360/1315
f 1290/1361/1316 2441/1362/1317 2369/1363/1318 1292/1364/1319
f 1209/1365/1320 2440/1366/1321 2412/1367/1322 1208/1368/1323
f 1295/1369/1324 1298/1370/1325 1297/1371/1326 1296/1372/1327
f 1295/1369/1324 1293/1373/1328 1299/1374/1329 1298/1370/1325
f 1269/1375/1330 2367/1376/1331 2421/1377/1332 1219/1378/1333
f 1299/1374/1329 1302/1379/1334 1301/1380/1335 1300/1381/1336
f 1299/1374/1329 1293/1373/1328 1294/1382/1337 1302/1379/1334
f 1299/1374/1329 1300/1381/1336 1303/1383/1338 1298/1370/1325
f 1303/1383/1338 1300/1381/1336 1305/1384/1339 1304/1385/1340
f 1303/1383/1338 1306/1386/1341 1297/1371/1326 1298/1370/1325
f 1303/1383/1338 1304/1385/1340 1307/1387/1342 1306/1386/1341
f 1307/1387/1342 1308/1388/1343 175/187/175 176/186/174
f 1307/1387/1342 1304/1385/1340 1309/1389/1344 1308/1388/1343
f 1307/1387/1342 176/186/174 1310/1390/1345 1306/1386/1341
f 1310/1390/1345 176/186/174 177/185/173 1311/1391/1346
f 1310/1390/1345 1312/1392/1347 1297/1371/1326 1306/1386/1341
f 1310/1390/1345 1311/1391/1346 1313/1393/1348 1312/1392/1347
f 1313/1393/1348 1311/1391/1346 1315/1394/1349 1314/1395/1350
f 1313/1393/1348 1317/1396/1351 1316/1397/1352 1312/1392/1347
f 1313/1393/1348 1314/1395/1350 1318/1398/1353 1317/1396/1351
f 1318/1398/1353 1314/1395/1350 1320/1399/1354 1319/1400/1355
f 1291/1401/1356 2442/1402/1357 2441/1362/1317 1290/1361/1316
f 1330/1403/1358 2382/1404/1359 2381/1405/1360 1325/1406/1361
f 1320/1399/1354 1323/1407/1362 1322/1408/1363 1321/1409/1364
f 1320/1399/1354 1314/1395/1350 1315/1394/1349 1323/1407/1362
f 1320/1399/1354 1321/1409/1364 1324/1410/1365 1319/1400/1355
f 1324/1410/1365 1321/1409/1364 1326/1411/1366 1325/1412/1367
f 1342/1413/1368 2389/1414/1369 2390/1415/1370 1343/1416/1371
f 1354/1417/1372 2455/1418/1373 2452/1419/1374 1350/1420/1375
f 1326/1411/1366 1329/1421/1376 1328/1422/1377 1327/1423/1378
f 1326/1411/1366 1321/1409/1364 1322/1408/1363 1329/1421/1376
f 1326/1411/1366 1327/1423/1378 1330/1424/1379 1325/1412/1367
f 1330/1424/1379 1327/1423/1378 1332/1425/1380 1331/1426/1381
f 1325/1406/1361 2381/1405/1360 2426/1427/1382 1324/1428/1383
f 1318/1429/1384 2378/1430/1385 2380/1431/1386 1317/1432/1387
f 1332/1433/1380 1335/1434/1388 1334/1435/1389 1333/1436/1390
f 1332/1425/1380 1327/1423/1378 1328/1422/1377 1335/1437/1388
f 1332/1433/1380 1333/1436/1390 1336/1438/1391 1331/1439/1381
f 1336/1438/1391 1333/1436/1390 1338/1440/1392 1337/1441/1393
f 1350/1420/1375 2452/1419/1374 2450/1442/1394 1347/1443/1395
f 1722/1444/1396 2400/1445/1397 2442/1402/1357 1291/1401/1356
f 1344/1446/1398 2391/1447/1399 2407/1448/1400 1728/1449/1401
f 1296/1450/1402 2377/1451/1403 2425/1452/1404 1295/1453/1405
f 1292/1364/1319 2369/1363/1318 2371/1454/1406 1272/1455/1407
f 1262/1456/1408 2347/1457/1409 2384/1458/1410 1340/1459/1411
f 1317/1432/1387 2380/1431/1386 2444/1460/1412 1316/1461/1413
f 1340/1462/1414 1341/1463/1415 1260/1323/1280 1262/1325/1282
f 1268/1464/1416 2350/1465/1417 2349/1466/1418 1266/1467/1419
f 1347/1443/1395 2450/1442/1394 2449/1468/1420 1345/1469/1421
f 1272/1455/1407 2371/1454/1406 2368/1470/1422 1270/1471/1423
f 1331/1472/1424 2383/1473/1425 2382/1404/1359 1330/1403/1358
f 1342/1474/1426 1258/1321/1278 1260/1323/1280 1341/1463/1415
f 1342/1474/1426 1343/1475/1427 1256/1319/1276 1258/1321/1278
f 1730/1476/1428 2406/1477/1429 2405/1478/1430 1729/1479/1431
f 1343/1416/1371 2390/1415/1370 2391/1447/1399 1344/1446/1398
f 1264/1480/1432 2348/1481/1433 2347/1457/1409 1262/1456/1408
f 1219/1378/1333 2421/1377/1332 2416/1482/1434 1217/1483/1435
f 1207/1484/1436 2411/1485/1437 2350/1465/1417 1268/1464/1416
f 311/1486/1438 2454/1487/1439 2453/1488/1440 314/1489/1441
f 1347/1490/1442 1345/1491/1443 1349/1492/1444 1348/1493/1445
f 1345/1469/1421 2449/1468/1420 2409/1494/1446 1346/1495/1447
f 1347/1490/1442 1348/1493/1445 1351/1496/1448 1350/1497/1449
f 1351/1496/1448 1348/1493/1445 1353/1498/1450 1352/1499/1451
f 1351/1496/1448 1355/1500/1452 1354/1501/1453 1350/1497/1449
f 1351/1496/1448 1352/1499/1451 1356/1502/1454 1355/1500/1452
f 1356/1502/1454 1352/1499/1451 1358/1503/1455 1357/1504/1456
f 1356/1502/1454 1360/1505/1457 1359/1506/1458 1355/1500/1452
f 1356/1502/1454 1357/1504/1456 1361/1507/1459 1360/1505/1457
f 1361/1507/1459 1357/1504/1456 1363/1508/1460 1362/1509/1461
f 1361/1507/1459 1365/1510/1462 1364/1511/1463 1360/1505/1457
f 1361/1507/1459 1362/1509/1461 1366/1512/1464 1365/1510/1462
f 1366/1512/1464 1362/1509/1461 1368/1513/1465 1367/1514/1466
f 1366/1512/1464 1370/1515/1467 1369/1516/1468 1365/1510/1462
f 1366/1512/1464 1367/1514/1466 1371/1517/1469 1370/1515/1467
f 1371/1517/1469 1367/1514/1466 1373/1518/1470 1372/1519/1471
f 1371/1517/1469 1375/1520/1472 1374/1521/1473 1370/1515/1467
f 1371/1517/1469 1372/1519/1471 1376/1522/1474 1375/1520/1472
f 1376/1522/1474 1372/1519/1471 1378/1523/1475 1377/1524/1476
f 1376/1522/1474 1380/1525/1477 1379/1526/1478 1375/1520/1472
f 1376/1522/1474 1377/1524/1476 1381/1527/1479 1380/1525/1477
f 1381/1527/1479 1377/1524/1476 1383/1528/1480 1382/1529/1481
f 1381/1527/1479 1385/1530/1482 1384/1531/1483 1380/1525/1477
f 1381/1527/1479 1382/1529/1481 1386/1532/1484 1385/1530/1482
f 1386/1532/1484 1382/1529/1481 1388/1533/1485 1387/1534/1486
f 1386/1532/1484 1390/1535/1487 1389/1536/1488 1385/1530/1482
f 1386/1532/1484 1387/1534/1486 1391/1537/1489 1390/1535/1487
f 1391/1537/1489 1387/1534/1486 1393/1538/1490 1392/1539/1491
f 1391/1537/1489 1395/1540/1492 1394/1541/1493 1390/1535/1487
f 1391/1537/1489 1392/1539/1491 1396/1542/1494 1395/1540/1492
f 1396/1542/1494 1392/1539/1491 1398/1543/1495 1397/1544/1496
f 1396/1542/1494 1400/1545/1497 1399/1546/1498 1395/1540/1492
f 1396/1542/1494 1397/1544/1496 1401/1547/1499 1400/1545/1497
f 1401/1547/1499 1397/1544/1496 1403/1548/1500 1402/1549/1501
f 1401/1547/1499 1405/1550/1502 1404/1551/1503 1400/1545/1497
f 1401/1547/1499 1402/1549/1501 1406/1552/1504 1405/1550/1502
f 1406/1552/1504 1402/1549/1501 286/317/299 1407/1553/1505
f 1406/1552/1504 1409/1554/1506 1408/1555/1507 1405/1550/1502
f 1406/1552/1504 1407/1553/1505 1410/1556/1508 1409/1554/1506
f 1410/1556/1508 1407/1553/1505 172/179/167 173/182/170
f 1410/1556/1508 1412/1557/1509 1411/1558/1510 1409/1554/1506
f 1410/1556/1508 173/182/170 1413/1559/1511 1412/1557/1509
f 1413/1559/1511 173/182/170 168/178/166 1414/1560/1512
f 1413/1559/1511 1416/1561/1513 1415/1562/1514 1412/1557/1509
f 1413/1559/1511 1414/1560/1512 1417/1563/1515 1416/1561/1513
f 1417/1563/1515 1414/1560/1512 1419/1564/1516 1418/1565/1517
f 1417/1563/1515 98/91/86 99/90/85 1416/1561/1513
f 1417/1563/1515 1418/1565/1517 1420/1566/1518 98/91/86
f 1420/1567/1518 1418/1568/1517 1422/1569/1519 1421/1570/1520
f 1420/1566/1518 1423/1571/1521 97/87/82 98/91/86
f 1420/1567/1518 1421/1570/1520 1424/1572/1522 1423/1573/1521
f 1424/1572/1522 1421/1570/1520 1426/1574/1523 1425/1575/1524
f 1424/1572/1522 1428/1576/1525 1427/1577/1526 1423/1573/1521
f 1424/1572/1522 1425/1575/1524 1429/1578/1527 1428/1576/1525
f 1429/1578/1527 1425/1575/1524 1431/1579/1528 1430/1580/1529
f 1429/1578/1527 1433/1581/1530 1432/1582/1531 1428/1576/1525
f 1429/1578/1527 1430/1580/1529 1434/1583/1532 1433/1581/1530
f 1434/1583/1532 1430/1580/1529 1436/1584/1533 1435/1585/1534
f 1434/1583/1532 1438/1586/1535 1437/1587/1536 1433/1581/1530
f 1434/1583/1532 1435/1585/1534 1439/1588/1537 1438/1586/1535
f 1439/1588/1537 1435/1585/1534 1441/1589/1538 1440/1590/1539
f 1439/1588/1537 1443/1591/1540 1442/1592/1541 1438/1586/1535
f 1439/1588/1537 1440/1590/1539 1444/1593/1542 1443/1591/1540
f 1444/1593/1542 1440/1590/1539 1446/1594/1543 1445/1595/1544
f 1444/1593/1542 1448/1596/1545 1447/1597/1546 1443/1591/1540
f 1444/1593/1542 1445/1595/1544 1449/1598/1547 1448/1596/1545
f 1449/1598/1547 1445/1595/1544 1451/1599/1548 1450/1600/1549
f 1449/1598/1547 1453/1601/1550 1452/1602/1551 1448/1596/1545
f 1449/1598/1547 1450/1600/1549 1454/1603/1552 1453/1601/1550
f 1454/1603/1552 1450/1600/1549 1456/1604/1553 1455/1605/1554
f 1454/1603/1552 1458/1606/1555 1457/1607/1556 1453/1601/1550
f 1454/1603/1552 1455/1605/1554 1459/1608/1557 1458/1606/1555
f 1459/1609/1557 1455/1610/1554 1461/1611/1558 1460/1612/1559
f 1459/1608/1557 1463/1613/1560 1462/1614/1561 1458/1606/1555
f 1459/1609/1557 1460/1612/1559 1464/1615/1562 1463/1616/1560
f 1464/1615/1562 1460/1612/1559 1466/1617/1563 1465/1618/1564
f 1464/1615/1562 1468/1619/1565 1467/1620/1566 1463/1616/1560
f 1464/1615/1562 1465/1618/1564 1469/1621/1567 1468/1619/1565
f 1469/1621/1567 1465/1618/1564 301/336/318 302/335/317
f 1469/1621/1567 1470/1622/1568 1334/1435/1389 1468/1619/1565
f 1469/1621/1567 302/335/317 313/349/331 1470/1622/1568
f 1470/1622/1568 1338/1440/1392 1333/1436/1390 1334/1435/1389
f 1470/1622/1568 313/349/331 314/348/330 1338/1440/1392
f 1468/1619/1565 1334/1435/1389 1335/1434/1388 1467/1620/1566
f 1467/1623/1566 1471/1624/1569 1462/1614/1561 1463/1613/1560
f 1467/1623/1566 1335/1437/1388 1328/1422/1377 1471/1624/1569
f 1471/1624/1569 1473/1625/1570 1472/1626/1571 1462/1614/1561
f 1471/1624/1569 1328/1422/1377 1329/1421/1376 1473/1625/1570
f 1473/1625/1570 1475/1627/1572 1474/1628/1573 1472/1626/1571
f 1473/1625/1570 1329/1421/1376 1322/1408/1363 1475/1627/1572
f 1475/1627/1572 1477/1629/1574 1476/1630/1575 1474/1628/1573
f 1475/1627/1572 1322/1408/1363 1323/1407/1362 1477/1629/1574
f 1477/1629/1574 181/191/179 179/190/178 1476/1630/1575
f 1477/1629/1574 1323/1407/1362 1315/1394/1349 181/191/179
f 1476/1630/1575 1479/1631/1576 1478/1632/1577 1474/1628/1573
f 1476/1630/1575 179/190/178 180/189/177 1479/1631/1576
f 1479/1631/1576 1480/1633/1578 1452/1602/1551 1478/1632/1577
f 1479/1631/1576 180/189/177 1481/1634/1579 1480/1633/1578
f 1481/1634/1579 1482/1635/1580 1447/1597/1546 1480/1633/1578
f 1481/1634/1579 126/120/115 129/124/119 1482/1635/1580
f 1481/1634/1579 180/189/177 125/121/116 126/120/115
f 1482/1635/1580 1442/1592/1541 1443/1591/1540 1447/1597/1546
f 1482/1635/1580 129/124/119 1483/1636/1581 1442/1592/1541
f 1483/1636/1581 1437/1587/1536 1438/1586/1535 1442/1592/1541
f 1483/1636/1581 1485/1637/1582 1484/1638/1583 1437/1587/1536
f 1483/1636/1581 129/124/119 127/123/118 1485/1637/1582
f 1485/1637/1582 1487/1639/1584 1486/1640/1585 1484/1638/1583
f 1485/1637/1582 127/123/118 128/122/117 1487/1639/1584
f 1487/1639/1584 1489/1641/1586 1488/1642/1587 1486/1640/1585
f 1487/1639/1584 128/122/117 1490/1643/1588 1489/1641/1586
f 1490/1643/1588 1492/1644/1589 1491/1645/1590 1489/1641/1586
f 1490/1643/1588 1494/1646/1591 1493/1647/1592 1492/1644/1589
f 1490/1643/1588 128/122/117 120/117/112 1494/1646/1591
f 1494/1646/1591 120/117/112 121/116/111 1495/1648/1593
f 1494/1646/1591 1495/1648/1593 1496/1649/1594 1493/1647/1592
f 1496/1649/1594 1495/1648/1593 1498/1650/1595 1497/1651/1596
f 1496/1649/1594 1500/1652/1597 1499/1653/1598 1493/1647/1592
f 1496/1649/1594 1497/1651/1596 1501/1654/1599 1500/1652/1597
f 1501/1654/1599 1497/1651/1596 1503/1655/1600 1502/1656/1601
f 1501/1654/1599 1505/1657/1602 1504/1658/1603 1500/1652/1597
f 1501/1654/1599 1502/1656/1601 1506/1659/1604 1505/1657/1602
f 1506/1659/1604 1502/1656/1601 1508/1660/1605 1507/1661/1606
f 1506/1659/1604 1510/1662/1607 1509/1663/1608 1505/1657/1602
f 1506/1659/1604 1507/1661/1606 1511/1664/1609 1510/1662/1607
f 1511/1664/1609 1507/1661/1606 1513/1665/1610 1512/1666/1611
f 1511/1664/1609 1515/1667/1612 1514/1668/1613 1510/1662/1607
f 1511/1664/1609 1512/1666/1611 1516/1669/1614 1515/1667/1612
f 1516/1669/1614 1512/1666/1611 1518/1670/1615 1517/1671/1616
f 1516/1669/1614 1520/1672/1617 1519/1673/1618 1515/1667/1612
f 1516/1669/1614 1517/1671/1616 1521/1674/1619 1520/1672/1617
f 1521/1674/1619 1517/1671/1616 1523/1675/1620 1522/1676/1621
f 1521/1674/1619 1525/1677/1622 1524/1678/1623 1520/1672/1617
f 1521/1674/1619 1522/1676/1621 1526/1679/1624 1525/1677/1622
f 1526/1679/1624 1522/1676/1621 1528/1680/1625 1527/1681/1626
f 1526/1679/1624 1530/1682/1627 1529/1683/1628 1525/1677/1622
f 1526/1679/1624 1527/1681/1626 1531/1684/1629 1530/1682/1627
f 1531/1684/1629 1527/1681/1626 1533/1685/1630 1532/1686/1631
f 1531/1684/1629 1535/1687/1632 1534/1688/1633 1530/1682/1627
f 1531/1684/1629 1532/1686/1631 1536/1689/1634 1535/1687/1632
f 1536/1689/1634 1532/1686/1631 1538/1690/1635 1537/1691/1636
f 1536/1689/1634 1540/1692/1637 1539/1693/1638 1535/1687/1632
f 1536/1689/1634 1537/1691/1636 1541/1694/1639 1540/1692/1637
f 1541/1694/1639 1537/1691/1636 1543/1695/1640 1542/1696/1641
f 1541/1694/1639 1545/1697/1642 1544/1698/1643 1540/1692/1637
f 1541/1694/1639 1542/1696/1641 1546/1699/1644 1545/1697/1642
f 1546/1699/1644 1542/1696/1641 1548/1700/1645 1547/1701/1646
f 1546/1699/1644 1550/1702/1647 1549/1703/1648 1545/1697/1642
f 1546/1699/1644 1547/1701/1646 1551/1704/1649 1550/1702/1647
f 1551/1704/1649 1547/1701/1646 1553/1705/1650 1552/1706/1651
f 1551/1704/1649 1555/1707/1652 1554/1708/1653 1550/1702/1647
f 1551/1704/1649 1552/1706/1651 1556/1709/1654 1555/1707/1652
f 1556/1709/1654 1552/1706/1651 1558/1710/1655 1557/1711/1656
f 1556/1709/1654 1560/1712/1657 1559/1713/1658 1555/1707/1652
f 1556/1709/1654 1557/1711/1656 1561/1714/1659 1560/1712/1657
f 1561/1714/1659 1557/1711/1656 1563/1715/1660 1562/1716/1661
f 1561/1717/1659 1565/1718/1662 1564/1719/1663 1560/1720/1657
f 1561/1717/1659 1562/1721/1661 1566/1722/1664 1565/1718/1662
f 1566/1722/1664 1562/1721/1661 1568/1723/1665 1567/1724/1666
f 1566/1722/1664 1570/1725/1667 1569/1726/1668 1565/1718/1662
f 1566/1722/1664 1567/1724/1666 1571/1727/1669 1570/1725/1667
f 1571/1727/1669 1567/1724/1666 1573/1728/1670 1572/1729/1671
f 1571/1727/1669 1575/1730/1672 1574/1731/1673 1570/1725/1667
f 1571/1727/1669 1572/1729/1671 1576/1732/1674 1575/1730/1672
f 1576/1732/1674 1572/1729/1671 141/142/133 136/139/130
f 1576/1732/1674 278/309/291 274/307/289 1575/1730/1672
f 1576/1732/1674 136/139/130 137/138/129 278/309/291
f 1575/1730/1672 274/307/289 275/306/288 1574/1731/1673
f 1574/1731/1673 1577/1733/1675 1569/1726/1668 1570/1725/1667
f 1574/1731/1673 275/306/288 1578/1734/1676 1577/1733/1675
f 1578/1734/1676 1580/1735/1677 1579/1736/1678 1577/1733/1675
f 1578/1734/1676 1582/1737/1679 1581/1738/1680 1580/1735/1677
f 1578/1734/1676 275/306/288 276/305/287 1582/1737/1679
f 1582/1737/1679 1584/1739/1681 1583/1740/1682 1581/1738/1680
f 1582/1737/1679 276/305/287 277/308/290 1584/1739/1681
f 1584/1739/1681 279/313/295 280/312/294 1583/1740/1682
f 1584/1739/1681 277/308/290 284/316/298 279/313/295
f 1583/1740/1682 1586/1741/1683 1585/1742/1684 1581/1738/1680
f 1583/1740/1682 280/312/294 1587/1743/1685 1586/1741/1683
f 1587/1743/1685 1589/1744/1686 1588/1745/1687 1586/1741/1683
f 1587/1743/1685 1591/1746/1688 1590/1747/1689 1589/1744/1686
f 1587/1743/1685 280/312/294 281/311/293 1591/1746/1688
f 1591/1746/1688 1593/1748/1690 1592/1749/1691 1590/1747/1689
f 1591/1746/1688 281/311/293 282/315/297 1593/1748/1690
f 1593/1748/1690 1595/1750/1692 1594/1751/1693 1592/1749/1691
f 1593/1748/1690 282/315/297 1596/1752/1694 1595/1750/1692
f 1596/1752/1694 282/315/297 283/314/296 1597/1753/1695
f 1596/1752/1694 1599/1754/1696 1598/1755/1697 1595/1750/1692
f 1596/1752/1694 1597/1753/1695 1600/1756/1698 1599/1754/1696
f 1600/1756/1698 1597/1753/1695 1602/1757/1699 1601/1758/1700
f 1600/1756/1698 1604/1759/1701 1603/1760/1702 1599/1754/1696
f 1600/1756/1698 1601/1758/1700 1605/1761/1703 1604/1759/1701
f 1605/1761/1703 1601/1758/1700 270/301/283 1606/1762/1704
f 1605/1761/1703 1608/1763/1705 1607/1764/1706 1604/1759/1701
f 1605/1761/1703 1606/1762/1704 1609/1765/1707 1608/1763/1705
f 1609/1765/1707 1606/1762/1704 1611/1766/1708 1610/1767/1709
f 1609/1765/1707 1613/1768/1710 1612/1769/1711 1608/1763/1705
f 1609/1765/1707 1610/1767/1709 1614/1770/1712 1613/1768/1710
f 1614/1770/1712 1610/1767/1709 1616/1771/1713 1615/1772/1714
f 1614/1770/1712 1617/1773/1715 226/249/231 1613/1768/1710
f 1614/1770/1712 1615/1772/1714 1618/1774/1716 1617/1773/1715
f 1618/1774/1716 1615/1772/1714 254/282/264 249/279/261
f 1618/1774/1716 1620/1775/1717 1619/1776/1718 1617/1773/1715
f 1618/1774/1716 249/279/261 250/278/260 1620/1775/1717
f 1620/1775/1717 1622/1777/1719 1621/1778/1720 1619/1776/1718
f 1620/1775/1717 250/278/260 1623/1779/1721 1622/1777/1719
f 1623/1779/1721 250/278/260 251/277/259 1624/1780/1722
f 1623/1779/1721 232/254/236 235/259/241 1622/1777/1719
f 1623/1779/1721 1624/1780/1722 231/255/237 232/254/236
f 1624/1780/1722 1626/1781/1723 1625/1782/1724 231/255/237
f 1624/1780/1722 251/277/259 252/281/263 1626/1781/1723
f 1626/1781/1723 1628/1783/1725 1627/1784/1726 1625/1782/1724
f 1626/1781/1723 252/281/263 1629/1785/1727 1628/1783/1725
f 1629/1785/1727 252/281/263 253/280/262 1630/1786/1728
f 1629/1785/1727 1632/1787/1729 1631/1788/1730 1628/1783/1725
f 1629/1785/1727 1630/1786/1728 1633/1789/1731 1632/1787/1729
f 1633/1789/1731 1630/1786/1728 1635/1790/1732 1634/1791/1733
f 1633/1789/1731 1637/1792/1734 1636/1793/1735 1632/1787/1729
f 1633/1789/1731 1634/1791/1733 1638/1794/1736 1637/1792/1734
f 1638/1794/1736 1634/1791/1733 1639/1795/1737 272/304/286
f 1638/1794/1736 1641/1796/1738 1640/1797/1739 1637/1792/1734
f 1638/1794/1736 272/304/286 273/303/285 1641/1796/1738
f 1641/1796/1738 137/138/129 138/137/128 1640/1797/1739
f 1641/1796/1738 273/303/285 278/309/291 137/138/129
f 1640/1797/1739 1642/1798/1740 1636/1793/1735 1637/1792/1734
f 1640/1797/1739 138/137/128 139/141/132 1642/1798/1740
f 1642/1798/1740 1644/1799/1741 1643/1800/1742 1636/1793/1735
f 1642/1798/1740 139/141/132 1645/1801/1743 1644/1799/1741
f 1645/1801/1743 1647/1802/1744 1646/1803/1745 1644/1799/1741
f 1645/1801/1743 1649/1804/1746 1648/1805/1747 1647/1802/1744
f 1645/1801/1743 139/141/132 140/140/131 1649/1804/1746
f 1649/1804/1746 1651/1806/1748 1650/1807/1749 1648/1805/1747
f 1649/1804/1746 140/140/131 141/142/133 1651/1806/1748
f 1651/1806/1748 1573/1728/1670 1652/1808/1750 1650/1807/1749
f 1651/1806/1748 141/142/133 1572/1729/1671 1573/1728/1670
f 1652/1809/1750 217/239/221 212/238/218 1650/1810/1749
f 1652/1809/1750 1568/1811/1665 1653/1812/1751 217/239/221
f 1652/1808/1750 1573/1728/1670 1567/1724/1666 1568/1723/1665
f 1653/1812/1751 1654/1813/1752 216/235/219 217/239/221
f 1653/1812/1751 1563/1715/1660 1655/1814/1753 1654/1813/1752
f 1653/1812/1751 1568/1811/1665 1562/1716/1661 1563/1715/1660
f 1655/1814/1753 1657/1815/1754 1656/1816/1755 1654/1813/1752
f 1655/1814/1753 1558/1710/1655 1658/1817/1756 1657/1815/1754
f 1655/1814/1753 1563/1715/1660 1557/1711/1656 1558/1710/1655
f 1658/1817/1756 1660/1818/1757 1659/1819/1758 1657/1815/1754
f 1658/1817/1756 1553/1705/1650 1661/1820/1759 1660/1818/1757
f 1658/1817/1756 1558/1710/1655 1552/1706/1651 1553/1705/1650
f 1661/1820/1759 1663/1821/1760 1662/1822/1761 1660/1818/1757
f 1661/1820/1759 1548/1700/1645 1664/1823/1762 1663/1821/1760
f 1661/1820/1759 1553/1705/1650 1547/1701/1646 1548/1700/1645
f 1664/1823/1762 1666/1824/1763 1665/1825/1764 1663/1821/1760
f 1664/1823/1762 1543/1695/1640 1667/1826/1765 1666/1824/1763
f 1664/1823/1762 1548/1700/1645 1542/1696/1641 1543/1695/1640
f 1667/1826/1765 1669/1827/1766 1668/1828/1767 1666/1824/1763
f 1667/1826/1765 1538/1690/1635 1670/1829/1768 1669/1827/1766
f 1667/1826/1765 1543/1695/1640 1537/1691/1636 1538/1690/1635
f 1670/1829/1768 1672/1830/1769 1671/1831/1770 1669/1827/1766
f 1670/1829/1768 1533/1685/1630 1673/1832/1771 1672/1830/1769
f 1670/1829/1768 1538/1690/1635 1532/1686/1631 1533/1685/1630
f 1673/1832/1771 115/109/104 116/108/103 1672/1830/1769
f 1673/1832/1771 1528/1680/1625 1674/1833/1772 115/109/104
f 1673/1832/1771 1533/1685/1630 1527/1681/1626 1528/1680/1625
f 1674/1833/1772 1675/1834/1773 114/110/105 115/109/104
f 1674/1833/1772 1523/1675/1620 1676/1835/1774 1675/1834/1773
f 1674/1833/1772 1528/1680/1625 1522/1676/1621 1523/1675/1620
f 1676/1835/1774 1678/1836/1775 1677/1837/1776 1675/1834/1773
f 1676/1835/1774 1518/1670/1615 1679/1838/1777 1678/1836/1775
f 1676/1835/1774 1523/1675/1620 1517/1671/1616 1518/1670/1615
f 1679/1838/1777 1681/1839/1778 1680/1840/1779 1678/1836/1775
f 1679/1838/1777 1513/1665/1610 1682/1841/1780 1681/1839/1778
f 1679/1838/1777 1518/1670/1615 1512/1666/1611 1513/1665/1610
f 1682/1841/1780 1684/1842/1781 1683/1843/1782 1681/1839/1778
f 1682/1841/1780 1508/1660/1605 1685/1844/1783 1684/1842/1781
f 1682/1841/1780 1513/1665/1610 1507/1661/1606 1508/1660/1605
f 1685/1844/1783 1687/1845/1784 1686/1846/1785 1684/1842/1781
f 1685/1844/1783 1503/1655/1600 1688/1847/1786 1687/1845/1784
f 1685/1844/1783 1508/1660/1605 1502/1656/1601 1503/1655/1600
f 1688/1847/1786 1690/1848/1787 1689/1849/1788 1687/1845/1784
f 1688/1847/1786 1498/1650/1595 1691/1850/1789 1690/1848/1787
f 1688/1847/1786 1503/1655/1600 1497/1651/1596 1498/1650/1595
f 1691/1850/1789 1693/1851/1790 1692/1852/1791 1690/1848/1787
f 1691/1850/1789 121/116/111 122/115/110 1693/1851/1790
f 1691/1850/1789 1498/1650/1595 1495/1648/1593 121/116/111
f 1693/1851/1790 1695/1853/1792 1694/1854/1793 1692/1852/1791
f 1693/1851/1790 122/115/110 123/119/114 1695/1853/1792
f 1695/1853/1792 1697/1855/1794 1696/1856/1795 1694/1854/1793
f 1695/1853/1792 123/119/114 1698/1857/1796 1697/1855/1794
f 1698/1857/1796 1700/1858/1797 1699/1859/1798 1697/1855/1794
f 1698/1857/1796 178/188/176 182/192/180 1700/1858/1797
f 1698/1857/1796 123/119/114 124/118/113 178/188/176
f 1700/1858/1797 1702/1860/1799 1701/1861/1800 1699/1859/1798
f 1700/1858/1797 182/192/180 1703/1862/1801 1702/1860/1799
f 1703/1862/1801 1705/1863/1802 1704/1864/1803 1702/1860/1799
f 1703/1862/1801 1308/1388/1343 1309/1389/1344 1705/1863/1802
f 1703/1862/1801 182/192/180 175/187/175 1308/1388/1343
f 1705/1863/1802 1707/1865/1804 1706/1866/1805 1704/1864/1803
f 1705/1863/1802 1309/1389/1344 1708/1867/1806 1707/1865/1804
f 1708/1867/1806 1710/1868/1807 1709/1869/1808 1707/1865/1804
f 1708/1867/1806 1305/1384/1339 1711/1870/1809 1710/1868/1807
f 1708/1867/1806 1309/1389/1344 1304/1385/1340 1305/1384/1339
f 1711/1870/1809 1713/1871/1810 1712/1872/1811 1710/1868/1807
f 1711/1870/1809 1301/1380/1335 1714/1873/1812 1713/1871/1810
f 1711/1870/1809 1305/1384/1339 1300/1381/1336 1301/1380/1335
f 1714/1873/1812 1716/1874/1813 1715/1875/1814 1713/1871/1810
f 1714/1873/1812 1718/1876/1815 1717/1877/1816 1716/1874/1813
f 1714/1873/1812 1301/1380/1335 1302/1379/1334 1718/1876/1815
f 1718/1876/1815 1720/1878/1817 1719/1879/1818 1717/1877/1816
f 1718/1876/1815 1302/1379/1334 1294/1382/1337 1720/1878/1817
f 1727/1880/1819 2403/1881/1820 2402/1358/1313 1725/1357/1312
f 312/1882/1821 2408/1883/1822 2454/1487/1439 311/1486/1438
f 1215/1884/1823 2415/1885/1824 2414/1886/1825 1213/1887/1826
f 1217/1483/1435 2416/1482/1434 2415/1885/1824 1215/1884/1823
f 1341/1888/1827 2447/1889/1828 2389/1414/1369 1342/1413/1368
f 1211/1890/1829 2413/1891/1830 2440/1366/1321 1209/1365/1320
f 1213/1887/1826 2414/1886/1825 2413/1891/1830 1211/1890/1829
f 1295/1453/1405 2425/1452/1404 2443/1892/1831 1293/1893/1832
f 1293/1893/1832 2443/1892/1831 2376/1894/1833 1294/1895/1834
f 1722/1896/1835 1288/1351/1306 1724/1897/1836 1723/1898/1837
f 1722/1896/1835 1291/1354/1309 1287/1352/1307 1288/1351/1306
f 1724/1897/1836 1726/1899/1838 1725/1900/1839 1723/1898/1837
f 1724/1897/1836 1285/1348/1303 1249/1312/1269 1726/1899/1838
f 1724/1897/1836 1288/1351/1306 1284/1349/1304 1285/1348/1303
f 1726/1899/1838 1252/1315/1272 1727/1901/1840 1725/1900/1839
f 1726/1899/1838 1249/1312/1269 1250/1311/1268 1252/1315/1272
f 1723/1360/1315 2401/1359/1314 2400/1445/1397 1722/1444/1396
f 1727/1901/1840 1252/1315/1272 1253/1314/1271 1728/1902/1841
f 1208/1368/1323 2412/1367/1322 2411/1485/1437 1207/1484/1436
f 1336/1903/1842 2427/1904/1843 2383/1473/1425 1331/1472/1424
f 1340/1459/1411 2384/1458/1410 2447/1889/1828 1341/1888/1827
f 1319/1905/1844 2379/1906/1845 2378/1430/1385 1318/1429/1384
f 1339/1907/1846 2388/1908/1847 2445/1909/1848 1337/1910/1849
f 1719/1911/1850 2393/1912/1851 2396/1913/1852 1721/1914/1853
f 1316/1461/1413 2444/1460/1412 2377/1451/1403 1296/1450/1402
f 1730/1915/1854 1729/1916/1855 1359/1506/1458 1731/1917/1856
f 1294/1895/1834 2376/1894/1833 2394/1918/1857 1720/1919/1858
f 1730/1915/1854 1731/1917/1856 1732/1920/1859 1721/1921/1860
f 1732/1920/1859 1731/1917/1856 1364/1511/1463 1733/1922/1861
f 1732/1920/1859 1717/1877/1816 1719/1879/1818 1721/1921/1860
f 1732/1920/1859 1733/1922/1861 1716/1874/1813 1717/1877/1816
f 1733/1922/1861 1364/1511/1463 1365/1510/1462 1369/1516/1468
f 1733/1922/1861 1369/1516/1468 1715/1875/1814 1716/1874/1813
f 1731/1917/1856 1359/1506/1458 1360/1505/1457 1364/1511/1463
f 1729/1916/1855 1354/1501/1453 1355/1500/1452 1359/1506/1458
f 1728/1449/1401 2407/1448/1400 2403/1881/1820 1727/1880/1819
f 1720/1919/1858 2394/1918/1857 2393/1912/1851 1719/1911/1850
f 1728/1902/1841 1253/1314/1271 1254/1317/1274 1344/1923/1862
f 1324/1428/1383 2426/1427/1382 2379/1906/1845 1319/1905/1844
f 1715/1875/1814 1369/1516/1468 1370/1515/1467 1374/1521/1473
f 1715/1875/1814 1374/1521/1473 1712/1872/1811 1713/1871/1810
f 1712/1872/1811 1374/1521/1473 1375/1520/1472 1379/1526/1478
f 1712/1872/1811 1379/1526/1478 1709/1869/1808 1710/1868/1807
f 1709/1869/1808 1379/1526/1478 1380/1525/1477 1384/1531/1483
f 1709/1869/1808 1384/1531/1483 1706/1866/1805 1707/1865/1804
f 1706/1866/1805 1384/1531/1483 1385/1530/1482 1389/1536/1488
f 1706/1866/1805 1389/1536/1488 1734/1924/1863 1704/1864/1803
f 1734/1924/1863 1389/1536/1488 1390/1535/1487 1394/1541/1493
f 1734/1924/1863 1701/1861/1800 1702/1860/1799 1704/1864/1803
f 1734/1924/1863 1394/1541/1493 1735/1925/1864 1701/1861/1800
f 1735/1925/1864 1394/1541/1493 1395/1540/1492 1399/1546/1498
f 1735/1925/1864 1736/1926/1865 1699/1859/1798 1701/1861/1800
f 1735/1925/1864 1399/1546/1498 1737/1927/1866 1736/1926/1865
f 1737/1927/1866 1399/1546/1498 1400/1545/1497 1404/1551/1503
f 1737/1927/1866 1738/1928/1867 1696/1856/1795 1736/1926/1865
f 1737/1927/1866 1404/1551/1503 1739/1929/1868 1738/1928/1867
f 1739/1929/1868 1404/1551/1503 1405/1550/1502 1408/1555/1507
f 1739/1929/1868 1741/1930/1869 1740/1931/1870 1738/1928/1867
f 1739/1929/1868 1408/1555/1507 1742/1932/1871 1741/1930/1869
f 1742/1932/1871 1408/1555/1507 1409/1554/1506 1411/1558/1510
f 1742/1932/1871 1744/1933/1872 1743/1934/1873 1741/1930/1869
f 1742/1932/1871 1411/1558/1510 1745/1935/1874 1744/1933/1872
f 1745/1935/1874 1411/1558/1510 1412/1557/1509 1415/1562/1514
f 1745/1935/1874 1747/1936/1875 1746/1937/1876 1744/1933/1872
f 1745/1935/1874 1415/1562/1514 100/93/88 1747/1936/1875
f 1747/1936/1875 1749/1938/1877 1748/1939/1878 1746/1937/1876
f 1747/1936/1875 100/93/88 101/92/87 1749/1938/1877
f 1749/1938/1877 1750/1940/1879 1683/1843/1782 1748/1939/1878
f 1749/1938/1877 101/92/87 102/95/90 1750/1940/1879
f 1750/1940/1879 1680/1840/1779 1681/1839/1778 1683/1843/1782
f 1750/1940/1879 102/95/90 1751/1941/1880 1680/1840/1779
f 1751/1941/1880 102/95/90 103/94/89 131/1942/123
f 1751/1941/1880 1677/1837/1776 1678/1836/1775 1680/1840/1779
f 1751/1941/1880 131/1942/123 132/1943/122 1677/1837/1776
f 1748/1939/1878 1686/1846/1785 1752/1944/1881 1746/1937/1876
f 1748/1939/1878 1683/1843/1782 1684/1842/1781 1686/1846/1785
f 1752/1944/1881 1743/1934/1873 1744/1933/1872 1746/1937/1876
f 1752/1944/1881 1689/1849/1788 1753/1945/1882 1743/1934/1873
f 1752/1944/1881 1686/1846/1785 1687/1845/1784 1689/1849/1788
f 1753/1945/1882 1740/1931/1870 1741/1930/1869 1743/1934/1873
f 1753/1945/1882 1692/1852/1791 1694/1854/1793 1740/1931/1870
f 1753/1945/1882 1689/1849/1788 1690/1848/1787 1692/1852/1791
f 1740/1931/1870 1694/1854/1793 1696/1856/1795 1738/1928/1867
f 1736/1926/1865 1696/1856/1795 1697/1855/1794 1699/1859/1798
f 1677/1837/1776 132/1943/122 114/110/105 1675/1834/1773
f 1672/1830/1769 116/108/103 117/111/106 1671/1831/1770
f 1671/1831/1770 117/111/106 1755/1946/1883 1754/1947/1884
f 1671/1831/1770 1754/1947/1884 1668/1828/1767 1669/1827/1766
f 1755/1946/1883 1758/1948/1885 1757/1949/1886 1756/1950/1887
f 1755/1946/1883 117/111/106 111/107/102 1758/1948/1885
f 1755/1946/1883 1756/1950/1887 1759/1951/1888 1754/1947/1884
f 1759/1951/1888 1756/1950/1887 1761/1952/1889 1760/1953/1890
f 1759/1951/1888 1762/1954/1891 1668/1828/1767 1754/1947/1884
f 1759/1951/1888 1760/1953/1890 1763/1955/1892 1762/1954/1891
f 1763/1955/1892 1760/1953/1890 1765/1956/1893 1764/1957/1894
f 1763/1955/1892 1766/1958/1895 1665/1825/1764 1762/1954/1891
f 1763/1955/1892 1764/1957/1894 1767/1959/1896 1766/1958/1895
f 1767/1959/1896 1764/1957/1894 1769/1960/1897 1768/1961/1898
f 1767/1959/1896 1770/1962/1899 1662/1822/1761 1766/1958/1895
f 1767/1959/1896 1768/1961/1898 1771/1963/1900 1770/1962/1899
f 1771/1963/1900 1768/1961/1898 1773/1964/1901 1772/1965/1902
f 1771/1963/1900 1774/1966/1903 1659/1819/1758 1770/1962/1899
f 1771/1963/1900 1772/1965/1902 1775/1967/1904 1774/1966/1903
f 1775/1967/1904 1772/1965/1902 1777/1968/1905 1776/1969/1906
f 1775/1967/1904 215/236/220 1656/1816/1755 1774/1966/1903
f 1775/1967/1904 1776/1969/1906 214/237/216 215/236/220
f 1777/1970/1905 1780/1971/1907 1779/1972/1908 1778/1973/1909
f 1777/1968/1905 1772/1965/1902 1773/1964/1901 1780/1974/1907
f 1777/1970/1905 1778/1973/1909 1781/1975/1910 1776/1976/1906
f 1781/1975/1910 1778/1973/1909 1646/1803/1745 1647/1802/1744
f 1781/1975/1910 213/232/217 214/231/216 1776/1976/1906
f 1781/1975/1910 1647/1802/1744 1648/1805/1747 213/232/217
f 1780/1971/1907 1783/1977/1911 1782/1978/1912 1779/1972/1908
f 1780/1974/1907 1773/1964/1901 1784/1979/1913 1783/1980/1911
f 1784/1979/1913 1786/1981/1914 1785/1982/1915 1783/1980/1911
f 1784/1979/1913 1769/1960/1897 1787/1983/1916 1786/1981/1914
f 1784/1979/1913 1773/1964/1901 1768/1961/1898 1769/1960/1897
f 1787/1983/1916 1789/1984/1917 1788/1985/1918 1786/1981/1914
f 1787/1983/1916 1765/1956/1893 1790/1986/1919 1789/1984/1917
f 1787/1983/1916 1769/1960/1897 1764/1957/1894 1765/1956/1893
f 1790/1986/1919 1792/1987/1920 1791/1988/1921 1789/1984/1917
f 1790/1986/1919 1761/1952/1889 1793/1989/1922 1792/1987/1920
f 1790/1986/1919 1765/1956/1893 1760/1953/1890 1761/1952/1889
f 1793/1989/1922 1795/1990/1923 1794/1991/1924 1792/1987/1920
f 1793/1989/1922 1757/1949/1886 1796/1992/1925 1795/1990/1923
f 1793/1989/1922 1761/1952/1889 1756/1950/1887 1757/1949/1886
f 1796/1992/1925 201/217/202 193/207/195 1795/1990/1923
f 1796/1992/1925 1798/1993/1926 1797/1994/1927 201/217/202
f 1796/1992/1925 1757/1949/1886 1758/1948/1885 1798/1993/1926
f 1798/1993/1926 112/106/101 1799/1995/1928 1797/1994/1927
f 1798/1993/1926 1758/1948/1885 111/107/102 112/106/101
f 1799/1995/1928 89/78/75 1800/1996/1929 1797/1994/1927
f 1799/1995/1928 1801/1997/1930 88/79/76 89/78/75
f 1799/1995/1928 112/106/101 113/105/100 1801/1997/1930
f 1801/1997/1930 1802/1998/1931 94/84/80 88/79/76
f 1801/1997/1930 113/105/100 118/113/108 1802/1998/1931
f 1802/1999/1931 1804/2000/1932 1803/2001/1933 94/2002/80
f 1802/1999/1931 118/127/108 130/126/121 1804/2000/1932
f 1804/2000/1932 1806/2003/1934 1805/2004/1935 1803/2001/1933
f 1804/2000/1932 130/126/121 133/132/125 1806/2003/1934
f 1806/2003/1934 188/200/188 1807/2005/1936 1805/2004/1935
f 1806/2003/1934 133/132/125 187/197/185 188/200/188
f 1807/2005/1936 1809/2006/1937 1808/2007/1938 1805/2004/1935
f 1807/2005/1936 1811/2008/1939 1810/2009/1940 1809/2006/1937
f 1807/2005/1936 188/200/188 189/199/187 1811/2008/1939
f 1811/2008/1939 1813/2010/1941 1812/2011/1942 1810/2009/1940
f 1811/2008/1939 189/199/187 190/202/190 1813/2010/1941
f 1813/2010/1941 1815/2012/1943 1814/2013/1944 1812/2011/1942
f 1813/2010/1941 190/202/190 1816/2014/1945 1815/2012/1943
f 1816/2014/1945 190/202/190 191/201/189 1817/2015/1946
f 1816/2014/1945 307/341/323 303/338/320 1815/2012/1943
f 1816/2014/1945 1817/2015/1946 1818/2016/1947 307/341/323
f 1818/2016/1947 1817/2015/1946 296/328/310 292/327/309
f 1818/2016/1947 1819/2017/1948 306/339/321 307/341/323
f 1818/2016/1947 292/327/309 293/326/308 1819/2017/1948
f 1819/2017/1948 293/326/308 1821/2018/1949 1820/2019/1950
f 1819/2017/1948 1820/2019/1950 305/340/322 306/339/321
f 1821/2018/1949 1824/2020/1951 1823/2021/1952 1822/2022/1953
f 1821/2018/1949 293/326/308 294/325/307 1824/2020/1951
f 1821/2018/1949 1822/2022/1953 1825/2023/1954 1820/2019/1950
f 1825/2023/1954 1822/2022/1953 1827/2024/1955 1826/2025/1956
f 1825/2023/1954 1828/2026/1957 305/340/322 1820/2019/1950
f 1825/2023/1954 1826/2025/1956 1829/2027/1958 1828/2026/1957
f 1829/2027/1958 1826/2025/1956 1831/2028/1959 1830/2029/1960
f 1829/2027/1958 1833/2030/1961 1832/2031/1962 1828/2026/1957
f 1829/2027/1958 1830/2029/1960 1834/2032/1963 1833/2030/1961
f 1834/2032/1963 1830/2029/1960 1836/2033/1964 1835/2034/1965
f 1834/2032/1963 1838/2035/1966 1837/2036/1967 1833/2030/1961
f 1834/2032/1963 1835/2034/1965 1839/2037/1968 1838/2035/1966
f 1839/2037/1968 1835/2034/1965 1841/2038/1969 1840/2039/1970
f 1839/2037/1968 1843/2040/1971 1842/2041/1972 1838/2035/1966
f 1839/2037/1968 1840/2039/1970 1844/2042/1973 1843/2040/1971
f 1844/2042/1973 1840/2039/1970 1846/2043/1974 1845/2044/1975
f 1844/2042/1973 1848/2045/1976 1847/2046/1977 1843/2040/1971
f 1844/2042/1973 1845/2044/1975 1849/2047/1978 1848/2045/1976
f 1849/2047/1978 1845/2044/1975 1851/2048/1979 1850/2049/1980
f 1849/2050/1978 151/153/144 147/150/141 1848/2051/1976
f 1849/2050/1978 1850/2052/1980 1852/2053/1981 151/153/144
f 1852/2053/1981 1850/2052/1980 1854/2054/1982 1853/2055/1983
f 1852/2053/1981 1855/2056/1984 150/151/142 151/153/144
f 1852/2053/1981 1853/2055/1983 1856/2057/1985 1855/2056/1984
f 1856/2057/1985 1853/2055/1983 1858/2058/1986 1857/2059/1987
f 1856/2057/1985 1860/2060/1988 1859/2061/1989 1855/2056/1984
f 1856/2057/1985 1857/2059/1987 1861/2062/1990 1860/2060/1988
f 1861/2062/1990 1857/2059/1987 1863/2063/1991 1862/2064/1992
f 1861/2062/1990 1865/2065/1993 1864/2066/1994 1860/2060/1988
f 1861/2062/1990 1862/2064/1992 1866/2067/1995 1865/2065/1993
f 1866/2067/1995 1862/2064/1992 1579/1736/1678 1580/1735/1677
f 1866/2067/1995 1585/1742/1684 1867/2068/1996 1865/2065/1993
f 1866/2067/1995 1580/1735/1677 1581/1738/1680 1585/1742/1684
f 1867/2068/1996 1868/2069/1997 1864/2066/1994 1865/2065/1993
f 1867/2068/1996 1588/1745/1687 1869/2070/1998 1868/2069/1997
f 1867/2068/1996 1585/1742/1684 1586/1741/1683 1588/1745/1687
f 1869/2070/1998 1871/2071/1999 1870/2072/2000 1868/2069/1997
f 1869/2070/1998 1873/2073/2001 1872/2074/2002 1871/2071/1999
f 1869/2070/1998 1588/1745/1687 1589/1744/1686 1873/2073/2001
f 1873/2073/2001 1875/2075/2003 1874/2076/2004 1872/2074/2002
f 1873/2073/2001 1589/1744/1686 1590/1747/1689 1875/2075/2003
f 1875/2075/2003 1877/2077/2005 1876/2078/2006 1874/2076/2004
f 1875/2075/2003 1590/1747/1689 1592/1749/1691 1877/2077/2005
f 1877/2077/2005 1879/2079/2007 1878/2080/2008 1876/2078/2006
f 1877/2077/2005 1592/1749/1691 1594/1751/1693 1879/2079/2007
f 1879/2079/2007 1881/2081/2009 1880/2082/2010 1878/2080/2008
f 1879/2079/2007 1594/1751/1693 1882/2083/2011 1881/2081/2009
f 1882/2083/2011 1594/1751/1693 1595/1750/1692 1598/1755/1697
f 1882/2083/2011 1884/2084/2012 1883/2085/2013 1881/2081/2009
f 1882/2083/2011 1598/1755/1697 1885/2086/2014 1884/2084/2012
f 1885/2086/2014 1598/1755/1697 1599/1754/1696 1603/1760/1702
f 1885/2086/2014 255/286/268 256/285/267 1884/2084/2012
f 1885/2086/2014 1603/1760/1702 259/287/269 255/286/268
f 1884/2084/2012 256/285/267 288/320/302 1883/2085/2013
f 1883/2085/2013 1886/2087/2015 1880/2082/2010 1881/2081/2009
f 1883/2085/2013 288/320/302 289/319/301 1886/2087/2015
f 1886/2087/2015 1888/2088/2016 1887/2089/2017 1880/2082/2010
f 1886/2087/2015 289/319/301 290/322/304 1888/2088/2016
f 1888/2088/2016 1890/2090/2018 1889/2091/2019 1887/2089/2017
f 1888/2088/2016 290/322/304 1891/2092/2020 1890/2090/2018
f 1891/2092/2020 1398/1543/1495 1892/2093/2021 1890/2090/2018
f 1891/2092/2020 1403/1548/1500 1397/1544/1496 1398/1543/1495
f 1891/2092/2020 290/322/304 285/318/300 1403/1548/1500
f 1892/2093/2021 1893/2094/2022 1889/2091/2019 1890/2090/2018
f 1892/2093/2021 1393/1538/1490 1894/2095/2023 1893/2094/2022
f 1892/2093/2021 1398/1543/1495 1392/1539/1491 1393/1538/1490
f 1894/2095/2023 1896/2096/2024 1895/2097/2025 1893/2094/2022
f 1894/2095/2023 1388/1533/1485 1897/2098/2026 1896/2096/2024
f 1894/2095/2023 1393/1538/1490 1387/1534/1486 1388/1533/1485
f 1897/2098/2026 1899/2099/2027 1898/2100/2028 1896/2096/2024
f 1897/2098/2026 1383/1528/1480 1900/2101/2029 1899/2099/2027
f 1897/2098/2026 1388/1533/1485 1382/1529/1481 1383/1528/1480
f 1900/2101/2029 1902/2102/2030 1901/2103/2031 1899/2099/2027
f 1900/2101/2029 1378/1523/1475 1903/2104/2032 1902/2102/2030
f 1900/2101/2029 1383/1528/1480 1377/1524/1476 1378/1523/1475
f 1903/2104/2032 1905/2105/2033 1904/2106/2034 1902/2102/2030
f 1903/2104/2032 1373/1518/1470 1906/2107/2035 1905/2105/2033
f 1903/2104/2032 1378/1523/1475 1372/1519/1471 1373/1518/1470
f 1906/2107/2035 1908/2108/2036 1907/2109/2037 1905/2105/2033
f 1906/2107/2035 1368/1513/1465 1909/2110/2038 1908/2108/2036
f 1906/2107/2035 1373/1518/1470 1367/1514/1466 1368/1513/1465
f 1909/2110/2038 1911/2111/2039 1910/2112/2040 1908/2108/2036
f 1909/2110/2038 1363/1508/1460 1912/2113/2041 1911/2111/2039
f 1909/2110/2038 1368/1513/1465 1362/1509/1461 1363/1508/1460
f 1912/2113/2041 1914/2114/2042 1913/2115/2043 1911/2111/2039
f 1912/2113/2041 1358/1503/1455 1915/2116/2044 1914/2114/2042
f 1912/2113/2041 1363/1508/1460 1357/1504/1456 1358/1503/1455
f 1915/2116/2044 1917/2117/2045 1916/2118/2046 1914/2114/2042
f 1915/2116/2044 1353/1498/1450 1918/2119/2047 1917/2117/2045
f 1915/2116/2044 1358/1503/1455 1352/1499/1451 1353/1498/1450
f 1918/2119/2047 1920/2120/2048 1919/2121/2049 1917/2117/2045
f 1918/2119/2047 1349/1492/1444 1921/2122/2050 1920/2120/2048
f 1918/2119/2047 1353/1498/1450 1348/1493/1445 1349/1492/1444
f 1921/2123/2050 308/345/327 309/344/326 1920/2124/2048
f 1921/2123/2050 1346/2125/2051 312/346/328 308/345/327
f 1921/2122/2050 1349/1492/1444 1345/1491/1443 1346/2126/2051
f 1920/2124/2048 309/344/326 1922/2127/2052 1919/2128/2049
f 1922/2127/2052 1925/2129/2053 1924/2130/2054 1923/2131/2055
f 1922/2127/2052 309/344/326 310/343/325 1925/2129/2053
f 1922/2127/2052 1923/2131/2055 1926/2132/2056 1919/2128/2049
f 1926/2132/2056 1923/2131/2055 1928/2133/2057 1927/2134/2058
f 1926/2135/2056 1916/2118/2046 1917/2117/2045 1919/2121/2049
f 1926/2135/2056 1927/2136/2058 1929/2137/2059 1916/2118/2046
f 1929/2137/2059 1927/2136/2058 148/149/140 142/146/137
f 1929/2137/2059 1913/2115/2043 1914/2114/2042 1916/2118/2046
f 1929/2137/2059 142/146/137 143/145/136 1913/2115/2043
f 1928/2133/2057 1842/2041/1972 1843/2040/1971 1847/2046/1977
f 1928/2133/2057 1923/2131/2055 1924/2130/2054 1842/2041/1972
f 1928/2133/2057 1847/2046/1977 148/2138/140 1927/2134/2058
f 1925/2129/2053 1930/2139/2060 1837/2036/1967 1924/2130/2054
f 1925/2129/2053 310/343/325 299/333/315 1930/2139/2060
f 1930/2139/2060 1832/2031/1962 1833/2030/1961 1837/2036/1967
f 1930/2139/2060 299/333/315 300/332/314 1832/2031/1962
f 1924/2130/2054 1837/2036/1967 1838/2035/1966 1842/2041/1972
f 1913/2115/2043 143/145/136 1910/2112/2040 1911/2111/2039
f 1910/2112/2040 143/145/136 144/144/135 1931/2140/2061
f 1910/2112/2040 1931/2140/2061 1907/2109/2037 1908/2108/2036
f 1931/2140/2061 144/144/135 145/148/139 1932/2141/2062
f 1931/2140/2061 1932/2141/2062 1933/2142/2063 1907/2109/2037
f 1933/2142/2063 1932/2141/2062 166/172/160 167/174/162
f 1933/2142/2063 1904/2106/2034 1905/2105/2033 1907/2109/2037
f 1933/2142/2063 167/174/162 1934/2143/2064 1904/2106/2034
f 1934/2143/2064 167/174/162 162/171/159 1935/2144/2065
f 1934/2143/2064 1901/2103/2031 1902/2102/2030 1904/2106/2034
f 1934/2143/2064 1935/2144/2065 1936/2145/2066 1901/2103/2031
f 1936/2145/2066 1935/2144/2065 1938/2146/2067 1937/2147/2068
f 1936/2145/2066 1898/2100/2028 1899/2099/2027 1901/2103/2031
f 1936/2145/2066 1937/2147/2068 1939/2148/2069 1898/2100/2028
f 1939/2148/2069 1937/2147/2068 1941/2149/2070 1940/2150/2071
f 1939/2148/2069 1895/2097/2025 1896/2096/2024 1898/2100/2028
f 1939/2148/2069 1940/2150/2071 1942/2151/2072 1895/2097/2025
f 1942/2151/2072 1940/2150/2071 1944/2152/2073 1943/2153/2074
f 1942/2151/2072 1889/2091/2019 1893/2094/2022 1895/2097/2025
f 1942/2151/2072 1943/2153/2074 1887/2089/2017 1889/2091/2019
f 1944/2152/2073 1945/2154/2075 1874/2076/2004 1876/2078/2006
f 1944/2152/2073 1940/2150/2071 1941/2149/2070 1945/2154/2075
f 1944/2152/2073 1876/2078/2006 1878/2080/2008 1943/2153/2074
f 1945/2154/2075 1946/2155/2076 1872/2074/2002 1874/2076/2004
f 1945/2154/2075 1941/2149/2070 1947/2156/2077 1946/2155/2076
f 1947/2156/2077 1949/2157/2078 1948/2158/2079 1946/2155/2076
f 1947/2156/2077 1938/2146/2067 163/170/158 1949/2157/2078
f 1947/2156/2077 1941/2149/2070 1937/2147/2068 1938/2146/2067
f 1949/2157/2078 1951/2159/2080 1950/2160/2081 1948/2158/2079
f 1949/2157/2078 163/170/158 164/169/157 1951/2159/2080
f 1951/2159/2080 1953/2161/2082 1952/2162/2083 1950/2160/2081
f 1951/2159/2080 164/169/157 165/173/161 1953/2161/2082
f 1953/2161/2082 146/147/138 149/152/143 1952/2162/2083
f 1953/2161/2082 165/173/161 145/148/139 146/147/138
f 1952/2162/2083 149/152/143 1859/2061/1989 1954/2163/2084
f 1952/2162/2083 1954/2163/2084 1870/2072/2000 1950/2160/2081
f 1954/2163/2084 1859/2061/1989 1860/2060/1988 1864/2066/1994
f 1954/2163/2084 1864/2066/1994 1868/2069/1997 1870/2072/2000
f 1950/2160/2081 1870/2072/2000 1871/2071/1999 1948/2158/2079
f 1948/2158/2079 1871/2071/1999 1872/2074/2002 1946/2155/2076
f 1943/2153/2074 1878/2080/2008 1880/2082/2010 1887/2089/2017
f 1938/2146/2067 1935/2144/2065 162/171/159 163/170/158
f 1932/2141/2062 145/148/139 165/173/161 166/172/160
f 1863/2063/1991 1956/2164/2085 1564/1719/1663 1955/2165/2086
f 1863/2063/1991 1857/2059/1987 1858/2058/1986 1956/2164/2085
f 1863/2063/1991 1955/2165/2086 1579/1736/1678 1862/2064/1992
f 1956/2164/2085 1559/2166/1658 1560/1720/1657 1564/1719/1663
f 1956/2164/2085 1858/2058/1986 1957/2167/2087 1559/2166/1658
f 1957/2168/2087 1554/1708/1653 1555/1707/1652 1559/1713/1658
f 1957/2168/2087 1854/2169/1982 1958/2170/2088 1554/1708/1653
f 1957/2167/2087 1858/2058/1986 1853/2055/1983 1854/2054/1982
f 1958/2170/2088 1549/1703/1648 1550/1702/1647 1554/1708/1653
f 1958/2170/2088 1851/2048/1979 1959/2171/2089 1549/1703/1648
f 1958/2170/2088 1854/2169/1982 1850/2049/1980 1851/2048/1979
f 1959/2171/2089 1544/1698/1643 1545/1697/1642 1549/1703/1648
f 1959/2171/2089 1846/2043/1974 1960/2172/2090 1544/1698/1643
f 1959/2171/2089 1851/2048/1979 1845/2044/1975 1846/2043/1974
f 1960/2172/2090 1539/1693/1638 1540/1692/1637 1544/1698/1643
f 1960/2172/2090 1841/2038/1969 1961/2173/2091 1539/1693/1638
f 1960/2172/2090 1846/2043/1974 1840/2039/1970 1841/2038/1969
f 1961/2173/2091 1534/1688/1633 1535/1687/1632 1539/1693/1638
f 1961/2173/2091 1836/2033/1964 1962/2174/2092 1534/1688/1633
f 1961/2173/2091 1841/2038/1969 1835/2034/1965 1836/2033/1964
f 1962/2174/2092 1529/1683/1628 1530/1682/1627 1534/1688/1633
f 1962/2174/2092 1831/2028/1959 1963/2175/2093 1529/1683/1628
f 1962/2174/2092 1836/2033/1964 1830/2029/1960 1831/2028/1959
f 1963/2175/2093 1524/1678/1623 1525/1677/1622 1529/1683/1628
f 1963/2175/2093 1827/2024/1955 1964/2176/2094 1524/1678/1623
f 1963/2175/2093 1831/2028/1959 1826/2025/1956 1827/2024/1955
f 1964/2176/2094 1519/1673/1618 1520/1672/1617 1524/1678/1623
f 1964/2176/2094 1823/2021/1952 1965/2177/2095 1519/1673/1618
f 1964/2176/2094 1827/2024/1955 1822/2022/1953 1823/2021/1952
f 1965/2177/2095 1514/1668/1613 1515/1667/1612 1519/1673/1618
f 1965/2177/2095 1967/2178/2096 1966/2179/2097 1514/1668/1613
f 1965/2177/2095 1823/2021/1952 1824/2020/1951 1967/2178/2096
f 1967/2178/2096 297/330/312 1968/2180/2098 1966/2179/2097
f 1967/2178/2096 1824/2020/1951 294/325/307 297/330/312
f 1968/2180/2098 1969/2181/2099 1509/1663/1608 1966/2179/2097
f 1968/2180/2098 1971/2182/2100 1970/2183/2101 1969/2181/2099
f 1968/2180/2098 297/330/312 295/329/311 1971/2182/2100
f 1971/2182/2100 192/203/191 183/196/184 1970/2183/2101
f 1971/2182/2100 295/329/311 296/328/310 192/203/191
f 1970/2183/2101 1972/2184/2102 1504/1658/1603 1969/2181/2099
f 1970/2183/2101 183/196/184 184/195/183 1972/2184/2102
f 1972/2184/2102 1499/1653/1598 1500/1652/1597 1504/1658/1603
f 1972/2184/2102 184/195/183 1973/2185/2103 1499/1653/1598
f 1973/2185/2103 1974/2186/2104 1491/1645/1590 1492/1644/1589
f 1973/2185/2103 184/195/183 185/194/182 1974/2186/2104
f 1973/2185/2103 1492/1644/1589 1493/1647/1592 1499/1653/1598
f 1974/2186/2104 1976/2187/2105 1975/2188/2106 1491/1645/1590
f 1974/2186/2104 185/194/182 186/198/186 1976/2187/2105
f 1976/2187/2105 135/134/126 1977/2189/2107 1975/2188/2106
f 1976/2187/2105 186/198/186 134/131/124 135/134/126
f 1977/2189/2107 95/2190/84 96/2191/83 1978/2192/2108
f 1977/2189/2107 135/134/126 104/133/91 95/2190/84
f 1977/2189/2107 1978/2192/2108 1488/1642/1587 1975/2188/2106
f 1978/2192/2108 96/2191/83 1427/1577/1526 1979/2193/2109
f 1978/2192/2108 1979/2193/2109 1486/1640/1585 1488/1642/1587
f 1979/2193/2109 1427/1577/1526 1428/1576/1525 1432/1582/1531
f 1979/2193/2109 1432/1582/1531 1484/1638/1583 1486/1640/1585
f 1975/2188/2106 1488/1642/1587 1489/1641/1586 1491/1645/1590
f 1969/2181/2099 1504/1658/1603 1505/1657/1602 1509/1663/1608
f 1966/2179/2097 1509/1663/1608 1510/1662/1607 1514/1668/1613
f 1955/2165/2086 1564/1719/1663 1565/1718/1662 1569/1726/1668
f 1955/2165/2086 1569/1726/1668 1577/1733/1675 1579/1736/1678
f 1859/2061/1989 149/152/143 150/151/142 1855/2056/1984
f 1848/2045/1976 147/2194/141 148/2138/140 1847/2046/1977
f 1832/2031/1962 300/332/314 305/340/322 1828/2026/1957
f 1817/2015/1946 191/201/189 192/203/191 296/328/310
f 1815/2012/1943 303/338/320 304/337/319 1814/2013/1944
f 1814/2013/1944 1981/2195/2110 1980/2196/2111 1812/2011/1942
f 1814/2013/1944 304/337/319 1466/1617/1563 1981/2195/2110
f 1981/2195/2110 1461/1611/1558 1982/2197/2112 1980/2196/2111
f 1981/2195/2110 1466/1617/1563 1460/1612/1559 1461/1611/1558
f 1982/2197/2112 1984/2198/2113 1983/2199/2114 1980/2196/2111
f 1982/2200/2112 1456/1604/1553 1985/2201/2115 1984/2202/2113
f 1982/2197/2112 1461/1611/1558 1455/1610/1554 1456/2203/1553
f 1985/2201/2115 1987/2204/2116 1986/2205/2117 1984/2202/2113
f 1985/2201/2115 1451/1599/1548 1988/2206/2118 1987/2204/2116
f 1985/2201/2115 1456/1604/1553 1450/1600/1549 1451/1599/1548
f 1988/2206/2118 1990/2207/2119 1989/2208/2120 1987/2204/2116
f 1988/2206/2118 1446/1594/1543 1991/2209/2121 1990/2207/2119
f 1988/2206/2118 1451/1599/1548 1445/1595/1544 1446/1594/1543
f 1991/2209/2121 1993/2210/2122 1992/2211/2123 1990/2207/2119
f 1991/2209/2121 1441/1589/1538 1994/2212/2124 1993/2210/2122
f 1991/2209/2121 1446/1594/1543 1440/1590/1539 1441/1589/1538
f 1994/2212/2124 1996/2213/2125 1995/2214/2126 1993/2210/2122
f 1994/2212/2124 1436/1584/1533 1997/2215/2127 1996/2213/2125
f 1994/2212/2124 1441/1589/1538 1435/1585/1534 1436/1584/1533
f 1997/2215/2127 1999/2216/2128 1998/2217/2129 1996/2213/2125
f 1997/2215/2127 1431/1579/1528 2000/2218/2130 1999/2216/2128
f 1997/2215/2127 1436/1584/1533 1430/1580/1529 1431/1579/1528
f 2000/2218/2130 2002/2219/2131 2001/2220/2132 1999/2216/2128
f 2000/2218/2130 1426/1574/1523 2003/2221/2133 2002/2219/2131
f 2000/2218/2130 1431/1579/1528 1425/1575/1524 1426/1574/1523
f 2003/2221/2133 2005/2222/2134 2004/2223/2135 2002/2219/2131
f 2003/2221/2133 1422/1569/1519 2006/2224/2136 2005/2222/2134
f 2003/2221/2133 1426/1574/1523 1421/1570/1520 1422/1569/1519
f 2006/2224/2136 2008/2225/2137 2007/2226/2138 2005/2222/2134
f 2006/2224/2136 1419/2227/1516 169/2228/165 2008/2225/2137
f 2006/2224/2136 1422/1569/1519 1418/1568/1517 1419/2227/1516
f 2008/2225/2137 2009/2229/2139 204/220/205 2007/2226/2138
f 2008/2225/2137 169/2228/165 170/2230/164 2009/2229/2139
f 2009/2229/2139 161/166/155 203/221/206 204/220/205
f 2009/2229/2139 170/2230/164 154/167/146 161/166/155
f 2007/2226/2138 204/220/205 202/219/204 2010/2231/2140
f 2007/2226/2138 2010/2231/2140 2004/2223/2135 2005/2222/2134
f 2010/2231/2140 202/219/204 109/101/96 110/103/98
f 2010/2231/2140 110/103/98 2011/2232/2141 2004/2223/2135
f 2011/2232/2141 110/103/98 105/100/95 2012/2233/2142
f 2011/2232/2141 2001/2220/2132 2002/2219/2131 2004/2223/2135
f 2011/2232/2141 2012/2233/2142 2013/2234/2143 2001/2220/2132
f 2013/2234/2143 2012/2233/2142 2015/2235/2144 2014/2236/2145
f 2013/2234/2143 1998/2217/2129 1999/2216/2128 2001/2220/2132
f 2013/2234/2143 2014/2236/2145 2016/2237/2146 1998/2217/2129
f 2016/2237/2146 2014/2236/2145 2018/2238/2147 2017/2239/2148
f 2016/2237/2146 1995/2214/2126 1996/2213/2125 1998/2217/2129
f 2016/2237/2146 2017/2239/2148 2019/2240/2149 1995/2214/2126
f 2019/2240/2149 2017/2239/2148 2021/2241/2150 2020/2242/2151
f 2019/2240/2149 1992/2211/2123 1993/2210/2122 1995/2214/2126
f 2019/2240/2149 2020/2242/2151 2022/2243/2152 1992/2211/2123
f 2022/2243/2152 2020/2242/2151 2024/2244/2153 2023/2245/2154
f 2022/2243/2152 1989/2208/2120 1990/2207/2119 1992/2211/2123
f 2022/2243/2152 2023/2245/2154 2025/2246/2155 1989/2208/2120
f 2025/2247/2155 2023/2248/2154 2027/2249/2156 2026/2250/2157
f 2025/2246/2155 1986/2205/2117 1987/2204/2116 1989/2208/2120
f 2025/2247/2155 2026/2250/2157 2028/2251/2158 1986/2252/2117
f 2028/2251/2158 2026/2250/2157 1808/2007/1938 1809/2006/1937
f 2028/2251/2158 1983/2199/2114 1984/2198/2113 1986/2252/2117
f 2028/2251/2158 1809/2006/1937 1810/2009/1940 1983/2199/2114
f 2027/2249/2156 92/83/79 93/82/78 2029/2253/2159
f 2027/2249/2156 2023/2248/2154 2024/2254/2153 92/83/79
f 2027/2249/2156 2029/2253/2159 1808/2007/1938 2026/2250/2157
f 2029/2253/2159 93/82/78 94/2002/80 1803/2001/1933
f 2029/2253/2159 1803/2001/1933 1805/2004/1935 1808/2007/1938
f 2024/2254/2153 2030/2255/2160 87/73/71 92/83/79
f 2024/2244/2153 2020/2242/2151 2021/2241/2150 2030/2256/2160
f 2030/2255/2160 2031/2257/2161 86/74/72 87/73/71
f 2030/2256/2160 2021/2241/2150 2032/2258/2162 2031/2259/2161
f 2032/2258/2162 2034/2260/2163 2033/2261/2164 2031/2259/2161
f 2032/2258/2162 2018/2238/2147 2035/2262/2165 2034/2260/2163
f 2032/2258/2162 2021/2241/2150 2017/2239/2148 2018/2238/2147
f 2035/2262/2165 2037/2263/2166 2036/2264/2167 2034/2260/2163
f 2035/2262/2165 2015/2235/2144 106/99/94 2037/2263/2166
f 2035/2262/2165 2018/2238/2147 2014/2236/2145 2015/2235/2144
f 2037/2263/2166 2038/2265/2168 160/164/153 2036/2264/2167
f 2037/2263/2166 106/99/94 107/98/93 2038/2265/2168
f 2038/2265/2168 205/222/207 159/165/154 160/164/153
f 2038/2265/2168 107/98/93 108/102/97 205/222/207
f 2036/2264/2167 160/164/153 157/163/152 2039/2266/2169
f 2036/2264/2167 2039/2266/2169 2033/2261/2164 2034/2260/2163
f 2039/2267/2169 157/161/152 158/160/151 2040/2268/2170
f 2039/2267/2169 2040/2268/2170 2041/2269/2171 2033/2270/2164
f 2041/2269/2171 2040/2268/2170 2043/2271/2172 2042/2272/2173
f 2041/2273/2171 86/74/72 2031/2257/2161 2033/2274/2164
f 2041/2275/2171 2042/2276/2173 85/80/73 86/2277/72
f 2043/2271/2172 2046/2278/2174 2045/2279/2175 2044/2280/2176
f 2043/2271/2172 2040/2268/2170 158/160/151 2046/2278/2174
f 2043/2271/2172 2044/2280/2176 2047/2281/2177 2042/2272/2173
f 2047/2281/2177 2044/2280/2176 2049/2282/2178 2048/2283/2179
f 2047/2284/2177 91/81/77 85/80/73 2042/2276/2173
f 2047/2284/2177 2048/2285/2179 2050/2286/2180 91/81/77
f 2050/2286/2180 2052/2287/2181 199/215/201 2051/2288/2182
f 2050/2286/2180 2048/2285/2179 248/2289/257 2052/2287/2181
f 2050/2286/2180 2051/2288/2182 90/77/74 91/81/77
f 2052/2287/2181 2053/2290/2183 198/216/198 199/215/201
f 2052/2287/2181 248/2289/257 243/2291/254 2053/2290/2183
f 2053/2292/2183 2054/2293/2184 197/213/199 198/212/198
f 2053/2292/2183 243/272/254 244/271/253 2054/2293/2184
f 2054/2293/2184 210/227/212 211/229/214 197/213/199
f 2054/2293/2184 244/271/253 209/228/213 210/227/212
f 2051/2288/2182 199/215/201 200/214/200 1800/1996/1929
f 2051/2288/2182 1800/1996/1929 89/78/75 90/77/74
f 2049/2282/2178 2055/2294/2185 246/274/256 247/273/255
f 2049/2282/2178 2044/2280/2176 2045/2279/2175 2055/2294/2185
f 2049/2282/2178 247/273/255 248/275/257 2048/2283/2179
f 2055/2294/2185 2057/2295/2186 2056/2296/2187 246/274/256
f 2055/2294/2185 2045/2279/2175 2058/2297/2188 2057/2295/2186
f 2058/2297/2188 2060/2298/2189 2059/2299/2190 2057/2295/2186
f 2058/2297/2188 2062/2300/2191 2061/2301/2192 2060/2298/2189
f 2058/2297/2188 2045/2279/2175 2046/2278/2174 2062/2300/2191
f 2062/2300/2191 155/159/150 156/158/149 2061/2301/2192
f 2062/2300/2191 2046/2278/2174 158/160/151 155/159/150
f 2061/2301/2192 261/289/271 262/292/274 2060/2298/2189
f 2061/2301/2192 156/158/149 260/290/272 261/289/271
f 2060/2298/2189 262/292/274 2063/2302/2193 2059/2299/2190
f 2063/2302/2193 2064/2303/2194 266/297/279 267/296/278
f 2063/2302/2193 262/292/274 263/291/273 2064/2303/2194
f 2063/2302/2193 267/296/278 268/298/280 2059/2299/2190
f 2064/2303/2194 2066/2304/2195 2065/2305/2196 266/297/279
f 2064/2303/2194 263/291/273 264/293/275 2066/2304/2195
f 2066/2304/2195 223/247/229 224/246/228 2065/2305/2196
f 2066/2304/2195 264/293/275 228/251/233 223/247/229
f 2065/2305/2196 224/246/228 211/229/214 206/226/211
f 2065/2305/2196 206/226/211 207/225/210 266/297/279
f 2059/2299/2190 268/298/280 2056/2296/2187 2057/2295/2186
f 2056/2296/2187 268/298/280 265/295/277 2067/2306/2197
f 2056/2296/2187 2067/2306/2197 245/270/252 246/274/256
f 2067/2306/2197 265/295/277 208/224/209 209/228/213
f 2067/2306/2197 209/228/213 244/271/253 245/270/252
f 2015/2235/2144 2012/2233/2142 105/100/95 106/99/94
f 1983/2199/2114 1810/2009/1940 1812/2011/1942 1980/2196/2111
f 1800/1996/1929 200/214/200 201/217/202 1797/1994/1927
f 1795/1990/1923 193/207/195 194/206/194 1794/1991/1924
f 1794/1991/1924 194/206/194 2069/2307/2198 2068/2308/2199
f 1794/1991/1924 2068/2308/2199 1791/1988/1921 1792/1987/1920
f 2069/2307/2198 229/2309/234 1621/2310/1720 2070/2311/2200
f 2069/2307/2198 194/206/194 195/205/193 229/2309/234
f 2069/2307/2198 2070/2311/2200 2071/2312/2201 2068/2308/2199
f 2071/2312/2201 2070/2311/2200 235/2313/241 233/2314/240
f 2071/2312/2201 2072/2315/2202 1791/1988/1921 2068/2308/2199
f 2071/2312/2201 233/2314/240 234/2316/239 2072/2315/2202
f 2072/2315/2202 1788/1985/1918 1789/1984/1917 1791/1988/1921
f 2072/2315/2202 234/2316/239 2073/2317/2203 1788/1985/1918
f 2073/2318/2203 234/257/239 230/256/238 2074/2319/2204
f 2073/2317/2203 1785/1982/1915 1786/1981/1914 1788/1985/1918
f 2073/2318/2203 2074/2319/2204 2075/2320/2205 1785/2321/1915
f 2075/2320/2205 2074/2319/2204 1625/1782/1724 1627/1784/1726
f 2075/2320/2205 1782/1978/1912 1783/1977/1911 1785/2321/1915
f 2075/2320/2205 1627/1784/1726 2076/2322/2206 1782/1978/1912
f 2076/2322/2206 1627/1784/1726 1628/1783/1725 1631/1788/1730
f 2076/2322/2206 2077/2323/2207 1779/1972/1908 1782/1978/1912
f 2076/2322/2206 1631/1788/1730 1643/1800/1742 2077/2323/2207
f 2077/2323/2207 1646/1803/1745 1778/1973/1909 1779/1972/1908
f 2077/2323/2207 1643/1800/1742 1644/1799/1741 1646/1803/1745
f 2074/2319/2204 230/256/238 231/255/237 1625/1782/1724
f 2070/2311/2200 1621/2310/1720 1622/2324/1719 235/2313/241
f 1774/1966/1903 1656/1816/1755 1657/1815/1754 1659/1819/1758
f 1770/1962/1899 1659/1819/1758 1660/1818/1757 1662/1822/1761
f 1766/1958/1895 1662/1822/1761 1663/1821/1760 1665/1825/1764
f 1762/1954/1891 1665/1825/1764 1666/1824/1763 1668/1828/1767
f 1656/1816/1755 215/236/220 216/235/219 1654/1813/1752
f 1650/1807/1749 212/233/218 213/232/217 1648/1805/1747
f 1643/1800/1742 1631/1788/1730 1632/1787/1729 1636/1793/1735
f 1639/1795/1737 1616/1771/1713 1610/1767/1709 1611/1766/1708
f 1639/1795/1737 1634/1791/1733 1635/1790/1732 1616/1771/1713
f 1639/1795/1737 1611/1766/1708 271/300/282 272/304/286
f 1635/1790/1732 254/282/264 1615/1772/1714 1616/1771/1713
f 1635/1790/1732 1630/1786/1728 253/280/262 254/282/264
f 1621/1778/1720 229/252/234 225/250/232 1619/1776/1718
f 1619/1776/1718 225/250/232 226/249/231 1617/1773/1715
f 1613/1768/1710 226/249/231 227/248/230 1612/1769/1711
f 1612/1769/1711 2078/2325/2208 1607/1764/1706 1608/1763/1705
f 1612/1769/1711 227/248/230 228/251/233 2078/2325/2208
f 2078/2325/2208 258/288/270 259/287/269 1607/1764/1706
f 2078/2325/2208 228/251/233 264/293/275 258/288/270
f 1611/1766/1708 1606/1762/1704 270/301/283 271/300/282
f 1607/1764/1706 259/287/269 1603/1760/1702 1604/1759/1701
f 1602/1757/1699 284/316/298 277/308/290 269/302/284
f 1602/1757/1699 1597/1753/1695 283/314/296 284/316/298
f 1602/1757/1699 269/302/284 270/301/283 1601/1758/1700
f 1484/1638/1583 1432/1582/1531 1433/1581/1530 1437/1587/1536
f 1480/1633/1578 1447/1597/1546 1448/1596/1545 1452/1602/1551
f 1478/1632/1577 1452/1602/1551 1453/1601/1550 1457/1607/1556
f 1478/1632/1577 1457/1607/1556 1472/1626/1571 1474/1628/1573
f 1472/1626/1571 1457/1607/1556 1458/1606/1555 1462/1614/1561
f 1466/1617/1563 304/337/319 301/336/318 1465/1618/1564
f 1427/1577/1526 96/2191/83 97/2326/82 1423/1573/1521
f 1419/1564/1516 1414/1560/1512 168/178/166 169/177/165
f 1416/1561/1513 99/90/85 100/93/88 1415/1562/1514
f 1407/1553/1505 286/317/299 171/180/168 172/179/167
f 1403/1548/1500 285/318/300 286/317/299 1402/1549/1501
f 314/1489/1441 2453/1488/1440 2388/1908/1847 1339/1907/1846
f 1344/1923/1862 1254/1317/1274 1256/1319/1276 1343/1475/1427
f 1270/1471/1423 2368/1470/1422 2367/1376/1331 1269/1375/1330
f 1721/1914/1853 2396/1913/1852 2406/1477/1429 1730/1476/1428
f 1346/1495/1447 2409/1494/1446 2408/1883/1822 312/1882/1821
f 1339/2327/2209 1337/1441/1393 1338/1440/1392 314/348/330
f 1266/1467/1419 2349/1466/1418 2348/2328/1433 1264/2329/1432
f 1337/2330/1849 2445/2331/1848 2427/1904/1843 1336/1903/1842
f 1316/1397/1352 1296/1372/1327 1297/1371/1326 1312/1392/1347
f 1729/1479/1431 2405/1478/1430 2455/1418/1373 1354/1417/1372
f 1315/1394/1349 1311/1391/1346 177/185/173 181/191/179
f 1285/1348/1303 1246/1309/1266 1247/1308/1265 1249/1312/1269
f 1240/1303/1260 1234/1297/1254 1235/1296/1253 1237/1300/1257
f 1172/1233/1192 1166/1227/1186 1167/1226/1185 1169/1230/1189
f 1102/1161/1122 1095/1154/1115 1096/1153/1114 1098/1157/1118
f 1038/1095/1056 322/360/342 323/359/341 967/1025/988
f 929/983/949 826/874/844 924/978/944 925/977/943
f 929/983/949 832/883/851 825/875/845 826/874/844
f 924/978/944 822/870/840 919/973/939 920/972/938
f 924/978/944 826/874/844 821/871/841 822/870/840
f 919/973/939 818/866/836 914/968/934 915/967/933
f 919/973/939 822/870/840 817/867/837 818/866/836
f 914/968/934 814/862/832 909/963/929 910/962/928
f 914/968/934 818/866/836 813/863/833 814/862/832
f 909/963/929 810/858/828 904/958/924 905/957/923
f 909/963/929 814/862/832 809/859/829 810/858/828
f 904/958/924 806/854/824 899/953/919 900/952/918
f 904/958/924 810/858/828 805/855/825 806/854/824
f 899/953/919 802/850/820 894/948/914 895/947/913
f 899/953/919 806/854/824 801/851/821 802/850/820
f 894/948/914 798/846/816 889/943/909 890/942/908
f 894/948/914 802/850/820 797/847/817 798/846/816
f 889/943/909 794/842/812 884/938/904 885/937/903
f 889/943/909 798/846/816 793/843/813 794/842/812
f 884/938/904 790/838/808 879/933/899 880/932/898
f 884/938/904 794/842/812 789/839/809 790/838/808
f 879/933/899 786/834/804 875/929/895 876/928/894
f 879/933/899 790/838/808 785/835/805 786/834/804
f 875/929/895 776/824/794 771/821/791 772/820/790
f 875/929/895 786/834/804 782/831/801 776/824/794
f 862/915/881 749/797/767 743/793/763 744/792/762
f 861/913/879 316/351/333 319/356/338 860/914/880
f 858/911/877 744/792/762 738/788/758 739/787/757
f 854/907/873 739/787/757 733/783/753 734/782/752
f 850/903/869 734/782/752 728/778/748 729/777/747
f 846/899/865 729/777/747 724/774/744 725/773/743
f 842/895/861 725/773/743 719/770/740 720/769/739
f 823/872/842 722/877/741 714/761/734 715/760/733
f 819/868/838 715/760/733 709/756/729 710/755/728
f 815/864/834 710/755/728 704/751/724 705/750/723
f 811/860/830 705/750/723 699/746/719 700/745/718
f 807/856/826 700/745/718 694/741/714 695/740/713
f 803/852/822 695/740/713 689/736/709 690/735/708
f 799/848/818 690/735/708 684/731/704 685/730/703
f 795/844/814 685/730/703 679/726/699 680/725/698
f 791/840/810 680/725/698 674/721/694 675/720/693
f 787/836/806 675/720/693 669/716/689 670/715/688
f 783/832/802 670/715/688 664/711/684 665/710/683
f 780/829/799 665/710/683 659/706/679 660/705/678
f 779/828/798 648/693/666 643/690/663 644/689/662
f 779/828/798 660/705/678 655/701/674 648/693/666
f 777/826/796 644/689/662 639/686/659 640/685/658
f 773/822/792 640/685/658 635/683/656 636/682/655
f 751/799/769 618/664/637 619/663/636 750/800/770
f 750/800/770 2079/2332/2210 745/795/765 746/794/764
f 750/800/770 619/663/636 606/651/625 2079/2332/2210
f 2079/2332/2210 2081/2333/2211 2080/2334/2212 745/795/765
f 2079/2332/2210 606/651/625 607/650/624 2081/2333/2211
f 2081/2333/2211 2083/2335/2213 2082/2336/2214 2080/2334/2212
f 2081/2333/2211 607/650/624 608/653/627 2083/2335/2213
f 2083/2335/2213 2085/2337/2215 2084/2338/2216 2082/2336/2214
f 2083/2335/2213 608/653/627 2086/2339/2217 2085/2337/2215
f 2086/2339/2217 2088/2340/2218 2087/2341/2219 2085/2337/2215
f 2086/2339/2217 601/645/619 2089/2342/2220 2088/2340/2218
f 2086/2339/2217 608/653/627 600/646/620 601/645/619
f 2089/2342/2220 2091/2343/2221 2090/2344/2222 2088/2340/2218
f 2089/2342/2220 596/640/614 2092/2345/2223 2091/2343/2221
f 2089/2342/2220 601/645/619 595/641/615 596/640/614
f 2092/2346/2223 2094/2347/2224 2093/2348/2225 2091/2349/2221
f 2092/2346/2223 591/2350/609 2095/2351/2226 2094/2347/2224
f 2092/2345/2223 596/640/614 590/636/610 591/635/609
f 2095/2351/2226 2097/2352/2227 2096/2353/2228 2094/2347/2224
f 2095/2351/2226 586/627/604 2098/2354/2229 2097/2352/2227
f 2095/2351/2226 591/2350/609 585/628/605 586/627/604
f 2098/2354/2229 2100/2355/2230 2099/2356/2231 2097/2352/2227
f 2098/2354/2229 581/622/599 2101/2357/2232 2100/2355/2230
f 2098/2354/2229 586/627/604 580/623/600 581/622/599
f 2101/2357/2232 2103/2358/2233 2102/2359/2234 2100/2355/2230
f 2101/2357/2232 577/618/595 2104/2360/2235 2103/2358/2233
f 2101/2357/2232 581/622/599 576/619/596 577/618/595
f 2104/2360/2235 2106/2361/2236 2105/2362/2237 2103/2358/2233
f 2104/2360/2235 573/614/591 2107/2363/2238 2106/2361/2236
f 2104/2360/2235 577/618/595 572/615/592 573/614/591
f 2107/2363/2238 2109/2364/2239 2108/2365/2240 2106/2361/2236
f 2107/2363/2238 569/610/587 2110/2366/2241 2109/2364/2239
f 2107/2363/2238 573/614/591 568/611/588 569/610/587
f 2110/2366/2241 2112/2367/2242 2111/2368/2243 2109/2364/2239
f 2110/2366/2241 565/607/584 2113/2369/2244 2112/2367/2242
f 2110/2366/2241 569/610/587 564/608/585 565/607/584
f 2113/2369/2244 2115/2370/2245 2114/2371/2246 2112/2367/2242
f 2113/2369/2244 2117/2372/2247 2116/2373/2248 2115/2370/2245
f 2113/2369/2244 565/607/584 566/606/583 2117/2372/2247
f 2117/2372/2247 242/266/248 240/265/247 2116/2373/2248
f 2117/2372/2247 566/606/583 559/600/577 242/266/248
f 2116/2373/2248 2119/2374/2249 2118/2375/2250 2115/2370/2245
f 2116/2373/2248 240/265/247 241/264/246 2119/2374/2249
f 2119/2374/2249 2121/2376/2251 2120/2377/2252 2118/2375/2250
f 2119/2374/2249 241/264/246 496/536/516 2121/2376/2251
f 2121/2376/2251 499/539/519 2122/2378/2253 2120/2377/2252
f 2121/2376/2251 496/536/516 497/535/515 499/539/519
f 2122/2378/2253 502/542/522 2124/2379/2254 2123/2380/2255
f 2122/2378/2253 499/539/519 500/538/518 502/542/522
f 2122/2378/2253 2123/2380/2255 2125/2381/2256 2120/2377/2252
f 2125/2381/2256 2123/2380/2255 2127/2382/2257 2126/2383/2258
f 2125/2381/2256 2128/2384/2259 2118/2375/2250 2120/2377/2252
f 2125/2381/2256 2126/2383/2258 2129/2385/2260 2128/2384/2259
f 2129/2385/2260 2126/2383/2258 2131/2386/2261 2130/2387/2262
f 2129/2385/2260 2132/2388/2263 2114/2371/2246 2128/2384/2259
f 2129/2385/2260 2130/2387/2262 2133/2389/2264 2132/2388/2263
f 2133/2389/2264 2130/2387/2262 2135/2390/2265 2134/2391/2266
f 2133/2389/2264 2136/2392/2267 2111/2368/2243 2132/2388/2263
f 2133/2389/2264 2134/2391/2266 2137/2393/2268 2136/2392/2267
f 2137/2393/2268 2134/2391/2266 2139/2394/2269 2138/2395/2270
f 2137/2393/2268 2140/2396/2271 2108/2365/2240 2136/2392/2267
f 2137/2393/2268 2138/2395/2270 2141/2397/2272 2140/2396/2271
f 2141/2397/2272 2138/2395/2270 2143/2398/2273 2142/2399/2274
f 2141/2397/2272 2144/2400/2275 2105/2362/2237 2140/2396/2271
f 2141/2397/2272 2142/2399/2274 2145/2401/2276 2144/2400/2275
f 2145/2401/2276 2142/2399/2274 2147/2402/2277 2146/2403/2278
f 2145/2401/2276 2148/2404/2279 2102/2359/2234 2144/2400/2275
f 2145/2401/2276 2146/2403/2278 2149/2405/2280 2148/2404/2279
f 2149/2405/2280 2146/2403/2278 2151/2406/2281 2150/2407/2282
f 2149/2405/2280 2152/2408/2283 2099/2356/2231 2148/2404/2279
f 2149/2405/2280 2150/2407/2282 2153/2409/2284 2152/2408/2283
f 2153/2409/2284 2150/2407/2282 2155/2410/2285 2154/2411/2286
f 2153/2409/2284 2156/2412/2287 2096/2353/2228 2152/2408/2283
f 2153/2409/2284 2154/2411/2286 2157/2413/2288 2156/2412/2287
f 2157/2413/2288 2154/2411/2286 2159/2414/2289 2158/2415/2290
f 2157/2413/2288 2160/2416/2291 2093/2348/2225 2156/2412/2287
f 2157/2413/2288 2158/2415/2290 2161/2417/2292 2160/2416/2291
f 2161/2417/2292 2158/2415/2290 2163/2418/2293 2162/2419/2294
f 2161/2417/2292 2164/2420/2295 2090/2421/2222 2160/2416/2291
f 2161/2417/2292 2162/2419/2294 2165/2422/2296 2164/2420/2295
f 2165/2422/2296 2162/2419/2294 2167/2423/2297 2166/2424/2298
f 2165/2425/2296 2168/2426/2299 2087/2341/2219 2164/2427/2295
f 2165/2425/2296 2166/2428/2298 2169/2429/2300 2168/2426/2299
f 2169/2429/2300 2166/2428/2298 2171/2430/2301 2170/2431/2302
f 2169/2429/2300 2172/2432/2303 2084/2338/2216 2168/2426/2299
f 2169/2429/2300 2170/2431/2302 2173/2433/2304 2172/2432/2303
f 2173/2433/2304 730/780/750 731/779/749 735/785/755
f 2173/2433/2304 2170/2431/2302 2174/2434/2305 730/780/750
f 2173/2433/2304 735/785/755 2175/2435/2306 2172/2432/2303
f 2175/2435/2306 735/785/755 736/784/754 740/790/760
f 2175/2435/2306 2082/2336/2214 2084/2338/2216 2172/2432/2303
f 2175/2435/2306 740/790/760 2080/2334/2212 2082/2336/2214
f 2174/2434/2305 716/764/736 726/775/745 730/780/750
f 2174/2434/2305 711/2436/731 712/765/730 716/764/736
f 2174/2434/2305 2170/2431/2302 2171/2430/2301 711/2436/731
f 2171/2437/2301 706/753/726 707/752/725 711/758/731
f 2171/2437/2301 2166/2424/2298 2167/2423/2297 706/753/726
f 2168/2426/2299 2084/2338/2216 2085/2337/2215 2087/2341/2219
f 2167/2423/2297 701/748/721 702/747/720 706/753/726
f 2167/2423/2297 2162/2419/2294 2163/2418/2293 701/748/721
f 2164/2427/2295 2087/2341/2219 2088/2340/2218 2090/2344/2222
f 2163/2418/2293 696/743/716 697/742/715 701/748/721
f 2163/2418/2293 2158/2415/2290 2159/2414/2289 696/743/716
f 2160/2416/2291 2090/2421/2222 2091/2349/2221 2093/2348/2225
f 2159/2414/2289 691/738/711 692/737/710 696/743/716
f 2159/2414/2289 2154/2411/2286 2155/2410/2285 691/738/711
f 2156/2412/2287 2093/2348/2225 2094/2347/2224 2096/2353/2228
f 2155/2410/2285 686/733/706 687/732/705 691/738/711
f 2155/2410/2285 2150/2407/2282 2151/2406/2281 686/733/706
f 2152/2408/2283 2096/2353/2228 2097/2352/2227 2099/2356/2231
f 2151/2406/2281 681/728/701 682/727/700 686/733/706
f 2151/2406/2281 2146/2403/2278 2147/2402/2277 681/728/701
f 2148/2404/2279 2099/2356/2231 2100/2355/2230 2102/2359/2234
f 2147/2402/2277 676/723/696 677/722/695 681/728/701
f 2147/2402/2277 2142/2399/2274 2143/2398/2273 676/723/696
f 2144/2400/2275 2102/2359/2234 2103/2358/2233 2105/2362/2237
f 2143/2398/2273 671/718/691 672/717/690 676/723/696
f 2143/2398/2273 2138/2395/2270 2139/2394/2269 671/718/691
f 2140/2396/2271 2105/2362/2237 2106/2361/2236 2108/2365/2240
f 2139/2394/2269 666/713/686 667/712/685 671/718/691
f 2139/2394/2269 2134/2391/2266 2135/2390/2265 666/713/686
f 2136/2392/2267 2108/2365/2240 2109/2364/2239 2111/2368/2243
f 2135/2390/2265 661/708/681 662/707/680 666/713/686
f 2135/2390/2265 2130/2387/2262 2131/2386/2261 661/708/681
f 2132/2388/2263 2111/2368/2243 2112/2367/2242 2114/2371/2246
f 2131/2386/2261 656/703/676 657/702/675 661/708/681
f 2131/2386/2261 2126/2383/2258 2127/2382/2257 656/703/676
f 2128/2384/2259 2114/2371/2246 2115/2370/2245 2118/2375/2250
f 2127/2382/2257 652/699/672 653/698/671 656/703/676
f 2127/2382/2257 2123/2380/2255 2124/2379/2254 652/699/672
f 2124/2379/2254 505/545/525 651/697/670 652/699/672
f 2124/2379/2254 502/542/522 503/541/521 505/545/525
f 2080/2334/2212 740/790/760 741/789/759 745/795/765
f 651/697/670 505/545/525 506/544/524 508/548/528
f 649/695/668 508/548/528 509/547/527 511/551/531
f 645/691/664 511/551/531 512/550/530 514/554/534
f 641/687/660 514/554/534 515/553/533 517/557/537
f 582/625/602 544/588/564 546/587/566 578/620/597
f 574/616/593 546/587/566 547/586/565 549/592/569
f 570/612/589 549/592/569 550/591/568 552/595/572
f 559/600/577 556/599/576 237/267/249 242/266/248
f 496/536/516 241/264/246 238/263/245 494/533/513
f 2177/2438/2307 2179/2439/2308 2178/2440/2309 2176/2441/2310
f 2177/2438/2307 330/371/353 332/370/352 2179/2439/2308
f 2179/2439/2308 2181/2442/2311 2180/2443/2312 2178/2440/2309
f 2179/2439/2308 332/370/352 334/373/355 2181/2442/2311
f 2181/2442/2311 2183/2444/2313 2182/2445/2314 2180/2443/2312
f 2181/2442/2311 334/373/355 2184/2446/2315 2183/2444/2313
f 2184/2446/2315 334/373/355 335/372/354 338/377/359
f 2184/2446/2315 2186/2447/2316 2185/2448/2317 2183/2444/2313
f 2184/2446/2315 338/377/359 2187/2449/2318 2186/2447/2316
f 2187/2449/2318 338/377/359 339/376/358 343/382/364
f 2187/2449/2318 2189/2450/2319 2188/2451/2320 2186/2447/2316
f 2187/2449/2318 343/382/364 2190/2452/2321 2189/2450/2319
f 2190/2452/2321 343/382/364 344/381/363 348/387/369
f 2190/2452/2321 2192/2453/2322 2191/2454/2323 2189/2450/2319
f 2190/2452/2321 348/387/369 2193/2455/2324 2192/2453/2322
f 2193/2455/2324 348/387/369 349/386/368 353/392/374
f 2193/2455/2324 2195/2456/2325 2194/2457/2326 2192/2453/2322
f 2193/2455/2324 353/392/374 2196/2458/2327 2195/2456/2325
f 2196/2458/2327 353/392/374 354/391/373 358/397/379
f 2196/2458/2327 2198/2459/2328 2197/2460/2329 2195/2456/2325
f 2196/2458/2327 358/397/379 2199/2461/2330 2198/2459/2328
f 2199/2461/2330 358/397/379 359/396/378 363/402/384
f 2199/2461/2330 377/416/398 2200/2462/2331 2198/2459/2328
f 2199/2461/2330 363/402/384 373/411/393 377/416/398
f 2200/2462/2331 377/416/398 378/415/397 382/421/403
f 2200/2462/2331 2201/2463/2332 2197/2460/2329 2198/2459/2328
f 2200/2462/2331 382/421/403 2202/2464/2333 2201/2463/2332
f 2202/2464/2333 382/421/403 383/420/402 387/426/408
f 2202/2464/2333 2204/2465/2334 2203/2466/2335 2201/2463/2332
f 2202/2464/2333 387/426/408 2205/2467/2336 2204/2465/2334
f 2205/2467/2336 387/426/408 388/425/407 392/431/413
f 2205/2467/2336 2207/2468/2337 2206/2469/2338 2204/2465/2334
f 2205/2467/2336 392/431/413 2208/2470/2339 2207/2468/2337
f 2208/2470/2339 392/431/413 393/430/412 397/436/418
f 2208/2470/2339 2210/2471/2340 2209/2472/2341 2207/2468/2337
f 2208/2470/2339 397/436/418 2211/2473/2342 2210/2471/2340
f 2211/2473/2342 397/436/418 398/435/417 402/441/423
f 2211/2473/2342 2213/2474/2343 2212/2475/2344 2210/2471/2340
f 2211/2473/2342 402/441/423 2214/2476/2345 2213/2474/2343
f 2214/2476/2345 402/441/423 403/440/422 407/446/428
f 2214/2476/2345 2216/2477/2346 2215/2478/2347 2213/2474/2343
f 2214/2476/2345 407/446/428 2217/2479/2348 2216/2477/2346
f 2217/2479/2348 407/446/428 408/445/427 412/451/433
f 2217/2479/2348 2219/2480/2349 2218/2481/2350 2216/2477/2346
f 2217/2479/2348 412/451/433 2220/2482/2351 2219/2480/2349
f 2220/2482/2351 412/451/433 413/450/432 417/456/438
f 2220/2482/2351 2222/2483/2352 2221/2484/2353 2219/2480/2349
f 2220/2482/2351 417/456/438 2223/2485/2354 2222/2483/2352
f 2223/2485/2354 417/456/438 418/455/437 422/461/443
f 2223/2485/2354 327/366/348 2224/2486/2355 2222/2483/2352
f 2223/2485/2354 422/461/443 326/362/344 327/366/348
f 2224/2486/2355 2225/2487/2356 2221/2484/2353 2222/2483/2352
f 2224/2486/2355 2227/2488/2357 2226/2489/2358 2225/2487/2356
f 2224/2486/2355 327/366/348 328/365/347 2227/2488/2357
f 2227/2488/2357 2229/2490/2359 2228/2491/2360 2226/2489/2358
f 2227/2488/2357 328/365/347 329/367/349 2229/2490/2359
f 2229/2490/2359 2231/2492/2361 2230/2493/2362 2228/2491/2360
f 2229/2490/2359 329/367/349 2232/2494/2363 2231/2492/2361
f 2232/2494/2363 329/367/349 324/364/346 426/2495/2364
f 2230/2493/2362 2234/2496/2365 2233/2497/2366 2228/2491/2360
f 2234/2496/2365 2236/2498/2367 2235/2499/2368 2233/2497/2366
f 2236/2498/2367 2238/2500/2369 2237/2501/2370 2235/2499/2368
f 2241/2502/2371 2243/2503/2372 2242/2504/2373 2240/2505/2374
f 2241/2502/2371 2176/2441/2310 2178/2440/2309 2243/2503/2372
f 2243/2503/2372 2245/2506/2375 2244/2507/2376 2242/2504/2373
f 2243/2503/2372 2178/2440/2309 2180/2443/2312 2245/2506/2375
f 2245/2506/2375 2247/2508/2377 2246/2509/2378 2244/2507/2376
f 2245/2506/2375 2180/2443/2312 2182/2445/2314 2247/2508/2377
f 2247/2508/2377 2249/2510/2379 2248/2511/2380 2246/2509/2378
f 2247/2508/2377 2182/2445/2314 2250/2512/2381 2249/2510/2379
f 2250/2512/2381 2182/2445/2314 2183/2444/2313 2185/2448/2317
f 2250/2512/2381 2252/2513/2382 2251/2514/2383 2249/2510/2379
f 2250/2512/2381 2185/2448/2317 2253/2515/2384 2252/2513/2382
f 2253/2515/2384 2185/2448/2317 2186/2447/2316 2188/2451/2320
f 2253/2515/2384 2255/2516/2385 2254/2517/2386 2252/2513/2382
f 2253/2515/2384 2188/2451/2320 2256/2518/2387 2255/2516/2385
f 2256/2518/2387 2188/2451/2320 2189/2450/2319 2191/2454/2323
f 2256/2518/2387 2258/2519/2388 2257/2520/2389 2255/2516/2385
f 2256/2518/2387 2191/2454/2323 2259/2521/2390 2258/2519/2388
f 2259/2521/2390 2191/2454/2323 2192/2453/2322 2194/2457/2326
f 2259/2521/2390 2261/2522/2391 2260/2523/2392 2258/2519/2388
f 2259/2521/2390 2194/2457/2326 2262/2524/2393 2261/2522/2391
f 2262/2524/2393 2194/2457/2326 2195/2456/2325 2197/2460/2329
f 2262/2524/2393 2203/2466/2335 2263/2525/2394 2261/2522/2391
f 2262/2524/2393 2197/2460/2329 2201/2463/2332 2203/2466/2335
f 2263/2525/2394 2264/2526/2395 2260/2523/2392 2261/2522/2391
f 2263/2525/2394 2206/2469/2338 2265/2527/2396 2264/2526/2395
f 2263/2525/2394 2203/2466/2335 2204/2465/2334 2206/2469/2338
f 2265/2527/2396 2206/2469/2338 2207/2468/2337 2209/2472/2341
f 2265/2527/2396 2267/2528/2397 2266/2529/2398 2264/2526/2395
f 2265/2527/2396 2209/2472/2341 2268/2530/2399 2267/2528/2397
f 2268/2530/2399 2209/2472/2341 2210/2471/2340 2212/2475/2344
f 2268/2530/2399 2270/2531/2400 2269/2532/2401 2267/2528/2397
f 2268/2530/2399 2212/2475/2344 2271/2533/2402 2270/2531/2400
f 2271/2533/2402 2212/2475/2344 2213/2474/2343 2215/2478/2347
f 2271/2533/2402 2273/2534/2403 2272/2535/2404 2270/2531/2400
f 2271/2533/2402 2215/2478/2347 2274/2536/2405 2273/2534/2403
f 2274/2536/2405 2215/2478/2347 2216/2477/2346 2218/2481/2350
f 2274/2536/2405 2276/2537/2406 2275/2538/2407 2273/2534/2403
f 2274/2536/2405 2218/2481/2350 2277/2539/2408 2276/2537/2406
f 2277/2539/2408 2218/2481/2350 2219/2480/2349 2221/2484/2353
f 2277/2539/2408 2279/2540/2409 2278/2541/2410 2276/2537/2406
f 2277/2539/2408 2221/2484/2353 2225/2487/2356 2279/2540/2409
f 2279/2540/2409 2281/2542/2411 2280/2543/2412 2278/2541/2410
f 2279/2540/2409 2225/2487/2356 2226/2489/2358 2281/2542/2411
f 2281/2542/2411 2233/2497/2366 2235/2499/2368 2280/2543/2412
f 2281/2542/2411 2226/2489/2358 2228/2491/2360 2233/2497/2366
f 2280/2543/2412 2283/2544/2413 2282/2545/2414 2278/2541/2410
f 2280/2543/2412 2235/2499/2368 2237/2501/2370 2283/2544/2413
f 2283/2544/2413 2285/2546/2415 2284/2547/2416 2282/2545/2414
f 2283/2544/2413 2237/2501/2370 2286/2548/2417 2285/2546/2415
f 2286/2548/2417 2288/2549/2418 2287/2550/2419 2285/2546/2415
f 2286/2548/2417 2239/2551/2420 2289/2552/2421 2288/2549/2418
f 2286/2548/2417 2237/2501/2370 2238/2500/2369 2239/2551/2420
f 2289/2552/2421 2291/2553/2422 2290/2554/2423 2288/2549/2418
f 2294/2555/2424 2296/2556/2425 2295/2557/2426 2293/2558/2427
f 2294/2555/2424 2240/2505/2374 2242/2504/2373 2296/2556/2425
f 2296/2556/2425 2298/2559/2428 2297/2560/2429 2295/2557/2426
f 2296/2556/2425 2242/2504/2373 2244/2507/2376 2298/2559/2428
f 2298/2559/2428 2300/2561/2430 2299/2562/2431 2297/2560/2429
f 2298/2559/2428 2244/2507/2376 2246/2509/2378 2300/2561/2430
f 2300/2561/2430 2302/2563/2432 2301/2564/2433 2299/2562/2431
f 2300/2561/2430 2246/2509/2378 2248/2511/2380 2302/2563/2432
f 2302/2563/2432 2304/2565/2434 2303/2566/2435 2301/2564/2433
f 2302/2563/2432 2248/2511/2380 2305/2567/2436 2304/2565/2434
f 2305/2567/2436 2248/2511/2380 2249/2510/2379 2251/2514/2383
f 2305/2567/2436 2307/2568/2437 2306/2569/2438 2304/2565/2434
f 2305/2567/2436 2251/2514/2383 2308/2570/2439 2307/2568/2437
f 2308/2570/2439 2251/2514/2383 2252/2513/2382 2254/2517/2386
f 2308/2570/2439 2310/2571/2440 2309/2572/2441 2307/2568/2437
f 2308/2570/2439 2254/2517/2386 2311/2573/2442 2310/2571/2440
f 2311/2573/2442 2254/2517/2386 2255/2516/2385 2257/2520/2389
f 2311/2573/2442 2313/2574/2443 2312/2575/2444 2310/2571/2440
f 2311/2573/2442 2257/2520/2389 2314/2576/2445 2313/2574/2443
f 2314/2576/2445 2257/2520/2389 2258/2519/2388 2260/2523/2392
f 2314/2576/2445 2266/2529/2398 2315/2577/2446 2313/2574/2443
f 2314/2576/2445 2260/2523/2392 2264/2526/2395 2266/2529/2398
f 2315/2577/2446 2316/2578/2447 2312/2575/2444 2313/2574/2443
f 2315/2577/2446 2269/2532/2401 2317/2579/2448 2316/2578/2447
f 2315/2577/2446 2266/2529/2398 2267/2528/2397 2269/2532/2401
f 2317/2579/2448 2319/2580/2449 2318/2581/2450 2316/2578/2447
f 2317/2579/2448 2272/2535/2404 2320/2582/2451 2319/2580/2449
f 2317/2579/2448 2269/2532/2401 2270/2531/2400 2272/2535/2404
f 2320/2582/2451 2272/2535/2404 2273/2534/2403 2275/2538/2407
f 2320/2582/2451 2284/2547/2416 2321/2583/2452 2319/2580/2449
f 2320/2582/2451 2275/2538/2407 2282/2545/2414 2284/2547/2416
f 2321/2583/2452 2322/2584/2453 2318/2581/2450 2319/2580/2449
f 2321/2583/2452 2287/2550/2419 2323/2585/2454 2322/2584/2453
f 2321/2583/2452 2284/2547/2416 2285/2546/2415 2287/2550/2419
f 2323/2585/2454 2325/2586/2455 2324/2587/2456 2322/2584/2453
f 2323/2585/2454 2290/2554/2423 2326/2588/2457 2325/2586/2455
f 2323/2585/2454 2287/2550/2419 2288/2549/2418 2290/2554/2423
f 2326/2588/2457 2328/2589/2458 2327/2590/2459 2325/2586/2455
f 2326/2588/2457 2292/2591/2460 2329/2592/2461 2328/2589/2458
f 2326/2588/2457 2290/2554/2423 2291/2553/2422 2292/2591/2460
f 2329/2592/2461 2331/2593/2462 2330/2594/2463 2328/2589/2458
f 2334/2595/2464 2336/2596/2465 2335/2597/2466 2333/2598/2467
f 2334/2595/2464 2293/2558/2427 2295/2557/2426 2336/2596/2465
f 2336/2596/2465 2338/2599/2468 2337/2600/2469 2335/2597/2466
f 2336/2596/2465 2295/2557/2426 2297/2560/2429 2338/2599/2468
f 2338/2599/2468 2340/2601/2470 2339/2602/2471 2337/2600/2469
f 2338/2599/2468 2297/2560/2429 2299/2562/2431 2340/2601/2470
f 2340/2601/2470 2342/2603/2472 2341/2604/2473 2339/2602/2471
f 2340/2601/2470 2299/2562/2431 2301/2564/2433 2342/2603/2472
f 2342/2603/2472 2343/2605/2474 2332/2606/2475 2341/2604/2473
f 2342/2603/2472 2301/2564/2433 2303/2566/2435 2343/2605/2474
f 2343/2605/2474 2330/2594/2463 2331/2593/2462 2332/2606/2475
f 2343/2605/2474 2303/2566/2435 2344/2607/2476 2330/2594/2463
f 2344/2607/2476 2303/2566/2435 2304/2565/2434 2306/2569/2438
f 2344/2607/2476 2327/2590/2459 2328/2589/2458 2330/2594/2463
f 2344/2607/2476 2306/2569/2438 2345/2608/2477 2327/2590/2459
f 2345/2608/2477 2306/2569/2438 2307/2568/2437 2309/2572/2441
f 2345/2608/2477 2324/2587/2456 2325/2586/2455 2327/2590/2459
f 2345/2608/2477 2309/2572/2441 2346/2609/2478 2324/2587/2456
f 2346/2609/2478 2309/2572/2441 2310/2571/2440 2312/2575/2444
f 2346/2609/2478 2318/2581/2450 2322/2584/2453 2324/2587/2456
f 2346/2609/2478 2312/2575/2444 2316/2578/2447 2318/2581/2450
f 2282/2545/2414 2275/2538/2407 2276/2537/2406 2278/2541/2410
f 426/2495/2364 324/364/346 325/363/345 425/463/445
f 423/460/442 325/363/345 326/362/344 422/461/443
f 342/379/361 337/375/357 219/243/225 220/242/224
f 291/323/305 287/321/303 257/284/266 260/290/272
f 291/323/305 152/157/148 153/156/147 174/183/171
f 291/323/305 260/290/272 156/158/149 152/157/148
f 288/320/302 256/285/267 257/284/266 287/321/303
f 224/246/228 196/209/196 197/213/199 211/229/214
f 205/222/207 203/221/206 161/166/155 159/165/154
f 187/197/185 133/132/125 134/131/124 186/198/186
f 132/1943/122 119/112/107 53/104/99 114/110/105
f 2350/1465/1417 2352/2610/2479 2351/2611/2480 2349/1466/1418
f 2350/1465/1417 2411/1485/1437 2353/2612/2481 2352/2610/2479
f 2353/2612/2481 2417/2613/2482 2354/2614/2483 2352/2610/2479
f 2353/2612/2481 2356/2615/2484 2355/2616/2485 2417/2613/2482
f 2353/2612/2481 2411/1485/1437 2412/1367/1322 2356/2615/2484
f 2356/2615/2484 2418/2617/2486 2357/2618/2487 2355/2616/2485
f 2356/2615/2484 2412/1367/1322 2440/1366/1321 2418/2617/2486
f 2418/2617/2486 2359/2619/2488 2358/2620/2489 2357/2618/2487
f 2418/2617/2486 2440/1366/1321 2413/1891/1830 2359/2619/2488
f 2359/2619/2488 2419/2621/2490 2360/2622/2491 2358/2620/2489
f 2359/2619/2488 2413/1891/1830 2414/1886/1825 2419/2621/2490
f 2419/2621/2490 2362/2623/2492 2361/2624/2493 2360/2622/2491
f 2419/2621/2490 2414/1886/1825 2415/1885/1824 2362/2623/2492
f 2362/2623/2492 2420/2625/2494 2363/2626/2495 2361/2624/2493
f 2362/2623/2492 2415/1885/1824 2416/1482/1434 2420/2625/2494
f 2420/2625/2494 2365/2627/2496 2364/2628/2497 2363/2626/2495
f 2420/2625/2494 2416/1482/1434 2421/1377/1332 2365/2627/2496
f 2365/2627/2496 2422/2629/2498 2366/2630/2499 2364/2628/2497
f 2365/2627/2496 2421/1377/1332 2367/1376/1331 2422/2629/2498
f 2367/1376/1331 2368/1470/1422 2423/2631/2500 2422/2629/2498
f 2369/1363/1318 2441/1362/1317 2424/2632/2501 2370/2633/2502
f 2369/1363/1318 2370/2633/2502 2372/2634/2503 2371/1454/1406
f 2372/2634/2503 2370/2633/2502 2374/2635/2504 2373/2636/2505
f 2372/2634/2503 2423/2631/2500 2368/1470/1422 2371/1454/1406
f 2372/2634/2503 2373/2636/2505 2375/2637/2506 2423/2631/2500
f 2375/2637/2506 2373/2636/2505 2376/1894/1833 2443/1892/1831
f 2375/2637/2506 2366/2630/2499 2422/2629/2498 2423/2631/2500
f 2375/2637/2506 2443/1892/1831 2425/1452/1404 2366/2630/2499
f 2425/1452/1404 2377/1451/1403 2364/2628/2497 2366/2630/2499
f 2378/1430/1385 2360/2622/2491 2361/2624/2493 2380/1431/1386
f 2378/1430/1385 2379/1906/1845 2358/2620/2489 2360/2622/2491
f 2426/1427/1382 2357/2618/2487 2358/2620/2489 2379/1906/1845
f 2426/1427/1382 2381/1405/1360 2355/2616/2485 2357/2618/2487
f 2382/1404/1359 2417/2613/2482 2355/2616/2485 2381/1405/1360
f 2382/1404/1359 2383/1473/1425 2354/2614/2483 2417/2613/2482
f 2427/1904/1843 2428/2638/2507 2354/2614/2483 2383/1473/1425
f 2427/1904/1843 2445/2331/1848 2429/2639/2508 2428/2638/2507
f 2429/2640/2508 2445/1909/1848 2388/1908/1847 2446/2641/2509
f 2429/2639/2508 2430/2642/2510 2351/2611/2480 2428/2638/2507
f 2429/2640/2508 2446/2641/2509 2384/1458/1410 2430/2643/2510
f 2384/1458/1410 2446/2641/2509 2385/2644/2511 2447/1889/1828
f 2384/1458/1410 2347/1457/1409 2348/1481/1433 2430/2643/2510
f 2385/2644/2511 2386/2645/2512 2410/2646/2513 2387/2647/2514
f 2385/2644/2511 2446/2641/2509 2388/1908/1847 2386/2645/2512
f 2385/2644/2511 2387/2647/2514 2389/1414/1369 2447/1889/1828
f 2389/1414/1369 2387/2647/2514 2431/2648/2515 2390/1415/1370
f 2431/2648/2515 2387/2647/2514 2410/2646/2513 2448/2649/2516
f 2431/2648/2515 2392/2650/2517 2391/1447/1399 2390/1415/1370
f 2431/2648/2515 2448/2649/2516 2432/2651/2518 2392/2650/2517
f 2432/2651/2518 2448/2649/2516 2409/1494/1446 2449/1468/1420
f 2432/2651/2518 2434/2652/2519 2433/2653/2520 2392/2650/2517
f 2432/2651/2518 2449/1468/1420 2450/1442/1394 2434/2652/2519
f 2450/1442/1394 2452/1419/1374 2451/2654/2521 2434/2652/2519
f 2394/1918/1857 2374/2635/2504 2395/2655/2522 2393/1912/1851
f 2394/1918/1857 2376/1894/1833 2373/2636/2505 2374/2635/2504
f 2395/2655/2522 2397/2656/2523 2396/1913/1852 2393/1912/1851
f 2395/2655/2522 2424/2632/2501 2398/2657/2524 2397/2656/2523
f 2395/2655/2522 2374/2635/2504 2370/2633/2502 2424/2632/2501
f 2398/2657/2524 2435/2658/2525 2399/2659/2526 2397/2656/2523
f 2398/2657/2524 2442/1402/1357 2400/1445/1397 2435/2658/2525
f 2398/2657/2524 2424/2632/2501 2441/1362/1317 2442/1402/1357
f 2400/1445/1397 2401/1359/1314 2436/2660/2527 2435/2658/2525
f 2403/1881/1820 2407/1448/1400 2433/2653/2520 2437/2661/2528
f 2403/1881/1820 2437/2661/2528 2404/2662/2529 2402/1358/1313
f 2404/2662/2529 2437/2661/2528 2451/2654/2521 2438/2663/2530
f 2404/2662/2529 2436/2660/2527 2401/1359/1314 2402/1358/1313
f 2404/2662/2529 2438/2663/2530 2439/2664/2531 2436/2660/2527
f 2439/2664/2531 2438/2663/2530 2455/1418/1373 2405/1478/1430
f 2439/2664/2531 2399/2659/2526 2435/2658/2525 2436/2660/2527
f 2439/2664/2531 2405/1478/1430 2406/1477/1429 2399/2659/2526
f 2406/1477/1429 2396/1913/1852 2397/2656/2523 2399/2659/2526
f 2438/2663/2530 2451/2654/2521 2452/1419/1374 2455/1418/1373
f 2407/1448/1400 2391/1447/1399 2392/2650/2517 2433/2653/2520
f 2437/2661/2528 2433/2653/2520 2434/2652/2519 2451/2654/2521
f 2409/1494/1446 2448/2649/2516 2410/2646/2513 2408/1883/1822
f 2386/2645/2512 2454/1487/1439 2408/1883/1822 2410/2646/2513
f 2386/2645/2512 2388/1908/1847 2453/1488/1440 2454/1487/1439
f 2430/2642/2510 2348/2328/1433 2349/1466/1418 2351/2611/2480
f 2428/2638/2507 2351/2611/2480 2352/2610/2479 2354/2614/2483
f 2380/1431/1386 2361/2624/2493 2363/2626/2495 2444/1460/1412
f 2444/1460/1412 2363/2626/2495 2364/2628/2497 2377/1451/1403
f 2456/2665/2532 2462/2666/2533 2460/2667/2534 2458/2668/2534
f 2459/2669/2535 2463/2670/2535 2461/2671/2535 2457/2672/2535
f 2462/2666/2536 2466/2673/2536 2464/2674/2536 2460/2667/2536
f 2463/2670/2537 2467/2675/2537 2465/2676/2537 2461/2671/2537
f 2503/2677/2538 2501/2678/2539 2466/2673/2540
f 2503/2677/2538 2504/2679/2541 2505/2680/2542
f 2477/2681/2543 2478/2682/2544 2493/2683/2544 2491/2684/2545
f 2478/2682/2544 2476/2685/2546 2492/2686/2547 2493/2683/2544
f 2489/2687/2548 2490/2688/2549 2481/2689/2550 2479/2690/2548
f 2490/2688/2549 2488/2691/2551 2480/2692/2552 2481/2689/2550
f 2474/2693/2553 2475/2694/2553 2487/2695/2553 2485/2696/2553
f 2475/2694/2554 2473/2697/2554 2486/2698/2554 2487/2695/2554
f 2483/2699/2555 2484/2700/2556 2472/2701/2556 2470/2702/2557
f 2484/2700/2556 2482/2703/2558 2471/2704/2558 2472/2701/2556
f 2503/2677/2559 2505/2680/2559 2493/2683/2559 2492/2686/2559
f 2505/2680/2560 2504/2679/2560 2491/2684/2560 2493/2683/2560
f 2488/2691/2561 2490/2688/2561 2502/2705/2561 2501/2678/2561
f 2490/2688/2562 2489/2687/2562 2500/2706/2562 2502/2705/2562
f 2485/2696/2563 2487/2695/2563 2499/2707/2563 2498/2708/2563
f 2487/2695/2564 2486/2698/2564 2497/2709/2564 2499/2707/2564
f 2494/2710/2565 2496/2711/2565 2484/2700/2565 2483/2699/2565
f 2496/2711/2566 2495/2712/2566 2482/2703/2566 2484/2700/2566
f 2479/2690/2567 2481/2689/2567 2517/2713/2567 2515/2714/2567
f 2481/2689/2568 2480/2692/2568 2516/2715/2568 2517/2713/2568
f 2512/2716/2569 2514/2717/2569 2478/2682/2569 2477/2681/2569
f 2514/2717/2570 2513/2718/2570 2476/2685/2570 2478/2682/2570
f 2470/2702/2571 2472/2701/2571 2508/2719/2571 2506/2720/2571
f 2472/2701/2572 2471/2704/2572 2507/2721/2572 2508/2719/2572
f 2509/2722/2573 2511/2723/2573 2475/2694/2573 2474/2693/2573
f 2511/2723/2574 2510/2724/2574 2473/2697/2574 2475/2694/2574
f 2465/2676/2575 2464/2674/2575 2466/2673/2575
f 2467/2675/2576 2464/2674/2576 2465/2676/2576
f 2503/2677/2538 2466/2673/2540 2504/2679/2541
f 2470/2702/2577 2506/2720/2577 2469/2725/2577 2458/2668/2577
f 2471/2704/2578 2482/2703/2578 2486/2698/2578 2473/2697/2578
f 2458/2668/2534 2460/2667/2534 2483/2699/2555 2470/2702/2557
f 2473/2697/2579 2510/2724/2579 2507/2721/2579 2471/2704/2579
f 2474/2693/2580 2485/2696/2580 2463/2670/2580 2459/2669/2580
f 2459/2669/2581 2519/2726/2581 2509/2722/2581 2474/2693/2581
f 2476/2685/2582 2513/2718/2582 2516/2715/2582 2480/2692/2582
f 2477/2681/2543 2491/2684/2545 2462/2666/2533 2456/2665/2532
f 2480/2692/2552 2488/2691/2551 2492/2686/2547 2476/2685/2546
f 2456/2665/2583 2518/2727/2583 2512/2716/2583 2477/2681/2583
f 2479/2690/2584 2515/2714/2584 2468/2728/2584 2457/2672/2584
f 2457/2672/2585 2461/2671/2585 2489/2687/2585 2479/2690/2585
f 2482/2703/2586 2495/2712/2586 2497/2709/2586 2486/2698/2586
f 2460/2667/2587 2464/2674/2587 2494/2710/2587 2483/2699/2587
f 2485/2696/2588 2498/2708/2588 2467/2675/2588 2463/2670/2588
f 2461/2671/2589 2465/2676/2589 2500/2706/2589 2489/2687/2589
f 2497/2709/2590 2467/2675/2590 2498/2708/2590
f 2491/2684/2591 2504/2679/2591 2466/2673/2591 2462/2666/2591
f 2499/2707/2592 2497/2709/2592 2498/2708/2592
f 2466/2673/2593 2501/2678/2593 2465/2676/2593
f 2497/2709/2594 2495/2712/2594 2467/2675/2594
f 2464/2674/2595 2495/2712/2596 2494/2710/2597
f 2458/2668/2598 2469/2725/2598 2518/2727/2598 2456/2665/2598
f 2494/2710/2597 2495/2712/2596 2496/2711/2597
f 2503/2677/2599 2492/2686/2599 2488/2691/2599 2501/2678/2599
f 2457/2672/2600 2468/2728/2600 2519/2726/2600 2459/2669/2600
f 2501/2678/2601 2500/2706/2601 2465/2676/2601
f 2502/2705/2602 2500/2706/2602 2501/2678/2602
f 2467/2675/2603 2495/2712/2603 2464/2674/2603
